Less_than_high_school_graduate_In_labor_force_In_Armed_Forces,Less_than_high_school_graduate_In_labor_force_Civilian_Employed,Less_than_high_school_graduate_In_labor_force_Civilian_Unemployed,Less_than_high_school_graduate_Not_in_labor_force,High_school_graduate__includes_equivalency__In_labor_force_In_Armed_Forces,High_school_graduate__includes_equivalency__In_labor_force_Civilian_Employed,High_school_graduate__includes_equivalency__In_labor_force_Civilian_Unemployed,High_school_graduate__includes_equivalency__Not_in_labor_force,Some_college_or_associate's_degree_In_labor_force_In_Armed_Forces,Some_college_or_associate's_degree_In_labor_force_Civilian_Employed,Some_college_or_associate's_degree_In_labor_force_Civilian_Unemployed,Some_college_or_associate's_degree_Not_in_labor_force,Bachelor's_degree_or_higher_In_labor_force_In_Armed_Forces,Bachelor's_degree_or_higher_In_labor_force_Civilian_Employed,Bachelor's_degree_or_higher_In_labor_force_Civilian_Unemployed,Bachelor's_degree_or_higher_Not_in_labor_force,stateId
0,28396,1059,20506,397,61458,3093,27181,2364,96813,4554,31944,1344,81919,2656,16267,CA-03
27,69422,8399,52211,677,58854,5638,32988,2595,58085,4639,26078,1177,29312,1154,6697,CA-21
0,25715,938,12957,195,47552,1978,12928,179,88491,2989,18415,47,147679,5037,26685,CA-48
0,35851,2798,26136,0,81510,4729,34172,43,102771,5067,26299,0,57801,2574,10561,CA-10
0,77666,3348,31987,0,57082,3746,28066,0,64586,3272,17694,350,118393,4952,14508,CA-34
0,10524,26,6290,1659,27185,712,10216,4061,73605,2548,19404,4407,220358,7298,39059,CA-52
65,31510,1214,10383,0,54420,1865,15444,77,92185,3722,22119,0,171634,7319,24176,CA-30
0,13360,182,5581,0,30388,559,10559,80,51984,1931,17914,338,224634,5493,44853,CA-18
0,60404,3404,29260,55,52681,2759,19026,663,72228,3377,22067,1817,84337,1806,13251,CA-20
0,25367,894,18722,154,78673,3980,28694,1388,119060,5629,39491,561,97983,2893,19432,CA-42
0,30075,1559,22947,192,57221,3807,26578,51,95589,2306,29126,103,90402,3013,15460,CA-25
0,44919,2077,22483,0,79342,5639,24436,0,85714,2969,21443,0,75488,3018,8731,CA-32
0,59445,1722,24277,0,67896,2554,20632,78,84250,5105,20518,510,106066,3645,17631,CA-43
0,60758,2480,36522,0,78101,2960,26729,90,92307,4372,24940,26,62885,1180,11653,CA-35
0,26917,1496,15855,171,45988,1763,15834,406,66824,3339,15323,233,214064,7111,24825,CA-13
0,77718,5424,36688,227,71675,4561,21571,88,76905,4945,20001,291,48032,1720,6128,CA-44
0,26652,547,11430,2226,38796,2803,10914,3854,76974,4075,21619,3165,145769,6087,26404,CA-49
0,33832,1495,12253,0,62057,2348,21081,123,100043,1929,25595,120,103682,2709,15186,CA-05
0,68917,3515,32465,0,74421,2853,20007,141,80956,3160,20238,0,79147,2159,9593,CA-29
0,18872,1319,14538,92,54526,5155,23221,51,116489,5918,30495,121,118827,4195,17874,CA-07
0,20589,654,12420,0,49438,3225,15558,154,89589,4076,18430,73,141294,3291,26513,CA-39
47,29080,1001,17254,493,58115,3803,24503,1078,99900,3218,29217,1562,96936,2795,19333,CA-50
0,25699,4122,25143,311,61320,6923,31297,2314,96597,5680,36869,506,68769,1272,12315,CA-23
0,51370,9124,30873,2400,68952,4431,32065,6011,84955,6730,26486,2034,48514,1982,9929,CA-51
0,17283,1988,15326,28,54104,2707,32428,347,94803,4510,39517,131,70944,1601,15190,CA-01
0,98989,4689,42637,0,70186,4629,21380,0,66481,3095,15359,0,32189,1576,5188,CA-40
0,13027,515,7414,121,32722,1153,10409,0,84981,2736,21442,69,205225,5929,40187,CA-45
0,36651,3805,21111,251,61481,3881,21090,552,102837,6376,31374,129,76997,1671,12332,CA-22
0,39600,3188,27790,0,79563,5235,30025,56,90244,4773,26020,64,71501,1199,14772,CA-09
0,26072,1041,12486,52,52039,1782,19421,131,70824,2202,18897,0,161953,3968,27038,CA-27
0,26391,1171,10747,0,51485,972,12290,0,76255,1992,14106,105,195739,5086,22188,CA-14
53,24203,1188,10837,105,41388,1915,18184,169,81192,4719,25301,95,121829,3604,22165,CA-02
0,25011,1224,11893,75,61268,3072,20791,160,89352,2527,21126,106,246442,4897,25912,CO-01
0,19848,1111,12771,0,70980,3864,28048,179,92362,2713,28939,246,104884,1925,19065,CO-03
0,28250,953,11867,0,72558,2258,26363,214,110359,3415,26465,435,151872,2824,21641,CO-04
0,11149,511,4580,0,44475,1107,13881,254,81032,2699,23381,161,214182,4530,33712,CO-02
0,24366,1731,8771,175,68149,2801,18290,1460,104755,3881,19419,487,172509,3479,23242,CO-06
0,13206,2004,13732,86,34655,6418,18947,301,46756,4368,15552,1598,236773,4408,18804,DC-98
0,13822,3055,13853,104,83937,5389,27815,171,70232,4829,15424,0,123655,3782,15940,CT-03
0,19390,2099,10016,0,53008,2642,14314,0,52056,2983,14042,53,173006,5534,33568,CT-04
0,10112,1773,10485,643,76982,3240,23069,2062,82255,2856,17348,1725,111025,3265,16119,CT-02
0,21109,1181,23594,0,77004,4834,43780,62,75282,2753,33202,75,50926,1195,17715,FL-17
0,18998,858,11859,307,88621,3159,35139,142,97199,3159,35888,87,72476,1051,18712,FL-06
0,23279,2262,27838,420,83224,4731,41543,2160,95193,3669,26259,581,66954,1335,9696,FL-05
0,39801,1458,26705,0,100774,5172,31228,212,95525,4295,18597,0,77483,2723,8865,FL-24
0,16156,2128,16552,396,68247,4599,43213,0,74308,3209,39396,102,45640,1592,20502,FL-11
0,17060,1236,6173,0,64746,3541,19058,230,100018,2700,18398,304,143981,3315,29106,FL-23
0,16720,1198,10423,450,68848,3827,30797,836,94404,6061,32800,977,90728,2872,22943,FL-08
0,21007,900,12083,0,73506,3472,25844,101,97106,2332,24163,512,101532,2159,20343,FL-18
0,36526,3621,25297,86,112001,7214,25757,167,96150,7347,19659,177,79029,3647,10496,FL-20
0,56181,2024,23229,0,92486,3233,24087,0,82626,1672,17382,115,98938,2230,17772,FL-25
0,14834,1407,16540,429,66094,4567,37927,1084,90193,2231,29733,420,94518,2104,20148,FL-03
0,36669,1342,20979,0,81872,5107,22314,441,109182,3225,22789,39,133749,2654,18376,FL-10
223,16744,594,10207,2070,70120,3266,24837,3595,96880,4372,23114,2297,157090,5251,26184,FL-04
0,21697,588,12117,562,61961,5708,26670,470,92919,5074,25794,205,111490,2327,21131,FL-13
0,38002,2426,18341,368,85260,3058,29290,362,90842,2987,20759,187,112781,1773,14043,FL-26
0,19894,1324,7137,55,65320,3752,19324,0,94899,4104,18097,159,142093,3165,25310,FL-22
0,28738,2553,20974,0,97227,4317,39472,0,120985,2936,33938,229,103932,2521,20061,FL-09
0,27353,1136,13844,237,79402,2395,29909,160,77627,3440,23872,91,83634,2507,27958,FL-19
0,17216,2159,16807,2260,75186,3042,38862,5983,104851,4604,34613,4988,84490,2937,18290,FL-01
0,16851,966,9988,0,70235,2709,21941,347,104292,4561,20662,284,158539,3807,28206,FL-07
0,29523,658,14577,0,67441,1422,19087,0,75906,2658,17784,423,162386,2599,23315,FL-27
0,20785,965,18356,0,77753,3605,33742,1179,92885,2276,29747,1018,87120,1349,15946,GA-03
0,18241,3207,18955,61,75084,2399,35129,55,83611,3511,21254,454,97446,1411,18504,GA-10
0,28736,1101,18377,0,76225,5318,27812,139,102931,4986,23259,0,115208,3468,14980,GA-04
0,15756,1548,19112,29,55601,4317,28489,0,72448,4676,19568,413,190623,4243,24904,GA-05
0,34450,2661,24539,43,80982,2233,34368,266,84850,2882,24857,430,73066,881,15934,GA-09
0,31934,571,15999,0,57168,1974,18175,181,91529,2904,19957,285,181814,3483,27048,GA-07
0,15962,1335,5636,0,31592,1439,9437,430,56160,2211,11352,88,238100,6396,36611,GA-06
87,19804,3699,18680,2207,70036,3426,35367,5459,87239,4741,29197,3800,82082,1595,14856,GA-01
0,25316,1073,11790,0,62265,972,18154,442,87889,2265,24813,142,167008,4738,22967,GA-11
0,19752,759,23108,606,73521,4050,35958,3655,80613,3173,23738,987,69883,1163,12049,GA-08
0,24199,1413,11197,328,76525,2293,24386,1328,106891,3132,34750,697,106895,2765,19407,ID-02
60,12562,437,8037,2537,59566,2702,21029,9375,91717,2373,20206,7488,121827,1709,17106,HI-01
0,15425,1590,17506,0,58365,5355,24356,0,88579,7945,24181,0,107387,3325,15097,IL-01
0,18211,2327,22162,0,48237,6908,29389,211,60121,3642,20573,221,176026,5343,20116,IL-07
0,16851,1760,15583,0,70023,8105,26881,0,95557,7981,23210,51,70838,3601,9784,IL-02
0,16473,232,7079,0,45650,2333,12614,63,67522,2612,13135,33,243036,4451,23803,IL-05
0,11767,1129,10904,0,60896,6616,26489,257,79688,2303,23496,0,96599,2002,15150,IL-13
0,9783,125,4173,0,44825,1355,9687,0,74038,2075,17072,0,176872,4816,28288,IL-06
0,28178,1443,9955,1326,47171,1944,18206,2002,72353,2293,13381,1343,136026,3191,21683,IL-10
0,51006,2783,25573,44,75385,4425,22744,0,65158,3680,12979,0,103281,2213,9019,IL-04
0,15262,366,11101,0,34348,1911,16405,408,58445,2053,14774,63,193376,5189,26997,IL-09
0,11042,2454,16569,0,67295,3175,30791,2453,97808,4288,26770,2330,74510,1485,10441,IL-12
0,32533,1340,11282,0,70246,3264,20390,126,92032,3939,14224,31,121213,1973,17123,IL-08
0,14566,436,12843,421,84521,3683,30897,269,100953,2785,22725,248,96777,921,12964,IN-09
0,16253,1394,15129,42,85960,4469,35919,253,89631,2910,24562,98,73722,1333,9336,IN-08
0,15730,864,13200,0,88205,4124,38553,0,91889,3777,25099,169,74968,2440,12016,IN-01
0,11793,962,8691,259,56634,2131,20518,0,80727,2918,18329,0,186562,2685,23640,IN-05
0,32941,3741,23979,228,84269,6743,37444,76,85503,3291,21568,0,94715,2067,11983,IN-07
0,13357,1342,7943,0,86297,3645,23684,53,109781,3435,17854,40,100686,1426,10389,IA-01
0,16024,1256,9885,36,81944,4517,28615,139,105245,3362,22297,172,102549,1282,12454,IA-02
123,22281,684,10729,1663,63866,2682,18650,3229,93456,1889,20755,1829,72711,1012,9400,KS-01
0,20236,830,7481,0,51226,1718,17546,424,82300,3449,16598,251,183434,2214,22425,KS-03
0,13305,1399,7848,0,67739,3029,25774,539,97319,1640,21532,1958,89184,1402,11592,KS-02
0,17006,893,16157,0,69025,3424,37217,198,88574,3689,23604,95,118797,2556,16806,KY-06
0,16311,745,25498,672,84131,4539,51285,2827,77145,2709,28555,462,54398,915,7861,KY-01
0,16798,3217,44341,0,69447,5081,66476,263,61602,3459,33335,0,40395,831,10587,KY-05
156,19421,2884,29612,1902,83792,4259,47329,3693,72768,3355,29467,1788,55542,989,12519,LA-04
0,28101,6307,25520,174,83003,6395,39095,359,91990,6149,25234,613,94468,3271,14788,LA-02
0,22565,2334,21697,203,75217,3940,29445,916,88894,3909,25737,1116,111711,2479,21586,LA-01
0,24620,2375,35570,349,84872,5685,54639,948,66082,1985,31133,302,49795,1344,12263,LA-05
69,8519,583,8891,351,72870,2858,20589,479,78571,2285,18907,541,131214,1570,16803,ME-01
134,8953,794,9573,124,81088,3703,33801,179,85430,1972,26854,190,74473,1147,11659,ME-02
0,15177,682,12488,128,79433,2295,26043,456,82536,2459,23744,246,112868,1406,15048,MD-01
52,15306,1414,8732,719,49337,2926,17336,1926,76730,3343,13708,1783,197515,4246,22998,MD-03
0,34695,1960,12970,352,81326,5114,18855,1937,87239,4942,14322,1957,136099,3460,12030,MD-04
0,20543,1382,9320,160,82056,2600,24273,2499,93435,2990,19199,1976,122144,3173,17162,MD-05
0,14707,2342,17945,53,58656,5238,31582,388,71740,4190,18192,215,138744,4390,18449,MD-07
0,14189,1504,14773,345,79243,3205,29444,3876,89320,4526,22496,1047,124203,3291,13586,MD-02
0,22402,1437,11995,51,65017,3194,25356,157,76237,3226,18339,750,164447,3353,20969,MD-06
0,26649,1603,8426,44,51682,2146,14190,896,59841,2441,13548,1950,191829,5477,21190,MD-08
0,10644,540,8575,0,58343,2893,17111,69,64560,1732,14821,238,191248,4071,26954,MA-04
0,32345,1847,14653,0,68844,4008,18891,187,67652,5123,12690,125,209503,3944,22086,MA-07
0,12580,1134,8897,107,68458,4209,22472,143,82087,2288,19108,187,148768,3046,19972,MA-02
0,15363,1672,11201,276,75538,3473,23409,716,80885,3270,19942,280,117693,2429,19270,MA-09
0,19423,348,9801,0,57712,3772,17728,0,72095,2619,14673,300,209763,4004,20256,MA-08
0,18114,2237,15744,0,80748,3705,27534,548,79721,3060,19612,577,102698,2161,13084,MA-01
0,12284,1274,5376,0,48332,2087,13580,155,53653,2116,10883,237,235405,5200,28295,MA-05
0,11107,1329,11692,12,66626,5280,33799,110,92015,3565,29641,144,72894,2124,12957,MI-01
0,17874,509,10611,44,78739,3942,27209,226,98436,2494,24726,80,91715,1642,12466,MI-02
0,11699,2799,19414,0,55867,6646,29307,76,77650,5267,25670,40,106074,2764,17623,MI-14
0,16177,1738,11892,69,75084,3961,26674,424,98760,3685,24051,0,114792,2184,14171,MI-03
0,12406,2907,15824,34,60309,6028,38129,37,99141,5434,31286,53,59877,1909,11480,MI-05
0,22345,4489,24006,0,73891,7819,39475,62,86566,4073,25109,0,47571,2255,7754,MI-13
0,16889,1176,13452,0,73830,2583,28350,19,98591,4771,23975,208,115976,2822,16109,MI-09
0,9390,1236,6004,0,52987,3361,19145,52,91215,2387,23884,0,141604,3583,23387,MI-08
0,12555,1261,5457,33,65192,2130,18416,128,113350,2497,18126,96,71051,490,8112,MN-07
0,11368,688,5678,49,71438,2506,17516,178,118559,2929,17189,364,120634,1351,10651,MN-06
0,13718,1263,5935,142,65853,2097,16177,188,101032,1471,14366,147,99261,999,11606,MN-01
0,11020,691,5679,0,47790,1122,12679,68,89381,2442,15479,96,182166,2910,21337,MN-03
0,18319,1475,9609,0,46723,2902,15472,0,85448,2913,17928,49,186278,3900,15734,MN-05
0,22673,559,18490,0,70142,3730,29063,312,98811,3645,24774,123,109605,2417,18873,NC-13
0,19322,2178,18754,244,56234,2548,31116,876,91323,2926,29180,750,131540,2570,22226,NC-09
0,11058,421,7060,660,72269,2513,18007,2705,122237,2733,19726,1631,110311,621,12246,ND-00
0,14288,1343,11607,83,74763,3282,34090,0,78429,3053,24271,102,119369,2118,14031,OH-02
0,13588,699,17782,0,91914,4927,46370,0,80245,4470,25902,55,56772,667,10548,OH-06
0,15115,577,12515,0,100018,3642,35826,99,94900,2561,24105,55,64548,891,9251,OH-04
0,11214,441,7544,0,71386,2682,24094,44,86119,2403,16427,0,123683,2601,16508,OH-16
0,13334,3745,20233,0,57654,6150,31197,386,87464,7956,24280,32,86272,4182,12117,OH-11
0,13407,1339,10930,0,89038,4878,34950,666,88079,1866,18825,239,84332,1532,12125,OH-08
0,26157,1671,13658,157,75085,3883,28726,437,100725,4252,25930,345,113463,2833,17354,OK-01
0,32896,1602,20673,133,74255,4731,35221,989,88501,2980,27418,1321,115075,2228,16802,OK-05
0,24803,806,15404,0,59796,4128,24209,74,112797,5864,25195,79,198754,3929,23875,OR-03
0,19812,2347,11641,0,70150,3077,28779,232,112806,3831,37138,0,90507,2281,18286,OR-04
0,17887,1170,12709,80,56260,1934,18713,353,52550,1319,13755,1744,86169,1338,10092,RI-01
0,21921,2033,22247,82,71949,3585,32225,147,83452,3240,24521,487,70446,588,12979,SC-03
0,22582,1474,20126,30,87970,5077,38903,133,82330,2700,27383,313,63749,2231,13416,SC-07
0,22714,2591,23624,803,64825,5476,37230,1353,67335,3770,26828,2108,65954,1638,10106,SC-06
0,16812,1478,22460,118,76652,4666,37713,206,86486,4159,28635,21,88487,3173,13380,TN-03
0,18008,3301,19262,55,75186,4368,42301,367,78534,3854,28074,64,76940,1647,14906,AL-01
0,20884,2977,25412,425,71924,4570,32426,1752,83482,3224,28761,1099,74563,996,13586,AL-03
0,18462,1925,18249,240,62230,3300,31473,160,83148,3846,26824,1201,109823,1761,20326,AL-05
0,28056,1949,25885,4,73034,3414,37708,18,86216,2862,26201,0,53990,669,10131,AL-04
0,15155,2064,22666,0,68029,4278,43187,0,69930,5001,24835,134,60560,2167,9919,AL-07
0,16481,744,22729,274,68394,2679,34367,3088,79844,3391,27155,3652,63571,1672,13695,AL-02
0,15355,503,14223,118,55096,3049,24824,453,82024,1802,22253,170,125922,2202,22038,AL-06
0,11429,1472,11359,502,73572,6229,31369,7074,97566,4470,30132,4724,93872,1590,18110,AK-00
0,19029,1988,22756,23,60298,3519,37441,128,93858,5255,40292,218,65825,1537,16138,AZ-01
0,45737,6770,27973,536,78869,5445,30020,481,91774,4395,32768,660,52724,2581,9114,AZ-03
0,14522,532,6244,0,56447,2962,17604,433,116907,2210,30439,77,143082,3926,24615,AZ-05
0,19674,2318,20632,680,69417,2368,41199,1087,97007,4778,46284,438,58203,1589,16944,AZ-04
0,73232,4980,42139,89,95170,3730,33537,44,87431,3972,24060,0,59998,1271,8210,AZ-07
0,17793,1426,14668,186,48949,2877,24285,2760,88330,3029,31713,3272,94753,2678,20528,AZ-02
0,23152,1059,16470,0,51820,2583,19747,0,105298,3588,24335,0,156075,2770,29809,AZ-06
0,21561,1202,12327,265,59393,2024,23217,843,111558,4236,34610,1028,95652,3159,19759,AZ-08
0,33210,2037,19352,0,84877,4449,33326,121,84076,2904,24240,16,106884,1911,18132,AR-03
0,17466,1263,12968,115,79431,2386,39430,1786,86564,2702,27516,1582,98461,1870,15054,AR-02
123,34720,4490,28751,84,64844,4715,31396,403,84299,4315,31756,0,58304,1849,14731,CA-36
0,78793,4991,29543,435,74711,3454,21921,0,79935,1971,16851,69,74085,2107,10972,CA-46
216,6553,292,3483,25,19494,1080,10741,162,55975,1984,14685,409,217444,7076,41781,CA-33
0,20642,778,11347,0,52971,2474,19820,783,82046,2266,19711,288,190062,5147,30577,CA-15
0,40140,2225,23392,59,55641,3695,19398,340,88119,3911,18761,423,120823,2905,16539,CA-47
0,13577,718,16160,14,74813,3328,36126,742,72441,3385,22208,268,99465,1379,16456,TN-08
0,22738,1210,21084,94,100671,3136,36804,344,86462,2600,27406,44,93500,1324,17078,TN-06
0,80695,4284,38853,0,86069,4343,34943,0,68220,3713,19336,206,38517,1030,6890,TX-29
0,32475,2133,19121,190,84925,3807,34238,671,86298,3532,27036,1347,57763,2474,12333,TX-27
0,26994,1196,20578,82,75030,3428,36504,0,94689,2274,36243,186,85540,1645,14063,TX-14
0,45103,2025,24897,0,81342,2834,35493,90,90626,4082,26072,49,65546,1630,10462,TX-05
0,27832,997,11583,335,77760,2971,25032,41,107285,2994,28278,75,185035,5134,21614,TX-10
0,54194,1701,28702,136,94886,2626,29552,899,97683,4386,26435,1392,106493,2926,13262,TX-35
0,23004,486,14702,0,60537,1933,22956,450,111083,2818,30877,363,209520,3571,30825,TX-22
0,30135,715,22619,135,71774,1713,29717,1154,80313,2287,21933,1590,70715,745,13135,TX-19
0,10610,716,5245,0,45037,1770,14554,138,92500,2330,27349,401,121495,1756,25865,UT-03
0,20987,195,9938,0,64285,2792,23214,75,109133,1805,27769,347,107019,1564,15904,UT-02
0,19363,2461,13560,2802,76030,4279,29630,11193,99309,6841,25041,6465,86461,1505,12629,VA-03
157,19585,1974,20708,740,75601,3896,34254,3492,89525,3637,26680,4065,112420,2121,15396,VA-04
0,14361,1880,10223,4420,48074,2395,17207,12695,98851,3033,21343,12037,115051,2958,17708,VA-02
0,21789,955,14789,0,86574,3351,29976,42,79471,2260,22298,373,93765,2106,14997,VA-06
0,15401,880,7504,0,56474,2563,21201,642,96014,3321,27680,83,173110,3036,30156,WA-01
0,12382,989,11066,252,54758,4531,28267,1330,101659,4202,40986,1253,91404,2271,14648,WA-05
86,19801,892,10082,1278,63715,2462,20896,3629,110129,4364,33864,1904,110883,3144,18039,WA-02
42,11147,953,10347,1832,61312,5156,26469,6330,92555,2820,33474,3455,94428,2282,21332,WA-06
0,12264,1033,23631,0,62409,6244,50703,203,50122,3596,22189,88,42404,1341,9544,WV-03
0,16659,796,11152,0,69598,4117,27085,843,97549,3165,22565,0,106147,2469,14275,WI-01
0,11658,886,4238,169,65252,3556,17034,26,103404,1808,14741,0,141406,2296,17613,WI-05
0,12929,580,5786,282,63873,1922,14863,271,92700,1522,16553,492,172203,1703,17094,WI-02
0,10234,960,4088,164,65092,1312,19315,867,83359,1652,21297,553,68999,1449,11717,WY-00
0,9559,761,12055,0,79014,4951,38037,220,75227,4135,21884,44,89357,1226,11960,PA-14
0,19929,926,10887,33,61650,2434,18191,88,56643,3365,15277,240,161721,3102,20792,PA-06
0,16255,898,14316,112,95327,3800,39204,24,65898,2359,16667,83,72246,979,11975,PA-12
0,8130,495,6432,0,43581,1820,14683,0,77738,1791,14990,231,191730,3195,24922,MO-02
0,14299,1964,15891,0,72480,4115,26271,119,90430,4933,22149,487,121644,2140,16239,MO-01
0,19395,1513,13423,360,88189,2961,32775,9,100525,2291,22570,485,113430,1979,13561,MO-05
0,15468,599,6325,198,54298,1640,13615,1752,93249,2148,17396,962,101855,962,8204,NE-01
0,17969,1987,7649,0,50773,2104,15435,482,82086,1890,14913,1178,139710,2524,16322,NE-02
0,35915,1578,19004,242,85798,4960,32365,2631,95209,5115,31209,1679,63067,2316,12755,NV-04
0,12828,1414,7691,406,75201,2313,21405,517,84015,1879,16772,0,125629,2663,16045,NH-01
0,9882,1208,7876,225,74786,4397,27020,3766,79803,2873,20542,2640,126467,3482,16905,NJ-03
0,11499,268,7417,52,56743,3294,20898,561,67877,1885,18727,291,147813,3124,23719,NJ-04
0,21063,1946,15927,108,81599,5003,35687,847,78127,2818,19391,283,84066,2788,13736,NJ-02
0,9155,575,3585,0,46244,2338,13215,53,57615,2646,11911,0,197972,5497,27659,NJ-11
0,44690,2307,20293,0,95759,3509,27079,427,64388,2232,13112,0,150501,3427,19453,NJ-08
0,26348,2173,29365,336,58944,4368,33647,1738,77720,5033,29560,559,52481,1158,11118,NM-02
0,14325,859,10953,159,57111,2477,21087,308,85339,3828,16905,502,139273,3927,16662,NY-20
0,13249,1004,20926,2085,73639,4211,41584,2823,80184,2357,25824,2219,74384,1305,12327,NY-21
0,24816,759,10594,0,61751,996,18156,0,70889,1906,18010,177,155853,4392,18662,NY-04
0,15434,1597,16841,0,67357,2574,32358,184,84934,3053,21202,197,80794,1710,11391,NY-22
0,13594,1152,14150,179,74736,3418,30901,254,80556,2509,24880,540,97532,1718,13997,NY-19
0,11070,834,8749,176,71334,2128,27988,450,93049,2957,24256,64,115919,1823,15683,NY-27
0,46074,2043,21250,0,85899,4467,24047,0,71432,3208,17337,0,105931,3555,12439,NY-14
0,14677,1290,15602,296,67871,4102,25324,348,86167,2692,21792,250,107007,1188,12947,NY-24
0,37975,2342,14380,198,58275,2648,19087,1384,84726,3332,22704,896,104259,3353,17713,CA-26
0,43154,2040,17814,187,56253,1729,16849,465,87308,2820,17747,33,136379,3955,16494,CA-19
0,39841,2481,16011,1285,47050,858,16533,442,79560,1752,21960,1063,96438,2948,16666,CA-24
0,30202,1415,20519,77,70959,5171,28979,486,100316,4725,25989,101,105980,3704,14821,CA-06
0,35820,1634,17697,0,47505,1955,17497,0,80559,3588,22640,0,149196,4233,26080,CA-11
0,29591,3325,29595,853,67562,4118,33413,3633,76990,5051,36907,1701,46667,1987,11401,CA-08
0,22173,1071,10792,37,50357,2997,16568,0,80424,5073,15886,87,185275,8945,28373,CA-28
0,25366,2895,10638,0,35403,2804,13407,89,62618,1974,16375,77,298283,8037,24873,CA-12
0,14534,952,9201,86,51566,2448,24791,1303,95642,4022,36664,354,117639,3201,22043,CA-04
0,56594,3606,30513,125,84165,3043,31183,51,94492,3877,24912,162,56108,1228,11213,CA-41
0,20546,1011,8833,0,43643,1986,9285,71,64864,3443,16908,321,256159,6104,44858,CA-17
0,40717,1732,19131,0,67609,3234,23428,220,97986,2864,22523,79,80089,2769,12807,CA-38
0,11637,1423,8428,2788,61810,2483,29877,5913,105012,5724,34161,7669,126074,4910,24303,CO-05
0,33777,1537,12134,0,79073,4160,24740,77,98712,3223,21689,360,149429,2703,16305,CO-07
0,26094,1943,18992,318,99824,5636,38431,2640,103675,3689,24621,1426,147504,3334,19546,DE-00
0,14069,1996,11707,246,67074,4531,19791,469,83376,3911,13016,332,131739,1842,18729,CT-01
0,20158,2467,13750,0,76094,3984,19733,136,73100,3949,14658,155,121200,3037,14461,CT-05
0,25848,1294,16656,155,85149,3486,26446,943,87842,3405,21358,1911,155831,4909,22604,FL-14
0,24379,1796,11904,0,83609,4432,29608,1032,96304,3773,29383,457,102676,2489,23559,FL-16
0,27583,1410,21070,0,88399,4768,33049,615,107191,3848,28264,429,95079,1943,16910,FL-15
0,15165,1593,14148,0,76083,3915,36330,207,91848,4027,32850,277,106485,2331,16300,FL-12
0,17575,1495,25544,143,67166,3245,43642,826,81387,2197,30141,1316,69676,2408,14453,FL-02
0,32429,1312,12169,34,66254,3469,18072,0,88090,3024,17995,43,116623,2847,20487,FL-21
0,24613,1190,13176,128,86758,4603,28847,0,103424,3947,26190,78,117688,4275,11843,GA-13
0,15899,3845,23606,601,69046,5790,34917,4694,81328,5356,28781,1169,48386,1619,11519,GA-02
0,37387,2200,26499,214,83163,4611,37356,0,90222,2495,24280,164,58518,979,10148,GA-14
0,23811,1828,22496,214,78188,5168,42215,3106,75043,2658,28493,2809,69455,1278,11064,GA-12
0,23167,1101,13732,0,88637,1753,31492,874,136989,3736,38687,404,99817,2075,23710,ID-01
0,12633,884,5906,2392,78664,3267,28041,3960,85056,2606,23538,2761,80380,1888,16491,HI-02
0,7971,1491,8745,45,65200,3406,24463,181,84155,3136,21018,185,110351,1278,14627,IL-18
0,13292,292,5953,0,58000,2696,17049,71,90067,3153,15328,0,150097,2463,23337,IL-14
0,15160,1825,11916,0,78019,3889,26597,163,96994,4642,23932,0,73622,1105,11459,IL-16
0,18088,1470,17264,48,73094,4787,32353,454,87519,4714,23004,30,58374,1522,8314,IL-17
0,24286,2616,13492,0,63121,4641,29361,0,84043,4103,19500,0,105094,3449,15195,IL-03
0,31123,1284,13120,0,68459,2329,17054,66,79382,5146,16819,157,128759,2401,16334,IL-11
0,12093,1203,16917,0,69845,3966,33101,332,99540,2580,27547,235,68526,939,9893,IL-15
0,24768,1447,19852,17,90217,3403,32159,0,83648,2276,16936,60,69290,1453,10718,IN-02
0,16828,712,17684,0,92440,3733,34250,463,88571,2896,20165,377,72907,1088,11289,IN-06
0,27014,2649,17329,177,83685,3259,27903,150,97844,1608,18192,144,83663,1024,11717,IN-03
0,21555,1615,13621,0,86192,3066,29351,0,94269,2368,20992,73,93771,906,12308,IN-04
0,17279,538,8651,6,79549,2107,20752,163,112189,1968,18812,64,86700,1360,9210,IA-04
0,19267,1237,9788,0,72865,3104,24119,381,118899,4222,21054,240,147492,2039,15665,IA-03
69,20967,1143,11150,74,65059,4434,23316,1908,93406,3553,24510,832,95772,2092,12449,KS-04
0,19667,1550,20804,220,84435,4239,42691,2435,92897,4234,30084,1347,75295,944,13090,KY-02
0,14680,1403,15001,0,66000,3995,27707,112,91679,3173,24951,312,125376,2687,14814,KY-03
0,17926,1317,16795,124,78309,2836,32212,81,94740,1839,28338,0,108257,1227,12134,KY-04
0,20263,2467,18924,206,84681,5334,35042,138,90492,3166,20321,82,113758,1389,16971,LA-06
0,22778,3060,25013,0,92960,5616,48000,249,78192,2848,28332,401,81545,1253,15872,LA-03
0,16846,988,9015,0,64089,2346,16745,159,66523,4163,14888,153,181694,3781,21092,MA-06
0,20327,1481,15059,0,79423,4379,27113,180,85908,2286,18053,287,146419,4708,16694,MA-03
0,11752,2096,13846,46,71504,3621,36099,0,93669,3065,27347,61,88216,1479,12040,MI-07
0,16965,1358,13769,100,66663,2902,29627,45,95553,3644,21811,97,86749,2099,13365,MI-06
0,14868,1490,12562,169,71572,3771,30547,280,105870,3464,27868,161,85482,2037,13711,MI-10
0,10987,1528,15285,0,70742,4448,36343,101,86983,3184,30228,13,71625,1560,13687,MI-04
0,7187,165,5307,0,43306,1459,16399,0,87766,2872,19950,218,178787,3211,28496,MI-11
0,13064,1091,13509,132,60932,3389,25291,0,82098,2803,23639,286,112767,2058,16061,MI-12
0,12289,935,3512,0,57369,2559,14050,296,108391,2851,14398,192,145476,1638,14143,MN-02
0,10813,962,6585,99,67441,3226,25687,250,108228,3444,24361,306,74461,1367,9046,MN-08
0,15702,800,10304,0,55001,1996,17864,0,81364,2724,16845,264,152148,2330,20147,MN-04
0,25429,1242,15399,0,59506,2899,18179,63,112146,4725,24172,384,164781,5177,19777,AZ-09
162,17798,1871,23135,299,92206,3818,47411,288,81460,4676,28017,177,51844,698,9792,AR-01
0,16135,1433,20607,63,82610,3626,47859,140,82521,2617,25208,0,51925,870,8824,AR-04
0,65844,7637,41245,245,59487,5487,27030,454,74635,5869,31047,90,38198,2035,7173,CA-16
150,51669,1877,21382,0,47246,2432,17572,511,79732,3212,19047,554,156088,4981,18738,CA-37
284,19291,2398,12324,2313,55958,4282,15544,6604,110608,6159,25102,3810,153763,6068,21151,CA-53
0,38994,2526,25608,144,66816,3769,28281,56,92681,2427,30933,0,89171,2737,14201,CA-31
0,23380,1517,21959,291,95679,3959,37527,244,100428,4458,24408,60,87549,1710,14804,TN-04
0,13285,671,16517,0,66133,3876,34661,40,79396,3178,20884,43,82631,1100,14133,NY-23
0,25434,1539,15631,0,59692,4464,17969,50,65801,3439,18846,0,140627,4362,19518,NY-16
0,24988,1532,14779,134,68969,2228,28293,282,67069,1981,18008,36,137353,4268,20489,NY-11
0,48844,7612,45092,0,75927,6864,33697,270,70239,5709,28105,0,49326,3108,7715,NY-15
0,22980,2078,22785,0,83354,4567,38137,251,68812,3582,18714,189,143827,3231,16544,NY-08
0,9476,579,8534,0,28403,1134,10097,0,31140,1998,14035,310,309234,6207,35089,NY-12
0,14220,768,11529,229,64393,2014,25358,914,89130,1766,20144,894,118086,2182,18216,NY-18
0,27726,2311,23322,0,63818,4015,34114,142,87300,3225,23005,84,102469,2516,15300,NC-01
0,26382,1642,17277,383,70545,2907,34141,2759,98347,3543,34515,814,92154,1438,18662,NC-07
0,17831,2744,14366,17,65206,3352,28319,2255,111292,5001,27408,2066,162433,4639,25883,NC-02
0,33380,1351,21824,189,80098,3346,36016,266,92401,3711,27544,7,87635,1958,16049,NC-06
26,20457,1836,14344,3428,64551,4990,30595,4888,94767,4269,34176,5479,70593,1787,16513,NC-03
0,23596,2264,20234,341,73733,4291,35152,514,104762,2460,25771,279,89689,1899,13756,NC-10
0,21924,1462,8637,0,46569,2113,16154,108,83209,1831,18938,338,233180,6199,37411,NC-04
0,25034,1735,20167,0,69378,4299,31390,94,98372,4269,26724,326,88889,1827,15373,NC-05
0,13794,1629,11166,0,71250,4209,28786,129,83460,3167,16583,61,133701,3255,18088,OH-01
0,23855,2081,21214,0,75758,1866,30387,428,99567,3899,30777,232,82625,859,16359,NC-11
0,20948,1484,15859,2303,72642,4366,24991,9496,105894,4245,33125,9182,90631,2517,17564,NC-08
0,36770,3430,14381,34,58913,3206,20923,25,123570,2517,21323,239,191168,4422,24230,NC-12
0,22026,1769,17557,0,99225,2543,32515,50,84550,1896,18676,260,70120,1007,8994,OH-07
0,14909,1247,10353,0,69321,3768,23629,287,84226,2978,18691,409,115490,1847,14823,OH-14
0,25039,2949,18319,0,88113,5535,27168,46,104988,5305,21259,153,122434,1576,12802,OH-03
0,14299,1889,11306,43,62127,3490,24976,541,96566,4543,27244,2310,98891,1470,14165,OH-10
0,11461,1220,8659,0,82670,3487,24772,177,98728,2249,19715,173,94477,1207,12958,OH-05
0,14690,2222,13521,54,84035,4300,39975,202,86084,3815,21365,0,73102,2354,12601,OH-13
0,12056,1269,16512,0,79634,3211,37275,278,87899,1988,24188,62,137373,1932,16661,OH-15
0,19558,2408,19902,0,73126,5524,31564,193,89206,4391,22718,0,78093,1304,9941,OH-09
0,10759,726,10700,7,63690,2960,27548,442,88184,1869,19835,250,164556,3621,19356,OH-12
0,18424,1945,25133,17,84942,4403,45613,143,81594,3862,35278,83,51643,599,9671,OK-02
0,23518,1291,21638,14,91644,3219,38732,640,80417,2919,28265,1375,76339,891,13172,OK-03
0,17324,1331,14734,1480,81762,3780,39311,4353,97251,3680,26217,3086,87272,1478,14038,OK-04
0,22030,597,11557,50,63420,2892,28106,58,111625,5125,30175,441,166971,3490,24432,OR-01
0,27727,2528,14963,99,67884,3739,25097,183,110219,5365,33785,234,113554,3590,21206,OR-05
0,24880,1877,16876,46,73533,4444,35612,105,108595,5929,36052,124,90058,2287,18462,OR-02
0,12271,650,6404,297,54530,1835,17351,0,65630,2765,15989,311,93438,2132,10121,RI-02
0,18378,891,10847,1248,68309,1868,22835,3064,99853,2273,24169,1558,142244,4427,23324,SC-01
0,22869,1708,17830,0,64840,1802,25842,277,96006,3881,23696,88,113509,1831,18659,SC-04
0,17261,2542,17196,427,75492,4143,28384,1981,98070,2998,29012,884,88432,1587,14312,SC-05
0,18092,2542,11641,280,61035,2592,25980,1960,83884,2824,24817,2122,115321,1454,17601,SC-02
0,18457,1495,11143,13,89160,3051,28072,796,123165,2045,20172,549,121581,1518,13013,SD-00
0,17026,3050,25288,53,84957,4096,44507,60,79298,2764,24128,187,69991,1525,13660,TN-01
0,27719,746,14748,0,67979,3514,19312,18,87563,2054,17537,320,177026,4525,19511,TN-05
0,15543,1550,17124,1481,74805,3084,42974,4735,80723,3121,25238,3126,111774,1986,23400,TN-07
0,16869,1146,18499,474,75484,2800,30465,1002,85009,3105,24614,347,105082,1912,19932,TN-02
0,23518,2698,19591,44,72658,7380,37877,655,83638,4702,21220,456,80754,3049,8197,TN-09
0,50041,3093,29953,0,70474,3692,29055,356,78628,4461,19206,1898,63072,1402,8960,TX-28
0,29267,1440,18653,283,67453,4609,30091,0,89498,3766,29839,0,61017,1388,12562,TX-01
0,29912,1037,10537,0,50177,2965,14477,65,87480,2489,18324,358,178928,4409,32453,TX-07
0,27675,1119,14247,268,80169,2253,22340,556,106387,4845,24982,275,116814,3293,18528,TX-06
0,28022,1307,17195,114,67594,4214,27998,173,87315,1758,25862,970,107797,2180,18079,TX-17
0,30007,3445,20152,163,83760,4380,42498,38,97850,3327,29823,192,62858,1887,12722,TX-36
0,25799,4249,20510,1476,65201,2912,25492,5484,88641,3532,28019,5096,76983,2507,13515,TX-16
0,29897,2276,9655,131,64040,2564,12457,78,101547,3208,16340,158,205040,3468,34644,TX-24
0,98514,3577,39735,0,80815,5322,29486,71,56514,3753,15932,0,39752,2275,7249,TX-33
0,34486,1921,19928,0,86027,3190,29792,1511,98546,1320,28459,408,75438,806,12915,TX-11
0,55568,2055,36388,160,70947,4046,29885,653,75088,3702,20743,860,68374,1943,12946,TX-15
0,40614,743,29119,225,78207,1959,32507,2461,81467,2736,25058,2035,81996,1318,14299,TX-23
91,26123,1263,17851,556,86524,3129,30460,704,106369,3930,24383,547,121189,2642,20277,TX-12
0,33594,585,21982,124,76031,2098,40393,111,102360,4435,34437,0,121170,2185,25050,TX-08
0,47975,2117,33063,0,63907,4657,31420,208,69379,2085,21310,609,43125,996,6995,TX-34
0,47921,1838,30157,51,76871,8165,38917,112,88158,3975,21864,125,83418,2353,9360,TX-30
0,56993,2197,33580,0,82245,5473,39639,212,88227,5586,23014,0,90526,2244,11452,TX-18
0,31020,2559,13505,63,56623,3533,16715,0,81866,2681,24395,62,164391,5545,26556,TX-02
0,42599,2299,22887,274,76951,4490,28048,2009,105626,3952,24016,1982,89850,1677,14497,TX-20
0,20689,182,7258,202,58007,2863,15997,535,98547,3608,22091,1337,178952,2442,33936,TX-21
0,21784,913,10058,1024,73474,6096,23480,5291,125220,6035,32437,4161,145927,5011,22137,TX-31
0,20246,683,16720,1123,63294,3584,30144,2528,85489,3780,27215,1118,154477,2800,23485,TX-25
0,35307,1697,13168,214,53276,2239,15590,0,88064,2604,18291,0,160097,4215,24426,TX-32
0,16866,216,6947,28,55413,1390,15732,69,95100,2583,24794,46,235437,9311,37671,TX-03
0,26948,908,19995,0,76633,2912,38538,38,101958,2970,31525,112,78989,1607,13998,TX-04
0,29857,842,21434,0,81981,2087,33076,1512,84033,1655,23797,822,60805,2049,9850,TX-13
0,23935,626,9686,52,66705,1504,16731,94,115950,3508,25729,247,204451,5037,28031,TX-26
0,60533,2924,25066,0,75923,6266,25960,0,85483,2920,21063,582,89008,3813,15960,TX-09
0,10424,354,9667,0,64610,2872,22304,124,66874,1462,14381,299,112381,1812,12793,VT-00
0,17833,542,8980,229,75949,1528,21879,864,102344,1531,25479,1013,103533,1449,17146,UT-01
0,21898,1266,9383,75,79672,2004,19127,304,116892,2971,27880,196,129326,2287,18021,UT-04
0,21855,891,12401,1051,76712,3211,24462,2464,94463,3713,21925,3289,140974,2999,21551,VA-01
0,18825,1506,8446,0,44959,820,14023,308,80020,2174,17143,1667,231992,3483,30623,VA-10
0,20123,2358,15885,58,70766,2921,32885,277,82687,2626,25264,632,93246,1826,15996,VA-05
0,20998,1261,11282,392,72392,1454,25044,678,89412,2720,21660,514,150484,4141,23229,VA-07
0,28599,478,6206,119,47119,1336,9836,1635,70147,2859,14716,3963,216998,4828,28069,VA-11
0,13202,1244,24658,65,68192,2807,45569,474,79367,2986,30117,236,68457,1454,11261,VA-09
0,27881,332,8256,455,38514,1136,12289,1852,58783,3485,13771,10731,268482,5523,27971,VA-08
0,19280,1683,12136,108,74287,3674,27199,746,106385,4683,35309,193,85696,2287,17327,WA-03
0,20857,2196,11884,1618,73843,4506,29657,7197,110989,4674,31288,4600,88890,2296,15149,WA-10
0,46282,3876,22301,57,68533,3979,23448,245,78130,4256,27404,0,65656,1345,9831,WA-04
0,15099,409,6054,359,37982,1047,12010,72,80111,2896,20326,166,284602,8139,30260,WA-07
0,28701,1713,9583,0,59505,2497,16914,52,89912,4521,21985,207,169806,3589,24204,WA-09
0,24040,1070,8700,0,64945,3709,24381,642,99607,2360,23159,404,130089,3015,20652,WA-08
0,11255,2044,14277,34,70775,3738,37179,123,62425,3021,22984,278,64773,1320,9743,WV-01
0,13979,781,14863,0,80137,4655,43371,753,65761,3095,20209,1065,62276,1281,11720,WV-02
0,10254,909,8481,5,76643,2129,26865,24,101214,2556,20880,1,87679,1163,11606,WI-03
0,23877,1844,18683,0,68934,5372,33598,37,79874,3618,22809,0,95559,1527,11776,WI-04
0,14414,797,8513,0,84669,3462,27112,62,107970,2477,22726,42,80083,944,11326,WI-07
0,12972,700,8318,0,85078,2144,24527,157,99073,1485,21954,173,97350,1364,12676,WI-06
0,13563,603,9268,14,89046,2843,23148,254,110914,2336,17973,0,99999,698,10965,WI-08
0,57663,19075,135761,75,205504,38092,213232,988,261905,35640,147926,1171,370949,23567,110522,PR-98
0,26554,3200,21943,29,76778,2234,37167,928,102956,3046,27388,763,72611,943,10594,MS-01
0,20397,2503,24916,0,59514,2916,35692,534,87930,3120,30982,1073,83235,2184,14853,MS-03
0,18366,2725,22475,792,66528,7519,40216,2583,106910,5432,34619,2462,68169,2651,12932,MS-04
0,18511,3603,25864,52,64523,4479,42897,137,81805,5375,29943,99,50681,2422,11107,MS-02
0,8694,906,8003,93,57310,4494,23534,264,75197,4346,21196,185,140855,3512,17895,PA-18
0,14784,1135,11252,86,91654,4304,27475,44,80233,3066,19502,109,104259,1922,15207,PA-07
0,27969,3629,32350,0,88345,10651,43122,41,70400,3860,17190,141,79789,3191,11121,PA-02
0,6792,831,5821,63,58173,2841,19894,194,84142,2945,19094,243,157849,1924,18482,PA-17
0,11290,620,5776,0,71999,3669,17121,690,76683,2195,16882,206,150058,4150,17530,PA-01
0,18536,715,14160,84,108272,3716,40954,310,67464,1760,18059,158,65563,818,9521,PA-13
0,11710,1097,13267,145,81724,3843,35534,287,66864,2922,19637,485,89682,2159,12784,PA-16
0,14813,933,12709,0,88916,4249,40074,109,81884,3539,20691,435,77871,1569,12782,PA-08
0,19871,1078,11618,81,89362,3112,26517,68,82854,1817,18556,1519,116495,2277,13705,PA-10
0,23638,1314,16690,0,94115,2170,27533,497,75069,1917,13448,86,99687,1272,10091,PA-11
72,17272,1025,14552,192,104456,3607,37514,391,78722,3207,17003,26,74699,565,9067,PA-09
0,7566,784,7907,0,59250,1282,20389,666,70183,2252,14264,375,174894,3988,20175,PA-04
0,10343,1207,13343,61,102352,4292,44777,330,70073,1699,19419,227,66945,857,10521,PA-15
0,14687,1029,11140,0,70558,5379,26670,65,70079,3461,16588,0,132305,3036,17928,PA-05
0,12163,3720,17098,0,63647,6308,34260,460,62973,6860,23102,165,151960,5370,21432,PA-03
0,19641,875,17912,0,80517,4141,39109,501,94349,2302,27141,195,86588,1344,14035,MO-07
0,12945,807,14541,115,88019,2681,35742,339,89475,2365,23385,788,108266,1968,12092,MO-06
0,21281,2226,24209,268,88185,4988,49460,48,79522,2802,26798,268,57771,632,11680,MO-08
0,17575,1314,12935,0,85006,2737,33329,455,114192,3119,23992,137,109051,1573,15428,MO-03
0,15306,767,17248,714,81596,2611,36868,2723,85689,4018,25951,2422,86819,771,15192,MO-04
0,14350,951,11642,93,102596,3998,37429,705,133861,4819,37314,1000,156732,3349,25202,MT-00
0,16588,621,7642,0,61847,1554,16643,94,92930,1544,14664,19,65005,488,6143,NE-03
0,60441,2857,29754,0,83178,4398,32188,0,78421,5223,24143,101,49629,2372,13291,NV-01
0,17889,627,8564,0,86631,3332,24601,522,131364,4468,30121,330,136477,3629,24504,NV-03
0,31792,2467,12895,43,71499,3460,22880,695,103955,3337,29346,443,86631,1846,14060,NV-02
0,11477,1322,8019,0,73701,1956,23800,161,82896,1214,17203,27,118986,1951,15112,NH-02
0,16785,1581,11127,101,75484,4680,29116,67,85287,4298,19584,327,120840,2867,13228,NJ-01
0,23392,2307,16932,0,83813,6796,32058,0,84464,3752,19090,517,124017,5097,15406,NJ-10
0,11288,1057,4708,0,51117,2295,15184,0,66600,2776,15538,0,178173,3944,24977,NJ-05
0,13842,995,4434,0,50770,2820,17018,144,59810,2487,11467,54,196037,5681,26577,NJ-07
0,31921,699,12156,0,90961,3673,28323,250,72421,2225,14547,0,134816,4973,17970,NJ-09
0,23571,931,13875,127,71245,2501,19100,7,73247,2475,16800,0,145771,3941,23790,NJ-06
0,23134,1500,11505,0,60234,6203,20349,109,58509,3262,13755,0,164899,6051,26451,NJ-12
0,23376,1678,15331,176,55784,4262,27601,1290,82276,3823,25350,1085,100279,2789,18272,NM-01
0,20366,2590,17810,0,59773,3740,33255,1389,88194,3918,31935,647,70808,1963,13950,NM-03
0,21424,708,11032,7,74009,1879,19112,229,91255,1527,18643,102,116957,2019,13860,NY-02
0,14305,733,15804,0,51414,3037,19304,0,84425,3277,18437,80,136176,3865,19027,NY-25
0,9990,1476,7753,37,35224,1614,13584,95,59683,1851,12986,0,186780,3099,32998,NY-03
0,22723,1146,13197,0,37156,934,16883,0,28890,1256,9340,0,240297,8033,28620,NY-10
0,45261,6718,31191,0,74249,3606,27834,47,67907,6391,17594,0,135417,4793,13828,NY-13
0,11109,1147,13423,0,63322,2900,27764,370,93671,3424,25435,34,108853,2591,14500,NY-26
0,23015,2382,15873,172,70175,3123,23786,208,63206,3318,18784,0,153561,3851,15851,NY-09
0,18235,671,10694,308,69763,2751,23002,214,80306,2122,17483,172,124947,3122,18180,NY-01
0,45699,2993,25832,175,63735,2317,25697,0,52728,2517,15789,0,143693,4615,15181,NY-07
0,22904,1411,9417,0,46618,3599,17331,59,64157,3331,14356,0,162545,4453,23720,NY-17
0,32228,905,15075,0,71445,1816,22146,60,69820,3363,19132,145,139408,3496,23727,NY-06
0,35882,3043,19004,0,83722,4741,28403,35,89000,5567,23274,198,94293,3127,13672,NY-05
