Under6Years_WithHealthInsuranceCoverage,Under6Years_NoHealthInsuranceCoverage,6To18Years_WithHealthInsuranceCoverage,6To18Years_NoHealthInsuranceCoverage,19To25Years_WithHealthInsuranceCoverage,19To25Years_NoHealthInsuranceCoverage,26To34Years_WithHealthInsuranceCoverage,26To34Years_NoHealthInsuranceCoverage,35To44Years_WithHealthInsuranceCoverage,35To44Years_NoHealthInsuranceCoverage,45To54Years_WithHealthInsuranceCoverage,45To54Years_NoHealthInsuranceCoverage,55To64Years_WithHealthInsuranceCoverage,55To64Years_NoHealthInsuranceCoverage,65To74Years_WithHealthInsuranceCoverage,65To74Years_NoHealthInsuranceCoverage,75YearsAndOver_WithHealthInsuranceCoverage,75YearsAndOver_NoHealthInsuranceCoverage,stateId
36493,2294,84979,2540,49564,3647,54402,5168,55089,6042,56458,4853,61095,3266,49676,169,34570,0,CA-03
52422,704,113994,5429,45147,7663,57507,9390,49619,8930,43395,10000,36856,6163,28224,566,20150,584,CA-21
22334,682,54908,1728,31889,3122,49638,3243,48202,4684,56094,4816,65737,3063,52907,239,41650,47,CA-48
46062,1378,108876,5464,49146,5678,65179,7391,67290,8367,61595,6947,64618,5044,45969,336,32997,0,CA-10
15473,398,34561,1579,20945,5554,40261,11364,30584,7584,22496,7267,19453,2525,15051,519,11971,512,CA-34
30306,615,64450,1931,38609,3889,64182,5955,59534,3221,59947,4167,65863,2429,47224,210,37368,67,CA-52
25020,590,51940,1845,30188,3766,52341,4639,59307,3433,64960,6880,64154,3758,52475,419,42024,4,CA-30
26685,747,73658,1913,29677,1624,50231,2690,52947,4463,64153,4065,65065,2162,48594,211,40178,59,CA-18
25440,794,65614,1851,41856,1926,39985,5172,45153,6009,43122,5574,56286,3383,50270,67,31132,0,CA-20
42228,1480,89531,3339,34902,3552,55910,8453,60946,6789,56810,5255,60400,4268,41289,287,33540,168,CA-42
30055,699,90852,1931,37994,2982,42920,4635,55945,5121,63363,4521,65619,3310,38465,205,30214,0,CA-25
22202,382,52966,2524,31617,3421,37951,5655,37438,6706,36071,5586,42568,4774,34782,314,25301,136,CA-32
27983,505,50147,2785,26021,5251,40672,8744,35537,7859,37261,5520,31868,4041,21581,642,15932,258,CA-43
31211,1152,70560,3185,34654,5188,48673,7696,46011,8731,40615,8279,39132,3832,26058,824,18032,232,CA-35
19056,162,29660,151,25552,954,52583,2640,47816,1635,39847,1202,36707,895,30838,493,20053,0,CA-13
28275,475,58805,3319,29082,6516,38672,7994,30404,10823,29770,10065,30142,5811,21530,347,13378,0,CA-44
40542,777,85448,3992,36328,4825,55186,10678,61968,10715,66461,6162,75495,5719,62028,698,41872,86,CA-49
24947,491,55635,1335,30780,2629,44083,3218,51308,4026,52718,3573,69375,2132,62711,16,41604,0,CA-05
27316,1401,66018,3286,37051,7243,50540,9640,48709,9661,42626,9765,44655,5057,30889,272,21100,174,CA-29
26462,388,63579,2834,30142,2638,46016,4837,52238,4512,57690,2933,65622,3862,53673,35,36008,81,CA-07
21706,260,51666,1629,32451,2971,37369,5958,38625,4343,46817,3388,51335,3651,38873,330,29777,74,CA-39
42960,1430,98727,3090,43242,9069,55650,9670,63643,8200,62912,6708,75338,7939,60106,465,42363,284,CA-50
42184,589,97746,3093,38644,4098,56593,8609,62918,4712,53275,4177,61379,4103,47874,298,33402,0,CA-23
41560,2156,89308,6102,37290,11060,51342,12932,54355,13398,47201,11085,44011,7794,32525,1313,27716,405,CA-51
35132,674,81604,2609,45523,5982,52682,7454,63015,5009,58859,5042,84887,5058,81801,391,55955,93,CA-01
31754,822,77355,5653,38767,8792,37723,12972,35945,13821,40424,12707,35816,6393,22757,691,15088,441,CA-40
27270,425,66960,2690,38843,3848,52756,6704,52349,3815,63873,2982,71676,2784,51281,96,40112,0,CA-45
45411,826,99801,2389,40181,5859,57802,6914,56930,5948,47341,5447,52260,3090,44183,270,29716,238,CA-22
30804,79,68719,2939,30745,3433,43324,5212,44610,4379,49057,4447,47833,3519,39345,721,29758,140,CA-09
15255,284,33945,550,20266,1544,27998,5163,30337,2474,36628,2083,36495,2193,27923,244,26201,184,CA-27
18147,185,38708,1327,21764,1300,38214,3989,39854,2032,43256,1114,43692,1956,37282,41,29927,0,CA-14
27237,534,77166,1710,32708,1970,42857,6045,60645,3981,68807,4108,84987,4963,85891,225,55514,237,CA-02
42686,1377,78429,3008,47642,6958,122533,16032,98925,10751,70951,6991,67974,3405,54241,485,31898,292,CO-01
37576,2092,100657,8183,44370,7273,63058,12872,72522,13679,68324,8449,86367,8723,85635,203,49686,61,CO-03
54409,2733,128614,7435,53587,6604,75384,12155,94744,11172,94312,7452,94652,5494,70875,167,42210,662,CO-04
40321,668,105537,4055,78812,7213,81017,9905,90785,6552,88105,5617,95313,6129,75823,250,42896,88,CO-02
39149,1465,97656,4707,38074,7531,66496,8364,75350,10327,75268,5719,75980,4067,54454,611,33191,237,CO-06
19008,271,21384,454,36151,1525,76104,2070,51976,553,29549,1237,22921,646,18709,222,13977,0,DC-98
23142,758,62457,1307,46834,1608,54344,3950,50188,5375,64481,6158,78323,2935,60878,365,46006,22,CT-03
31817,1524,83725,5472,36578,6477,43622,6162,54909,6993,72205,6732,75004,4655,50727,578,43003,305,CT-04
30881,583,80613,1290,55045,3185,52551,4933,60435,3158,74967,4671,94678,2504,71235,44,48315,0,CT-02
31316,1190,68255,5784,32318,12287,36031,13847,48521,12099,55635,14586,85409,16900,126950,802,119087,146,FL-17
25631,2135,64192,9053,32774,8375,40572,14654,48857,14385,63361,13601,91853,15044,102635,786,76406,127,FL-06
19127,2330,36535,3947,33428,5369,33081,10174,28761,8397,31525,6349,39925,4533,32930,232,21505,194,FL-05
21871,944,37978,3631,16824,6730,31884,14325,33943,15454,30668,11679,34989,10570,28275,1107,22189,353,FL-24
30469,1476,65519,4337,23046,10368,37758,14841,42313,12303,53595,12988,87860,12042,151134,371,132787,57,FL-11
31620,1710,73561,5704,38007,6661,43402,10114,59177,10440,71477,10862,72592,8304,56421,876,46220,708,FL-23
29144,2523,74109,2759,34586,7697,41974,17519,50287,12135,65511,11338,94560,13224,98307,337,83294,379,FL-08
25337,2266,71628,8753,29639,10831,45215,14052,51174,12784,63759,10665,88885,9121,93373,636,90755,287,FL-18
18894,3389,34730,6232,17213,5865,25636,13394,29113,11019,30744,8823,31099,9760,25150,384,29670,255,FL-20
40849,1730,94498,9401,45099,14813,55667,22433,65905,26212,80042,24460,77572,16988,69004,1928,69909,1664,FL-25
28962,2202,76924,5300,55325,8251,47103,13471,49974,13874,54250,11756,71301,6305,63112,678,43958,56,FL-03
23939,2464,57460,6780,28326,5673,56236,12510,50374,13596,50610,9264,52915,8014,36140,171,21382,179,FL-10
38238,2522,90473,6155,37012,6395,61370,16025,77349,8810,74741,10049,87136,9882,76686,267,49828,52,FL-04
22677,721,50599,4503,31814,7803,49655,12791,51055,11307,60376,12857,89676,11563,83414,591,68252,102,FL-13
43549,1336,90140,6980,35675,13736,47941,20913,66035,19424,78218,20412,65699,14171,59020,1733,42248,920,FL-26
26132,2656,60756,9160,29162,6809,45364,15796,52794,11136,70917,11998,78686,11280,75376,878,72064,631,FL-22
44235,1450,104976,10300,49359,11497,65661,14357,75445,18112,72893,13521,70696,9017,68862,2365,51833,188,FL-09
28843,1931,65511,6900,35183,7878,43184,14883,47104,16603,57984,16982,95230,10183,131619,744,122517,260,FL-19
36546,2631,77403,6765,35120,7781,50792,19694,56382,9224,64135,10601,80513,11259,68538,220,46276,0,FL-01
33513,811,78960,4321,55664,10257,68024,13769,69633,11384,69231,9370,67903,7338,56185,250,42047,55,FL-07
36172,2099,70269,6211,42852,8885,67166,15652,68820,16325,77370,17477,71127,13367,57594,1411,66197,671,FL-27
32790,823,83524,2854,34355,9303,40830,8147,51579,11128,60795,9304,63871,7715,54878,238,35836,0,GA-03
29464,1899,78839,7773,44973,8781,44818,9473,49942,11298,55915,10446,57086,6122,52853,167,34087,17,GA-10
12327,1553,24042,5383,10976,4205,18608,8220,18869,7231,20941,7493,25061,4476,23493,696,17989,40,GA-04
17693,1242,27840,1288,31496,3030,54033,4911,37789,3565,30070,1924,22748,1732,19385,155,12016,96,GA-05
42066,3108,94935,11851,43230,14432,47864,18081,56111,18602,69774,18531,79818,14446,80212,507,55144,470,GA-09
28883,4183,74613,8410,24355,6555,34763,9354,42928,14947,54455,7518,52902,4596,38882,305,23028,354,GA-07
29295,588,78491,4488,28942,2769,42651,8185,55553,6218,75138,4277,70273,4350,47784,430,34934,0,GA-06
26350,2026,67985,6682,27012,9695,38394,14473,44595,11492,42700,12129,50627,6644,51511,659,32672,0,GA-01
33924,2216,83995,5232,39552,6972,53171,11679,60735,13014,71193,10701,68483,6807,55410,49,31228,78,GA-11
25496,1290,59602,6191,26354,11298,33993,12050,39951,10833,41606,10549,50513,8281,45697,778,35877,184,GA-08
62646,1948,134440,6399,62935,13997,72863,17737,78496,15559,70634,11313,82543,10064,71784,251,47042,411,ID-02
7331,0,12179,247,8847,1185,14471,878,14550,436,10327,436,12803,170,13073,0,7720,14,HI-01
19035,642,43131,2161,26688,1245,29858,3796,34645,3073,33214,3458,39832,3450,30500,210,21892,86,IL-01
15772,290,30819,787,26129,3021,62319,4586,35973,4323,28574,2617,28889,2246,24147,729,11662,205,IL-07
17884,373,37354,929,19255,5607,20223,3874,25045,4197,29714,4390,33419,3246,28949,328,21655,144,IL-02
39383,1089,68876,1384,51935,3840,100445,6918,84598,7944,66834,7512,60037,3797,44012,130,34977,236,IL-05
30874,505,80218,2285,68261,4276,53603,4928,59927,4183,61376,3963,77168,2636,57586,790,43115,230,IL-13
35913,1382,90738,2679,39276,2556,47038,4357,67146,4052,78667,2583,91973,4115,63071,312,43232,125,IL-06
27219,2003,77356,4186,31707,5295,36652,7176,48434,8298,58630,5121,67911,4177,50509,674,37179,0,IL-10
24666,810,58074,2381,29032,6707,56464,14893,44929,11459,36288,9607,37804,4241,32035,753,21129,517,IL-04
28657,942,65693,2197,33002,2010,52025,6815,56767,4695,59472,3206,65418,3975,54982,102,45977,239,IL-09
31422,1206,72146,3416,36639,4191,49990,7915,55675,4653,60448,5545,75390,4497,58381,0,44690,229,IL-12
32995,1363,64249,4008,32660,4669,49119,8232,49439,7771,57018,7460,64277,5227,44311,150,31197,241,IL-08
43107,2679,105920,5905,66662,4954,65641,8962,73474,11527,80207,5801,89166,5597,71664,80,45324,0,IN-09
41231,3458,96946,6363,49044,8420,58725,9788,67893,8164,70487,6867,87055,6306,69943,469,48385,283,IN-08
32226,1664,75018,2131,34159,4459,47668,6617,59542,5276,59513,4548,72508,4274,55566,128,38037,0,IN-01
44329,2194,106642,6458,44820,5949,66843,10748,80701,9365,80701,5476,84982,4071,63155,260,43616,85,IN-05
33849,1314,60507,4668,37459,6600,55995,8463,45195,11244,47655,6363,54311,4752,39899,613,25953,0,IN-07
47827,880,107266,1675,60343,4495,67243,5381,77249,5433,79093,3277,94808,3728,75131,328,57411,174,IA-01
43848,1757,105372,4182,58333,6864,69768,6110,76068,6629,74248,6189,92379,5002,74176,362,53075,123,IA-02
42386,1227,94391,7521,53743,10550,52881,9042,58705,10317,53600,7068,71687,7107,60774,610,48063,149,KS-01
45260,1513,98514,4969,41645,5825,63037,9006,74923,9548,71716,6618,76875,4751,59295,329,37965,0,KS-03
40094,1146,97056,3558,56849,6902,55063,8569,61576,8849,62921,6205,78227,6826,66314,163,47081,37,KS-02
43610,1550,95356,3108,69036,5257,68138,7643,75158,5157,76246,7083,80769,4733,63236,61,41218,0,KY-06
40252,2750,88929,7163,48630,6856,55811,8774,64254,8883,69725,6087,84481,3959,71268,368,49915,21,KY-01
44880,1810,103479,4095,42644,8177,60170,9423,70083,10011,78367,7931,87202,5579,73582,46,45453,0,KY-05
29208,2043,66312,3997,25052,6772,36196,8440,46407,7684,45305,4804,53795,5761,49578,61,36991,0,LA-04
13119,389,25637,2085,14642,3306,29860,7674,28058,5249,27252,2718,35339,1917,26439,538,18243,44,LA-02
42490,206,92145,3916,42787,4612,57096,12150,70618,11566,69329,9220,85083,7035,72431,133,48953,0,LA-01
26992,2112,70330,1780,31933,4003,33265,6480,46800,7558,44478,5498,55350,7078,48008,479,35984,129,LA-05
31434,1932,81147,3558,42500,5646,65578,6978,65593,7461,74132,8984,96381,5649,81607,158,55579,0,ME-01
32217,2094,78291,5233,40334,6981,51396,10995,59850,9339,70714,10839,90254,11675,82055,112,51675,10,ME-02
33964,707,87478,1526,46541,3554,54438,4871,61497,3325,75051,3252,90521,4905,72835,36,52979,0,MD-01
33426,716,67798,2025,33310,1568,62114,4193,57129,2787,59554,2525,61871,1892,45372,50,35565,0,MD-03
14285,844,32178,1619,12942,1693,22608,1856,24008,3005,25701,1219,30192,1325,22291,199,16551,0,MD-04
21556,623,51675,2757,28808,1483,35026,2791,38391,2482,44557,1612,52325,2569,36431,281,25227,0,MD-05
13882,317,32882,749,21578,653,28338,1603,28276,2698,29128,1028,40123,859,27325,303,21985,0,MD-07
23199,276,43854,1005,29174,1691,44107,4009,43274,2144,43248,2847,55489,3125,43490,80,30068,73,MD-02
30903,714,76305,1614,35083,3259,49196,6772,53401,9331,67088,3111,73193,2658,53364,183,36033,77,MD-06
28283,314,73720,1249,33094,2461,43585,2658,57651,2107,65928,2148,68753,2433,57578,411,45780,49,MD-08
33810,168,99037,1197,56226,1157,58726,4145,69340,3376,91563,1216,98084,2128,66880,69,47544,0,MA-04
18085,105,36493,685,70777,3528,88853,4585,49330,3906,38558,1554,35963,687,26616,76,22132,87,MA-07
32539,387,86831,1609,69504,2850,63051,3627,66659,2433,82840,3082,93153,2766,68524,130,44777,64,MA-02
33836,1582,85339,2087,49401,1489,57384,4296,64412,3877,82848,3351,99734,2704,92502,236,65134,82,MA-09
28551,0,71698,458,42605,1237,78830,2269,68476,1659,72997,1355,83197,1219,62105,0,47419,0,MA-08
33034,750,86236,1083,52245,2422,57781,4761,65339,3397,74845,2881,91662,2011,71990,125,49395,46,MA-01
34907,206,71567,1033,49327,2196,71976,2791,69007,1111,71336,1616,79282,1494,62092,484,42334,0,MA-05
31813,1967,81469,3705,45399,5638,50609,6844,58300,8070,66859,7053,100209,6312,94647,217,64905,110,MI-01
42947,844,99753,3342,55621,4216,67419,6398,67499,5940,69401,4222,83950,4941,65565,138,46464,33,MI-02
14451,826,31828,2230,17720,1253,24967,4333,25046,4672,24065,2307,30332,1515,25830,47,20280,40,MI-14
41988,1557,94723,2284,47772,4531,70304,9084,72458,5936,70818,6260,82942,3483,62015,523,40984,0,MI-03
30078,1318,72868,1359,36278,3878,48104,6347,53756,5423,62759,3964,78552,4320,61225,214,44986,76,MI-05
19989,745,37384,2318,22635,3465,31492,4434,24731,5337,29492,3232,32392,1958,22086,66,15096,101,MI-13
29731,525,65153,2503,36810,2965,73246,7094,55568,7215,71030,4514,77050,5551,59132,168,48371,76,MI-09
37293,376,93024,1670,66758,4551,58651,5498,68053,5193,79660,3768,92632,4117,65374,87,41330,0,MI-08
41458,1461,94039,3777,42191,3613,55095,5449,64839,4027,62879,3567,85686,4213,68141,220,55286,35,MN-07
46986,1787,113097,2694,51110,2794,62449,5251,81271,4206,83244,3565,88444,4121,55627,0,36097,0,MN-06
41489,1732,92193,3719,49841,3168,59634,7802,65139,6098,64551,3862,80301,4286,63710,80,48989,36,MN-01
36067,236,82086,727,35013,1553,51317,2883,71928,3323,75842,1784,89964,2811,63932,110,42946,0,MN-03
27899,206,47795,1084,47365,2563,85448,5540,65533,2990,51733,2640,58456,3466,45277,212,34439,0,MN-05
30546,1121,73999,4866,35037,8017,47696,10801,47883,9549,67037,8517,67300,6569,62327,187,44413,35,NC-13
29407,1408,90117,3003,30169,5178,37647,8788,56847,8203,70973,6057,67794,4495,50432,414,36804,49,NC-09
46031,2953,94994,5712,63238,3223,73313,7183,75255,4350,62468,4474,83070,3762,62479,124,46282,72,ND-00
43626,1421,92330,4040,44349,3568,68464,7773,72069,6017,71555,5330,82489,6511,67918,202,45320,52,OH-02
42013,2226,96322,4051,47232,4199,55805,6875,66566,7678,78599,6845,92350,8479,78405,406,54744,33,OH-06
40672,414,95266,3134,48233,3868,59845,6314,65754,7492,75613,3743,87401,5529,70195,170,48790,0,OH-04
36717,2856,96458,6878,43906,4882,59960,8437,71433,5682,80112,5443,96448,4448,81413,357,56181,460,OH-16
15084,385,27840,399,25813,1392,31926,3047,27577,2803,30256,1743,40527,2376,30600,67,26314,34,OH-11
40186,1234,106264,4439,51884,7590,57874,7616,68641,6774,74633,5209,84648,4496,66930,228,47044,137,OH-08
37958,3117,83478,6442,35502,9958,53610,17171,61235,12360,58828,11424,69011,8930,58895,567,41814,500,OK-01
44302,2810,83232,9194,38979,11104,58487,16964,56767,16927,52898,13929,64102,8573,54143,446,38245,183,OK-05
34975,1719,80400,3716,47112,5164,95178,13136,101291,10524,81200,6818,73088,4903,65344,1210,36828,0,OR-03
37804,1673,90793,2880,64913,7629,67818,9885,74002,6784,71570,7164,97307,8733,100820,218,67636,146,OR-04
22451,260,52579,1212,34123,1699,40406,4516,40768,2058,53345,2172,61903,1000,43392,226,33570,191,RI-01
29922,629,73741,7071,44953,6816,44861,8546,47360,9298,58863,8943,69436,6903,62693,114,44249,145,SC-03
24764,154,60022,3557,27478,7249,33782,13181,41442,9907,51190,12011,69185,11641,83483,52,47530,0,SC-07
13459,185,30640,1238,28680,2859,23442,6694,21255,3809,21778,4492,28839,4472,27842,208,19335,0,SC-06
37674,881,86821,4523,42914,8040,57209,11765,61394,13158,71064,11217,79260,9774,72390,545,50628,195,TN-03
30245,643,69518,2751,28512,6837,42563,8521,46518,8644,51665,9694,63459,5638,58508,240,40360,0,AL-01
31598,665,71935,1819,42871,5370,44528,8796,48312,7957,55492,5829,61439,7443,55089,203,36801,48,AL-03
33063,930,78817,4497,34765,7332,50546,11272,54982,9131,66161,7965,75475,6301,58694,114,43063,0,AL-05
39198,2183,88609,5188,35829,7173,50624,15806,57860,12312,68217,9831,74720,8537,67451,1016,47285,0,AL-04
13435,108,27120,2021,30516,2780,20935,4151,19134,6649,20156,3818,24992,2908,24821,195,20654,155,AL-07
26788,691,61422,1658,25132,6491,35150,7927,39177,5991,45458,7069,53758,5605,49817,159,37960,65,AL-02
36480,584,88083,1207,34779,4421,54965,7950,60670,7779,64008,7686,69953,5900,60448,52,41160,24,AL-06
31127,1894,63402,4689,28495,5085,50098,11275,52708,6435,52698,5688,61926,6073,47504,421,21388,0,AK-00
27417,1965,71443,5453,38559,6235,38902,5512,44591,7448,47861,5592,58623,6491,74189,958,51164,0,AZ-01
49185,4353,106167,11778,51517,13634,55918,18281,56752,13881,54256,12790,54533,7060,46016,285,30598,175,AZ-03
46617,3669,120236,8661,43873,8056,59857,7753,84174,8469,84207,6420,81271,5884,71162,237,63165,4,AZ-05
31581,3279,92259,7005,35023,8345,48166,8091,61099,9142,61012,10017,100496,11945,122538,338,95600,0,AZ-04
53007,6577,104353,21489,49468,20587,58598,23980,66624,25403,50168,22211,48988,13295,32627,1126,20169,913,AZ-07
32202,565,70429,5905,45011,8294,51228,9315,57836,5950,58161,8274,74888,5711,81245,220,68496,274,AZ-02
33382,3078,84644,4913,40654,5675,66510,12643,64475,7612,78229,10429,101967,8896,88491,617,59533,328,AZ-06
37410,2389,92726,5432,38149,5137,58655,8731,65498,7825,73508,6478,82796,4903,89219,822,72288,886,AZ-08
46235,3808,110621,7692,57446,8125,69468,14751,73623,13991,72284,9279,82439,5544,66913,62,46959,129,AR-03
33945,1306,78419,4674,38906,5734,53090,10650,58357,7962,57563,8007,68167,5121,59505,647,43951,0,AR-02
23301,1087,70791,2822,28531,5248,45191,7709,51907,8020,47245,8960,70830,7296,80400,638,71081,355,CA-36
26644,1521,59416,4454,36083,5804,43630,9335,36038,10226,38264,10745,37839,3603,20543,541,19396,364,CA-46
23739,1958,62514,2794,34915,1585,57403,3731,59151,2937,67736,2568,69021,3687,54936,65,51615,123,CA-33
20450,62,46617,1004,19848,1678,32596,1542,36836,1157,45481,1781,46941,1541,33897,286,25803,55,CA-15
22728,722,54005,1384,31842,4288,44483,6503,42015,7071,44429,5541,45574,4706,34015,244,24249,0,CA-47
34613,953,74262,3432,32597,5425,41048,6451,53707,8156,59161,8058,70228,7181,61094,92,44140,0,TN-08
45882,1587,107720,4307,45750,8740,62142,14723,74384,12288,84298,10100,92319,7788,80404,80,53612,0,TN-06
53830,10453,100982,25351,29501,31440,35945,39781,39387,36468,36726,27857,31087,18290,28320,2278,16823,738,TX-29
43309,6147,100294,15042,35588,19011,54188,20561,55333,22779,56603,13825,64807,14095,63297,838,43555,488,TX-27
34549,5893,83320,13223,34395,12088,42022,19984,53533,18229,52780,12708,62200,11627,48865,100,33303,502,TX-14
36384,6142,84299,20233,31876,13644,41027,22516,45722,21129,50101,20919,56351,13125,54246,685,39334,72,TX-05
44297,3742,100427,13584,36019,10054,69617,16373,76672,15566,74520,11244,70028,8398,54354,456,37806,45,TX-10
43497,4747,95765,17833,53208,21382,77276,32419,67997,25741,53258,22206,53584,11530,42880,256,27913,0,TX-35
42759,5089,103343,7826,34602,12016,49274,14126,70531,13075,65000,12581,58730,10336,44609,862,25402,0,TX-22
38641,6515,95884,15735,54044,18989,50361,18359,51529,20278,46742,12552,56766,12075,52512,123,39304,11,TX-19
63565,2694,141480,11470,89580,9677,68817,12241,79011,8409,64131,6106,58809,4320,48467,339,31954,163,UT-03
47860,4514,113897,10362,56045,9645,68647,10391,79945,9461,57948,8588,65299,5172,57873,657,44576,58,UT-02
21337,1191,39279,2067,24562,3422,36638,7369,32293,4062,32658,3231,42147,2212,33182,236,22396,68,VA-03
24982,871,46201,2998,30749,2581,48375,5297,42994,3700,45743,3003,50149,3810,40425,0,27758,0,VA-04
29911,680,63004,1999,30494,3502,45824,7493,48710,4218,51792,3713,63444,4872,47434,315,37350,25,VA-02
33960,1028,83944,6214,62499,4485,55345,9147,60559,9668,67276,6402,82303,5833,71018,238,53105,25,VA-06
37018,963,86264,3952,36836,3667,61427,5730,72409,4496,83985,3363,85139,4937,62302,587,37352,177,WA-01
39489,593,95526,3311,54119,7826,67229,7589,70159,5854,68420,4254,84412,3934,70457,530,47273,285,WA-05
37279,1023,72491,1886,43424,4414,64670,8937,67048,7399,59726,5776,77511,3530,68570,75,44207,40,WA-02
30835,1071,74546,1426,32314,2668,56199,7951,61749,3715,60869,4759,84079,4510,85378,184,52733,27,WA-06
32748,639,75062,2904,32835,6837,46375,5317,54114,7852,59979,7328,70646,5815,70225,100,46175,14,WV-03
37549,998,96505,2188,44513,3118,53118,7721,69737,8321,78565,3998,95273,4001,67510,293,46715,22,WI-01
37988,479,94993,1896,47976,3042,63134,5808,76908,3769,82719,3016,104214,3070,75187,70,55083,0,WI-05
40482,857,94206,2803,69177,3832,77887,4007,80332,4522,76145,5609,86442,2608,68452,325,42310,57,WI-02
33607,3430,79343,8302,35441,7582,49090,11914,55749,10218,50657,7565,64498,8334,56682,22,34753,43,WY-00
36142,881,81979,1521,43819,4608,56310,5699,65174,4409,77809,5922,96849,4026,82390,21,59339,0,PA-14
34181,1047,87015,3825,42677,3230,54015,4558,64548,3891,74047,3072,84045,2898,60906,303,45180,0,PA-06
34341,4885,88487,9894,61953,7045,58166,9479,59864,7954,72335,6272,88562,6167,75296,473,57075,270,PA-12
41686,740,96226,1392,40723,4455,61495,6197,72870,4718,79859,4620,101863,3463,78653,218,61043,0,MO-02
15503,1550,29595,2704,27123,3790,46535,4255,39223,3383,31014,3530,40696,4476,29835,158,21647,0,MO-01
32688,3207,66604,5744,36200,7153,62234,14249,56936,10116,55562,7813,67487,7958,53243,369,40634,168,MO-05
40687,1818,89558,4326,56419,6613,56377,7388,64693,5438,57287,6537,69891,4855,55518,58,38451,0,NE-01
44542,1289,90567,4343,41685,5104,61767,9359,69116,6453,60040,5703,61489,6928,48192,71,30239,71,NE-02
30574,1921,76652,6831,29288,5441,47535,8522,45333,10183,51512,9702,58642,7343,55812,393,36762,0,NV-04
31873,839,87821,3636,49127,5905,59033,10281,65936,7915,79298,7999,98232,4845,71853,162,45729,18,NH-01
32817,328,78633,1988,36920,2493,52613,4530,57175,5403,74191,3381,86045,3653,71513,107,57390,41,NJ-03
49901,2161,107481,2992,44156,3494,51603,6597,64678,4964,77220,3302,88869,3525,70917,187,56645,51,NJ-04
28452,858,67791,1629,36956,4953,42444,9465,46921,6706,62989,6305,80023,4754,67127,249,47829,0,NJ-02
31368,285,92545,1781,41093,1851,51070,3944,65471,3214,84448,3768,86525,3375,61211,605,49376,89,NJ-11
35225,1698,52049,6699,30192,8968,58187,14718,50414,21375,40913,10741,43246,7400,30756,1732,24505,599,NJ-08
38663,2165,97355,7255,45789,7706,48553,8423,55399,11410,53714,8346,63000,7679,62449,1132,45725,134,NM-02
29782,714,71399,1402,55583,1759,61847,3737,61573,2966,71690,1635,82233,1692,66665,108,45351,0,NY-20
36493,2038,93412,4570,46107,3093,61393,5300,65515,5202,77080,3543,93410,3003,72466,108,49678,36,NY-21
31301,113,70198,2045,33995,2277,44345,3707,56074,3741,56061,2372,68272,1932,51813,282,39069,0,NY-04
35090,1723,85783,2003,55621,3458,57309,5264,60888,3268,71334,3799,90746,3502,70023,61,52087,26,NY-22
30698,804,77779,1822,48395,1840,53682,5870,57847,5096,74406,3787,99908,3413,80047,448,56062,106,NY-19
36746,742,97541,1459,45812,2320,60227,4434,72230,2877,88698,3160,104408,2682,78629,90,56502,0,NY-27
17736,310,34670,608,19175,2935,36605,7155,32989,8155,31234,3677,29451,3125,28125,735,26972,74,NY-14
34014,467,81512,1553,45239,3386,61819,3918,60610,4750,73152,3203,89430,2255,65391,298,47070,11,NY-24
36618,1690,96380,4517,44023,7337,55336,13790,57652,14299,61807,11464,71828,7065,57984,527,42211,0,CA-26
23699,132,52316,1989,26294,3755,41812,4875,42145,4965,39221,2834,41782,3748,31664,233,22980,40,CA-19
35409,1547,84644,3330,68915,10034,55180,10829,53136,9731,51386,9848,68706,5275,65710,455,49376,0,CA-24
30699,499,53048,1854,30583,2547,51685,7513,49510,5377,39688,3276,45167,2725,35565,173,24851,68,CA-06
23775,424,54913,1238,24978,1849,38418,3165,46021,3271,53876,2990,64284,2159,50090,613,39847,0,CA-11
45749,2414,92193,6897,40766,8237,49988,11536,54056,8087,47011,6660,63467,6320,46682,297,30539,41,CA-08
22123,858,47072,2193,26594,3799,73714,9630,67347,7109,53848,6755,55782,5561,44889,1358,34040,670,CA-28
18052,0,25177,488,21178,1251,87420,3543,64886,1935,48234,1442,37603,1000,30452,57,21739,0,CA-12
36133,1842,87902,3861,36697,3456,50460,5803,71888,4815,73918,3367,95652,6038,89006,118,62695,150,CA-04
27935,554,67441,3745,34402,6217,40065,5711,45219,6645,38859,6359,33391,4477,25387,291,16933,514,CA-41
14668,0,21971,793,17768,1141,29399,1558,25711,1999,24875,1748,34190,400,20095,357,19403,46,CA-17
15881,247,38388,1134,24244,2668,31003,4461,33364,4601,32439,5243,38422,3254,28848,268,25187,178,CA-38
42967,2141,91846,6085,49075,7607,70549,10467,68059,7565,70503,6174,83748,6530,67610,192,40761,10,CO-05
45802,944,94786,8300,53335,7830,91706,13483,86491,12726,75681,6725,79512,5076,60767,250,40084,90,CO-07
35127,1836,83128,5398,45446,4243,62106,8566,64926,6766,72875,6192,97146,4014,89761,0,61203,152,DE-00
25518,119,63751,1311,35167,1623,44988,4917,50828,3309,61082,4010,71823,3070,53424,202,45953,32,CT-01
25944,1316,72410,1434,39258,3583,46407,5691,53730,3597,64711,3458,85728,4252,64802,626,50042,0,CT-05
36223,1501,73501,7065,44532,8219,62900,18598,61498,13191,70406,11830,63776,8726,48592,1108,35457,0,FL-14
32153,960,80446,5926,34682,11221,45432,15613,55686,16280,70245,16058,96033,12845,115841,638,101560,511,FL-16
32744,627,85844,5402,38598,10347,49758,17284,61218,16461,68075,11580,70132,10053,61999,1363,46192,48,FL-15
36029,2413,85648,7619,33644,9638,45856,17370,63247,15718,71597,19462,89127,11926,96799,563,87130,275,FL-12
31569,2765,78492,6763,37761,8208,44199,11960,49848,12750,54580,13102,73563,10281,76033,628,54039,59,FL-02
26192,960,58904,7274,25665,10580,37912,12918,46990,15594,59951,12729,71652,9041,85154,1545,98837,862,FL-21
16664,1874,31115,4233,11403,7354,18893,4410,19000,8407,24274,4076,28313,6241,26490,199,17229,466,GA-13
15830,710,38074,1836,16407,7376,17806,6732,25216,7724,27388,5471,34240,5584,31706,194,23003,111,GA-02
41861,2336,96977,8039,42199,13313,50873,14662,61966,15777,71340,13897,70181,10314,57839,538,41528,164,GA-14
25250,1224,62721,6323,31961,9393,36256,11948,38287,10508,43653,7364,48339,7641,42465,395,29415,314,GA-12
56016,2952,135298,9386,49749,10824,68209,19802,90216,16137,86510,11720,95625,12435,92286,356,60169,34,ID-01
12137,418,20829,485,9259,1750,18202,1936,24881,2575,23905,1515,32380,2282,34661,68,19040,73,HI-02
43342,1574,96413,3243,47136,2643,58681,6699,70544,5435,71081,4917,84666,2296,71330,167,55088,0,IL-18
40318,1013,110734,4166,42664,2766,55538,4458,74998,4446,87194,5241,86553,4366,58754,613,39365,402,IL-14
39163,600,94407,3035,46189,3238,59672,4883,65273,5058,72974,4381,88361,3298,68990,19,51098,0,IL-16
31457,1282,74653,3373,37618,5529,47597,5931,57343,6326,58569,6651,77924,4063,65548,93,47769,323,IL-17
34264,1927,84444,4861,34912,6513,46428,9836,61268,10456,60103,5962,74138,4749,58603,465,41320,125,IL-03
33533,920,84735,3615,41022,4977,48486,6381,61708,8824,59249,5557,58441,5673,42200,65,29869,0,IL-11
42163,1776,92692,5361,42105,4700,57605,6605,68282,6712,70401,5842,84255,7443,69531,624,53383,0,IL-15
37278,5073,89590,12052,46288,8954,54461,11722,60307,9072,65631,10215,75443,7411,63444,339,46017,173,IN-02
41332,1657,99827,6189,53870,8443,60207,9191,65166,8773,78539,6824,85505,9366,69960,630,49475,51,IN-06
43026,6916,97606,15670,45590,9402,62343,11616,64651,11747,69492,8868,79567,8806,64674,615,42767,543,IN-03
41979,870,105429,5189,64532,5310,63722,11177,69747,6793,75200,6553,82993,6248,65464,0,46740,0,IN-04
45851,1987,111526,3820,62864,3467,62106,7147,73679,5676,68504,3818,94720,4155,74032,237,59257,8,IA-04
56403,1153,121110,1969,57553,3685,82410,7042,93270,6630,86653,5267,92444,4909,71028,413,48336,5,IA-03
41046,1969,95593,6228,39093,8083,56954,11862,60900,9814,59886,6805,73409,7393,60054,13,42452,343,KS-04
46440,2329,110363,2740,55915,7200,66760,6416,76184,7856,81227,4949,90647,4082,69189,234,45950,182,KY-02
32920,1167,65501,4726,43018,3862,57326,8924,60108,5428,60003,3498,72914,2304,58319,86,40984,0,KY-03
47209,2880,110949,4321,48796,5640,71846,7027,80381,5906,88072,6254,92601,5143,70817,421,42079,56,KY-04
39198,1310,79758,4750,48557,5212,57000,10958,65709,6117,60899,5017,68234,4045,54952,0,35703,155,LA-06
41924,1282,82009,3143,36977,4443,59020,10787,63332,7429,60381,5522,71005,4873,54068,416,36867,319,LA-03
35973,237,91463,1467,48562,1388,59075,3323,72881,1764,91700,2142,102425,2608,75008,114,58286,0,MA-06
30489,180,83052,1089,45380,5036,58807,3211,65415,1972,74474,2695,90157,2312,59499,398,39671,0,MA-03
39164,1124,94086,3668,45658,4165,57214,8236,67290,5965,76733,5303,94371,4864,74255,81,52615,144,MI-07
36702,1678,91173,4837,54623,5810,57536,7617,62969,8293,68426,4696,82610,5182,68794,160,47407,0,MI-06
39839,1227,99071,2753,44602,4411,55070,7647,72673,5030,83613,7411,99509,4998,78656,208,53081,0,MI-10
37614,2644,96293,4662,56505,6985,56329,9785,64648,5503,74328,6043,91300,6022,77296,85,55031,40,MI-04
33987,1145,87883,2756,39374,3237,56020,5002,62479,3853,82625,3486,92323,3113,66676,301,46966,0,MI-11
33247,351,79360,2172,59651,4683,60747,6820,60336,3244,61906,3556,70403,3295,57789,283,35556,0,MI-12
39843,573,97058,2395,44064,1734,58038,4082,75609,3858,77920,2348,83942,3132,56864,184,37949,4,MN-02
37181,743,87986,3822,42650,4570,54964,5166,66012,4562,68689,4023,93453,5563,78057,342,54382,64,MN-08
30349,840,68719,1106,38421,2437,57277,4591,58922,4346,58926,2617,72939,3454,57032,382,37587,0,MN-04
33836,1683,77185,7169,65883,11108,89921,16153,66107,16141,63714,11257,59586,5755,50993,637,35829,101,AZ-09
34899,2037,80466,6261,36952,6097,47575,10809,56353,8805,59168,8208,70840,4763,62405,122,46985,86,AR-01
30078,888,77692,4369,32782,4913,43454,8649,50834,5973,57773,7356,69122,5483,63338,0,47978,45,AR-04
37847,1374,84866,3182,34026,5343,42512,9214,46531,8095,39733,6301,39446,3073,32754,202,21563,117,CA-16
23818,291,46071,2976,35084,4878,61662,10069,46388,7918,39240,7776,32918,4249,25226,549,17883,304,CA-37
30306,686,55807,3600,44602,5666,67898,11199,65434,5944,55920,5270,51952,3288,41585,157,30282,173,CA-53
32577,793,76315,3549,38902,4351,55820,7863,48771,6479,51498,6312,47406,4126,38429,676,23681,0,CA-31
44262,2827,107108,5261,51221,9936,66395,13642,71872,10714,75836,12475,79715,9879,66450,393,42767,13,TN-04
33416,3590,85741,5499,56760,5671,57345,5819,61368,3619,70605,4057,89012,4926,73911,366,51693,134,NY-23
19109,201,51470,904,23605,2111,24110,2287,34215,1375,42919,1575,44800,1819,36980,295,37156,0,NY-16
35261,105,79135,1570,34893,1602,54539,4892,57327,5897,63010,4557,65698,2778,55303,87,41670,25,NY-11
11199,242,19762,332,9974,1752,13373,2185,11576,2237,10900,2265,13463,1188,10498,92,8632,0,NY-15
17537,95,22672,238,17655,1637,41501,4336,37513,1863,21648,923,26003,1065,24737,324,23075,0,NY-08
27185,91,33286,181,50415,2551,112861,6056,76288,2768,48799,2865,53517,1450,48514,315,45520,239,NY-12
35671,1090,86913,1741,47912,2365,48413,5131,59530,2335,71610,2130,80357,3213,55659,109,40522,0,NY-18
17979,1588,43437,4748,32854,5698,37065,7748,29770,11454,35282,6615,42504,5314,40747,238,29431,332,NC-01
33342,1464,81623,5697,42008,8648,45629,13642,54969,14591,62726,9516,81705,8219,82182,689,51759,76,NC-07
46532,1380,106291,5486,34085,4674,56377,9869,77793,10475,83866,10248,81014,6224,62122,168,35106,303,NC-02
30007,2099,82800,3818,32088,9036,41483,13535,53850,12458,67849,10074,76601,8586,64203,119,47350,63,NC-06
35759,2094,74146,5239,37297,5887,47294,9627,49216,9897,52582,9940,65821,8734,63057,177,42930,0,NC-03
34716,2550,80809,7689,37317,9286,50201,14767,59529,12821,73891,13458,82751,9913,76901,371,52313,0,NC-10
29780,1066,73954,4444,59680,3052,66205,7734,61568,8312,60801,6099,57376,3336,45224,157,30461,127,NC-04
34870,1017,85334,4873,46198,10295,47968,15577,53577,13174,65466,11807,79821,7347,70575,584,50935,370,NC-05
32374,1676,83342,3827,46220,4220,53811,5796,58282,5122,64895,3044,71966,3798,49714,143,34680,68,OH-01
34463,1348,85444,4694,40742,11031,50288,17061,59221,17762,74869,15014,92243,12553,97740,286,69344,0,NC-11
38702,2480,73770,3073,33468,7215,46514,9031,49463,9407,55649,8274,62433,5008,52531,195,38825,120,NC-08
25695,1813,46359,4626,36790,4080,57736,11083,49566,10173,44038,6907,41100,4124,31647,1853,20892,358,NC-12
38327,8164,98219,14441,41753,7483,56152,12648,69251,7754,76340,7679,90252,6245,71906,375,54837,551,OH-07
35777,2895,90812,7243,39959,4196,54587,6632,66122,7166,77860,6712,97309,4520,77565,363,58219,107,OH-14
29112,1082,53669,4711,45571,4007,64206,8937,48137,6712,42789,4903,51200,4738,33290,1073,22609,118,OH-03
35901,988,74873,2674,44859,3016,54004,9085,54859,7281,60565,4746,72976,5471,60506,55,44816,0,OH-10
42870,1124,103450,2964,54894,3544,64851,6111,68984,5656,77563,4031,90709,3894,71356,289,48500,184,OH-05
29540,581,68005,2204,52224,6097,55823,8129,52175,7760,69104,5971,78821,8144,69771,382,50149,92,OH-13
42580,1512,102221,3816,53268,5512,79573,7837,78413,5048,86721,5094,86912,5680,66823,363,43558,295,OH-15
31879,518,71959,3460,43411,4230,54891,10523,51835,6740,58470,5377,70674,4311,57830,0,39495,0,OH-09
44186,994,109954,3700,51607,3913,64858,7989,86472,4845,84994,6291,86102,4083,69972,55,45389,0,OH-12
25124,2812,63744,5949,26520,10617,31809,14364,41317,14287,49838,11334,62315,10933,62574,363,47625,178,OK-02
39642,2266,96457,6863,47650,11354,51016,14200,61515,15741,59049,9464,71263,11255,63468,91,46162,57,OK-03
36391,2000,90306,4211,45620,9366,54894,12566,61953,10444,60113,8537,69878,8775,58903,387,42894,44,OK-04
41906,797,96624,3332,47625,4165,78664,7492,86079,7877,78428,6863,85953,3460,71877,31,46031,0,OR-01
42437,1977,103685,5086,46859,6148,66357,11991,79255,9438,79230,7715,91955,6433,84282,566,57041,0,OR-05
47089,1981,108498,5235,45244,7558,66685,10948,78538,12704,77732,11408,92142,8711,100508,820,67322,177,OR-02
20657,150,55087,584,39274,1583,45038,3346,47514,2528,54710,1800,65056,2078,49362,0,35963,0,RI-02
33731,2355,75843,5296,34792,4050,58595,12607,64633,10168,64243,7157,76067,6080,78029,356,49335,0,SC-01
36069,1999,78667,5311,39296,7011,55869,9481,56681,9656,63190,9269,68239,6430,60460,168,41489,140,SC-04
32073,928,76951,3464,28531,5645,39852,10025,54447,9036,59471,7880,62403,8452,56403,367,39724,84,SC-05
28984,2089,73574,2730,29057,4951,45320,9609,49783,9126,56918,7578,62107,7991,58460,269,39062,0,SC-02
51261,3017,112595,5893,55282,6190,71200,10718,78184,9865,75203,7245,98084,8687,82194,127,55648,26,SD-00
37808,1811,92602,3233,45048,10793,54991,16049,59335,14922,76734,15893,86985,12082,83567,339,59734,31,TN-01
33692,3023,56893,4902,43665,7270,79859,13038,60581,10223,51706,7826,56707,8236,44896,517,30475,0,TN-05
46453,1450,113291,5371,47595,5829,56395,8452,72054,12512,77602,8770,77975,7972,64195,35,43167,52,TN-07
38621,1578,91228,6193,59553,7092,64615,11988,68276,10771,78169,8993,83608,9475,75959,374,51640,61,TN-02
11480,740,24002,3587,16542,3470,21186,6304,14833,7300,17029,4584,22153,3144,20496,0,13264,77,TN-09
55593,8652,123295,29366,38114,35047,41040,36317,49308,31948,50235,26147,49285,15181,46049,1548,33036,784,TX-28
40552,2266,86539,13102,35559,14753,38261,20399,49007,19370,47810,12650,59123,9679,58605,564,43852,79,TX-01
34889,1019,58596,6849,24980,10982,50521,15451,49535,14344,46710,11019,54762,7740,40373,1005,27118,479,TX-07
32530,3673,85828,11655,34120,10312,46830,16241,53758,15060,55864,11949,54766,9210,48693,175,30602,372,TX-06
38522,1890,88212,10119,75751,14011,58140,14905,56683,13851,52900,11776,59444,9146,47734,85,34383,135,TX-17
40663,8235,93800,18422,34588,14393,50369,24314,54812,19799,59456,20572,67043,13363,56729,415,34975,794,TX-36
44035,4329,103017,16681,35916,22692,49442,23801,48720,19504,51979,16289,46084,16288,42050,1043,33132,613,TX-16
30317,2031,70195,7125,34398,8664,59882,15747,57731,15096,60268,9760,65525,7683,42069,1209,28256,473,TX-24
39190,5685,78847,22350,21567,25981,30711,30359,26557,34001,29627,24231,34464,10933,23228,1355,14694,773,TX-33
43485,8874,94864,19543,39866,16688,62600,15569,64118,17020,54353,16396,67895,13594,63392,240,47169,0,TX-11
58616,8999,127231,22679,35672,33628,43673,33006,52789,30765,47981,26275,45983,15973,46163,896,32254,2006,TX-15
53470,4526,118910,16440,36583,17312,53362,22141,66525,19661,54959,17218,59747,9797,56745,635,35471,540,TX-23
46731,4444,95719,18591,45467,12801,67984,14528,70552,20065,68181,14419,70354,11239,56882,858,38499,85,TX-12
51253,3139,120938,13818,52637,11612,60672,18071,72785,22482,79609,15849,84041,8493,67885,968,43404,97,TX-08
55289,7686,112249,25299,37441,34178,41324,33903,43395,28613,42143,29782,45321,17517,49870,1707,38225,977,TX-34
32263,5038,59603,15913,24304,15474,37620,21719,27951,20572,27474,13672,28912,9138,20970,596,13437,274,TX-30
33298,5208,63072,22908,26469,16909,43558,25624,32313,30786,26603,17506,27106,9526,20341,2210,12598,685,TX-18
33870,2852,72521,10644,35937,7500,59114,12357,62970,10528,52332,10786,63004,5740,48968,715,29623,688,TX-02
53053,4581,101621,15307,50332,24161,61869,28044,61086,22703,56685,19188,54967,12307,45635,1933,32783,89,TX-20
36042,3636,88075,8709,57723,9429,75344,20103,71851,17881,78181,9251,81743,9829,78263,262,49674,139,TX-21
51858,3947,108194,9235,44636,14315,66855,14188,84233,14452,75186,10569,66048,7641,56741,564,35735,1165,TX-31
44130,2375,102214,12039,40570,9727,60407,15588,73231,15755,80626,9969,78612,9702,64453,494,36980,0,TX-25
37444,3719,66914,15502,34267,11186,56088,19076,47476,18075,51866,12589,57835,10151,47989,1144,31545,0,TX-32
35511,2808,105194,11649,41181,8349,50601,12113,74641,14311,83278,10212,69694,7301,50036,649,33069,263,TX-03
40336,6359,95048,12173,36060,11762,43378,21031,59213,17920,63525,13988,72763,13353,65891,959,46260,87,TX-04
39538,4448,92843,13972,34701,16328,48250,18038,54925,16110,55476,13349,65938,9881,57887,440,43618,77,TX-13
45927,4593,116567,13461,47223,12058,66859,13839,80989,15479,92951,10674,83195,7815,55810,83,30166,0,TX-26
21185,1854,45003,8611,16054,11032,23229,14063,17972,18770,19921,10871,19797,7749,15188,887,12307,0,TX-09
30474,571,80182,1670,51875,2600,57857,5013,60535,5282,69193,4551,87539,4190,72482,99,45479,84,VT-00
63180,4642,147536,10199,65053,7919,77222,10960,90497,10351,68507,7610,65328,4884,48557,573,29755,111,UT-01
63680,4430,142459,12145,53589,6524,92164,10188,96123,11994,66111,6604,63567,3989,48388,280,29566,0,UT-04
37993,2738,92324,4798,38631,5877,52967,8008,66279,7931,73056,5402,79487,4727,61263,641,41102,90,VA-01
40750,1180,108656,6233,36661,4594,47998,6978,69502,7744,86076,6263,75823,3695,51538,351,35574,194,VA-10
29424,1001,74495,2983,42151,5854,47848,9583,51015,6997,61654,6085,78452,6373,70478,329,48502,113,VA-05
33854,962,83414,3305,33011,2349,52802,6561,63225,6007,67689,5842,75624,6102,63557,545,42867,0,VA-07
28833,1328,60904,3518,35078,3950,46357,6921,53097,6564,51104,4439,56996,3506,41155,329,27118,273,VA-11
33931,1133,83920,4941,55319,6577,52154,7817,59540,9630,72980,9768,83337,8486,79406,189,57236,85,VA-09
34723,1140,67360,4010,36201,3911,74744,5219,68552,8443,57768,7632,55414,2546,41964,271,27859,363,VA-08
42416,535,100640,2179,42113,5102,64740,8536,72983,8814,75429,7185,85447,4647,77674,32,47281,100,WA-03
36771,753,75957,2124,37141,4957,58403,7796,63820,7100,62171,4184,71084,4426,58335,193,37951,61,WA-10
45729,2399,99949,4906,34455,7491,51722,15158,54838,10308,51369,8831,62873,5731,55361,575,36646,350,WA-04
28985,440,57626,1069,48649,2611,102878,6384,86499,3189,70179,2991,65227,2684,53005,232,33188,160,WA-07
20036,190,40287,1274,25659,1481,55615,4049,44482,4468,45625,2413,51882,1956,37181,749,28559,0,WA-09
37648,531,87013,2426,36279,2359,56257,4569,70389,4002,72712,4230,76306,4618,57402,409,38238,77,WA-08
31540,720,75734,2965,52715,4294,49704,7436,60941,4949,65724,6297,72989,5699,67698,63,46563,12,WV-01
34810,1300,83165,4232,35228,5944,51599,7386,61560,8728,65080,7580,80644,4509,67726,534,44774,103,WV-02
39918,2004,99174,5632,69535,7061,60739,7695,68683,5872,72363,4612,91685,4379,75337,241,50928,17,WI-03
20843,565,45216,1651,35551,3819,50195,6828,38845,5899,37884,4748,42563,3568,33509,106,22918,73,WI-04
37373,3339,96537,5306,36857,4954,55790,6321,66755,8319,79188,5739,104173,6174,83279,189,58884,122,WI-07
38178,1712,95407,3187,48571,4956,57403,5632,72655,3347,80355,3361,96769,3869,75405,253,54011,0,WI-06
39758,1389,96390,3875,44049,4467,62668,6957,73711,5864,81759,3823,97466,5095,72565,7,49568,15,WI-08
89108,3274,281913,11566,176577,18995,175833,35562,219088,26939,234563,24024,254943,22002,244203,2130,215903,1303,PR-98
31673,2305,77391,5231,35964,8102,42564,12350,51067,11266,57468,8042,61146,7011,55849,273,38876,61,MS-01
29118,191,61711,5100,34059,6675,36066,8715,45469,9488,46687,6103,54468,5873,50328,0,37111,197,MS-03
33872,1993,82744,6955,34503,8178,42426,18436,51837,14480,57646,10762,67178,9728,60073,148,41882,0,MS-04
10956,918,27465,3426,11374,4170,13376,4699,15160,5348,20089,4153,27120,4309,28664,122,21427,121,MS-02
25579,297,52580,1072,50170,2495,71370,4782,56834,2286,54363,2499,71327,2727,57191,286,48039,53,PA-18
33301,1323,85905,2182,43732,4625,60856,6525,64273,4757,71171,5294,86627,4694,66070,89,51529,36,PA-07
24084,744,39325,3455,19019,1583,44910,6891,36632,5222,34510,3638,40403,4324,32826,98,24625,0,PA-02
37215,272,80759,2030,34405,1466,66499,5120,73756,3186,76067,3042,97789,3723,77625,7,55606,0,PA-17
32951,683,87864,1603,41901,2095,54972,4434,65473,4054,80079,3896,98077,3159,69774,184,51791,172,PA-01
33259,4157,89700,6731,43117,6193,52425,8931,64932,5965,77438,6651,93301,5984,79278,815,60685,464,PA-13
34463,1557,81952,3363,48764,3978,55549,6420,61796,3517,73952,5885,88278,5579,73914,199,53633,73,PA-16
30730,1690,76526,1827,43683,5248,52773,6394,58421,5884,71239,6216,86928,4030,73671,129,54113,14,PA-08
34461,1212,79087,3157,39952,3664,60822,5481,62306,3828,72039,4939,82768,4213,65353,188,48585,108,PA-10
37587,7793,92354,13139,42381,7745,65202,9267,65758,9216,71935,6459,83973,7277,70962,1462,53996,548,PA-11
34645,2892,90301,3812,45124,3664,59318,5334,63148,5177,81907,4749,95380,4690,77016,472,54528,210,PA-09
34357,800,84906,2313,40548,2642,59079,2588,66749,4335,71322,2700,85715,3264,64502,220,48555,0,PA-04
34600,2949,83959,5726,47255,4655,57682,5185,61123,6331,77146,5713,94358,4592,77867,363,57564,114,PA-15
26367,210,60122,2011,38485,1217,47401,3447,48878,4402,53508,3947,68166,2624,49839,72,41223,0,PA-05
11473,0,16591,795,36942,1485,58910,4789,31347,1865,19716,2114,21831,953,21120,0,14331,0,PA-03
44300,4501,104148,10870,50046,19964,64525,18050,66309,17219,70095,13107,83692,11810,75316,732,55697,39,MO-07
45432,3253,109941,5841,48620,8161,61481,11608,73164,9465,76787,7280,87588,7289,71747,227,50551,84,MO-06
42192,3274,101438,8018,40054,11991,52721,16390,62464,16713,67399,13721,83927,13130,74178,864,54198,120,MO-08
49359,2211,113399,5531,49639,7897,72025,11076,83114,10275,83556,7671,98043,7349,76637,148,48410,0,MO-03
42558,5641,97890,9805,58407,12958,56783,14436,65007,13192,67999,9989,81522,9426,69923,398,50125,40,MO-04
53636,2091,133375,6349,73482,8079,90445,12206,101975,11654,93255,11136,126193,12282,117485,245,74905,50,MT-00
36426,1812,85382,4356,35315,4222,46022,7760,51937,8487,51534,5700,71491,8018,62444,124,49958,144,NE-03
20271,898,43705,7157,22224,9537,33255,13777,30262,12354,37276,12692,43652,8509,38404,1296,27092,46,NV-01
32223,1381,73126,3630,29542,3830,60435,8258,70962,9445,73792,6679,65475,6294,61363,680,43626,87,NV-03
36753,2336,74621,4854,40032,5589,60008,10045,60250,7896,61511,7151,78290,6488,72307,317,42841,0,NV-02
35027,983,82702,2895,47378,4152,61126,7921,59801,5924,78698,4619,95185,5928,74255,198,46846,92,NH-02
28324,903,69652,3444,33368,1944,54175,5276,56027,5456,60947,3508,73505,2955,52602,77,38153,137,NJ-01
14029,422,33334,1560,15629,2885,27254,4252,30384,3327,25550,5538,29267,3158,21234,220,14841,104,NJ-10
30941,925,92725,1712,43149,2679,42584,4562,59333,4991,79604,3899,87789,4139,64684,283,51271,275,NJ-05
30496,453,78426,3068,37352,4137,42744,4319,55692,5908,78045,4941,90393,3760,57940,60,46672,95,NJ-07
34323,901,67201,4485,34043,7750,46906,12204,48667,11786,50252,10947,57082,9679,45887,376,33912,125,NJ-09
25583,2331,61629,3557,39483,5156,47785,7640,45469,6208,56228,4737,62333,4415,44267,367,29884,386,NJ-06
19142,841,50118,1406,34165,2001,34898,4198,37703,4511,50660,1989,63238,2046,46599,79,37560,0,NJ-12
28940,514,74024,3883,35102,6006,56177,6812,54105,7455,52355,6595,68587,4673,61909,335,41837,0,NM-01
26993,917,66363,3107,28408,5325,44605,5783,47508,5610,43667,6061,59949,5938,60131,87,40557,216,NM-03
30130,179,74483,1871,45383,1785,50870,2189,51952,2568,72569,2501,80065,1978,50922,457,43300,66,NY-02
29427,391,71623,881,46392,2481,62672,3292,58360,2093,64171,2018,78127,1942,61741,45,44575,87,NY-25
25791,189,74302,1394,37683,1094,42019,2191,48448,2822,70967,2026,87590,3115,63973,241,63660,97,NY-03
40160,446,60841,1459,41649,1786,78689,2396,64817,3344,55720,2920,55429,1452,52352,492,37919,113,NY-10
15137,195,23897,800,22495,3010,44565,5017,26885,4664,22849,2480,20724,1879,16881,312,12103,0,NY-13
25730,99,60069,650,43137,1011,64549,4586,54208,1789,55797,2522,74722,2813,56509,236,42450,28,NY-26
20478,161,35285,654,20850,1155,42728,3731,35535,2442,26025,2092,26242,1844,24370,0,15038,19,NY-09
37406,878,89421,2210,45757,2655,53771,6427,63297,6081,84327,2985,89871,2936,68099,342,48273,122,NY-01
29593,581,50554,966,28975,2215,63846,6032,48145,4282,34753,3612,25166,2440,20666,308,14451,0,NY-07
38420,57,82269,1344,40214,1531,46697,3868,54076,1530,61950,2648,71722,1693,51632,167,45348,0,NY-17
19415,225,35052,223,17270,1162,31897,2960,33431,2967,35068,2239,45108,1956,32865,95,30732,29,NY-06
10764,118,20547,468,8060,1850,10520,1598,12239,1623,12929,925,16112,947,17065,116,12656,0,NY-05
