LessThanHighSchoolGraduateOrEquivalency_HasAComputer_WithDial_upInternetSubscriptionAlone,LessThanHighSchoolGraduateOrEquivalency_HasAComputer_WithABroadbandInternetSubscription,LessThanHighSchoolGraduateOrEquivalency_HasAComputer_WithoutAnInternetSubscription,LessThanHighSchoolGraduateOrEquivalency_NoComputer,HighSchoolGraduate(includesEquivalency)_SomeCollegeOrAssociatesDegree_HasAComputer_WithDial_upInternetSubscriptionAlone,HighSchoolGraduate(includesEquivalency)_SomeCollegeOrAssociatesDegree_HasAComputer_WithABroadbandInternetSubscription,HighSchoolGraduate(includesEquivalency)_SomeCollegeOrAssociatesDegree_HasAComputer_WithoutAnInternetSubscription,HighSchoolGraduate(includesEquivalency)_SomeCollegeOrAssociatesDegree_NoComputer,BachelorsDegreeOrHigher_HasAComputer_WithDial_upInternetSubscriptionAlone,BachelorsDegreeOrHigher_HasAComputer_WithABroadbandInternetSubscription,BachelorsDegreeOrHigher_HasAComputer_WithoutAnInternetSubscription,BachelorsDegreeOrHigher_NoComputer,stateId
77,49061,4994,7300,412,259254,12243,11745,195,126403,3948,2493,CA-03
0,96132,26717,25004,499,168858,16489,16342,31,40149,2563,1477,CA-21
161,47222,5002,923,503,214432,12037,4822,220,224453,4715,2591,CA-48
156,68477,11584,6378,365,279868,15846,10855,39,85483,1379,1157,CA-10
0,107552,24069,15892,338,166612,16674,12102,0,144429,6253,4089,CA-34
71,20846,1184,2178,247,168680,5756,5760,68,320115,4880,2926,CA-52
261,48278,3849,3671,430,227368,11209,6189,326,242661,5849,3326,CA-30
269,19142,2901,1081,0,139365,7347,5138,89,334345,7945,2884,CA-18
104,89729,14341,4844,74,190800,13324,7354,198,131958,4702,3063,CA-20
87,52688,4441,2534,717,310938,18174,6356,119,140046,3308,1252,CA-42
0,56730,5969,5626,1592,239039,9772,12096,52,128006,2397,1278,CA-25
42,84769,10498,9916,189,236306,21338,9098,120,100645,5135,1801,CA-32
111,93396,6571,8458,156,218964,13242,10744,0,144586,3251,2207,CA-43
0,102613,14529,7804,38,238058,16447,6649,48,82887,4171,767,CA-35
40,46642,6335,8755,272,158076,15824,15154,246,284309,7301,3822,CA-13
364,123822,19933,10692,330,204205,18091,6403,121,63519,2767,1192,CA-44
0,45432,2278,1656,497,199323,5013,5485,0,227988,5466,2210,CA-49
0,51362,4361,2399,1285,256846,12600,10419,483,167137,3183,1204,CA-05
157,114350,9799,11330,292,211289,10796,10431,167,99997,3093,3014,CA-29
253,39419,3231,2213,949,272385,16175,8829,75,173199,3049,2348,CA-07
29,44343,3329,2271,315,220599,7008,5424,237,210152,3670,2524,CA-39
0,53204,4270,2976,47,264768,11566,8990,86,150317,3512,1963,CA-50
0,50037,8807,7825,1026,264247,14690,13402,521,100328,3303,2087,CA-23
127,97149,11225,13244,126,232270,15596,10124,61,68746,2256,2526,CA-51
7,33788,4008,4997,1286,270412,24570,17884,288,118968,5723,3087,CA-01
35,144608,22694,16401,208,179176,17260,5956,205,41361,977,567,CA-40
0,25369,1568,1304,119,195527,5313,4888,129,303068,5173,2098,CA-45
0,55035,15668,9084,427,243500,20344,11683,0,111651,3210,2026,CA-22
288,71226,13003,5271,642,261852,17183,9234,35,108476,2827,1081,CA-09
78,53174,5990,6157,90,191703,14065,6462,117,229049,6326,3856,CA-27
0,50481,2592,4596,145,199440,5613,7107,102,261746,3702,3084,CA-14
0,34448,4537,3750,756,213227,12399,14860,132,210429,4668,3224,CA-02
125,39735,3968,5865,331,219030,7008,14421,151,310956,9019,2954,CO-01
11,31604,5732,6462,1578,260472,27684,17582,693,165583,6025,2535,CO-03
0,40569,5917,4426,626,279685,12485,12713,282,209428,3983,1761,CO-04
85,16623,1874,1428,595,199750,10925,7319,696,305770,10012,2686,CO-02
0,38739,1844,1828,785,249013,9088,6755,28,238140,4840,2116,CO-06
115,26685,5129,6874,698,122537,19001,13850,136,288968,7610,2206,DC-98
157,35098,2452,7591,493,242583,12218,17515,305,175154,4269,2084,CT-03
36,35998,3384,6582,441,166317,8238,9538,151,254500,3707,3154,CT-04
80,20172,3723,5513,461,247107,11832,14661,425,169238,2547,3023,CT-02
440,46106,9022,10457,631,340766,30625,21261,168,130907,6390,3257,FL-17
56,35874,9296,5237,624,330265,43215,15309,75,134343,9477,2068,FL-06
0,41528,7966,12176,120,252528,25276,23622,112,92337,3239,2958,FL-05
110,64688,26971,10541,157,230245,59314,15749,61,94589,9078,2223,FL-24
122,45894,5287,9838,825,373272,24822,16139,526,139741,5393,2782,FL-11
0,35097,3311,3048,116,248389,21652,6858,201,209693,7122,1905,FL-23
0,35678,4655,4960,972,317774,19726,19216,219,169028,5223,3597,FL-08
74,46143,4188,5951,173,311910,17327,10497,105,182736,5335,3311,FL-18
0,59650,14636,10229,353,273717,39637,15128,0,104571,4420,2728,FL-20
0,98841,16098,19774,44,240036,21795,16259,529,145021,5766,2333,FL-25
309,29231,2750,7005,733,265582,16908,13593,157,147013,3916,1272,FL-03
0,52303,15551,6489,182,263140,20588,10112,0,173361,4468,2758,FL-10
0,30029,3898,3365,257,273535,16120,11423,156,240540,3530,2874,FL-04
53,39627,5032,6256,323,274927,24458,14345,122,176073,4903,4385,FL-13
124,79574,10712,4297,274,248682,25320,8469,46,139138,11983,1907,FL-26
0,35754,4087,4908,268,253205,21223,11026,121,226030,7612,4266,FL-22
425,60683,10035,8474,2411,332732,34964,13398,526,156595,4091,602,FL-09
35,53258,5997,4367,365,328573,17581,9804,303,203635,10335,3103,FL-19
0,34993,6374,7081,957,303248,19478,16702,245,140899,4206,2223,FL-01
0,33563,2974,2478,203,261690,15740,10778,96,223012,6248,1680,FL-07
0,45940,23506,11254,231,197749,34635,11430,134,209659,17081,2327,FL-27
283,36428,5374,12081,349,266940,26807,18000,317,126479,2382,1814,GA-03
166,34223,6745,13902,712,237807,19532,22458,48,141515,2491,1417,GA-10
0,46061,7261,9133,114,262946,18983,10423,77,152587,3570,3128,GA-04
61,33523,5390,9144,93,180591,24382,20460,0,243139,8236,3164,GA-05
68,57139,10872,14338,588,270806,20360,20753,230,122803,2857,2045,GA-09
107,39500,14398,3854,69,214722,14791,7366,119,237379,5702,1531,GA-07
0,21457,2587,3300,198,138578,6786,5786,458,329903,4352,2061,GA-06
111,35338,7663,9166,660,246597,38671,16527,78,120888,7218,2291,GA-01
0,39795,2783,6671,162,227184,15797,8103,125,222434,2690,2920,GA-11
0,32142,10498,15049,862,224670,33817,29211,66,97156,5218,3136,GA-08
49,34639,6069,5275,1263,289539,19819,12984,198,157926,4666,2153,ID-02
72,30697,3614,4692,139,250596,12623,13499,92,177557,6913,2938,HI-01
0,36521,5276,9024,216,230504,23000,25113,100,143209,5677,3047,IL-01
0,42918,5564,13780,396,167921,18251,20639,117,214741,11912,2813,IL-07
0,34915,3505,7698,222,257267,18224,21379,134,99576,4587,1558,IL-02
0,26029,5946,5391,0,161809,11870,15960,0,289727,9124,3931,IL-05
195,17914,6201,6485,993,215521,27884,24354,321,130326,7333,2032,IL-13
138,18037,1371,2033,181,191162,6926,7971,87,254701,2686,4638,IL-06
62,40483,3394,6821,331,183000,9974,10898,137,200891,3023,2880,IL-10
181,79492,14731,9244,137,180448,18712,22780,52,118563,4938,2126,IL-04
50,27889,5754,5534,130,149683,14003,11828,88,271271,7856,4015,IL-09
342,25216,5693,9899,951,256252,20709,28322,354,106414,3773,1388,IL-12
0,47123,6093,4444,269,235325,11839,8224,214,164712,3101,2222,IL-08
139,26662,6161,7300,1102,265326,34487,22288,278,129486,5489,2268,IN-09
418,30084,3519,10243,1208,273398,23177,23278,260,101534,2718,2001,IN-08
78,30471,5048,6774,957,277964,23222,22217,474,106963,3365,2914,IN-01
0,19018,3437,6426,476,211402,16681,14471,146,247411,5186,3310,IN-05
0,55001,7304,12068,288,245351,21866,28528,68,120207,2167,2814,IN-07
40,23864,2750,6452,2311,285426,22262,25449,313,135494,4674,2194,IA-01
0,25418,3730,9838,1877,277647,21679,27092,464,140566,4729,2864,IA-02
243,29685,5060,8007,884,231253,22491,19978,439,105345,5680,3042,KS-01
0,29516,2812,3646,339,207849,8864,11690,188,245970,5053,2209,KS-03
40,18579,5032,5499,850,232276,34941,23751,82,126641,7776,2354,KS-02
24,33063,7513,8978,718,245949,21137,19329,126,162274,5327,3218,KY-06
104,41056,6492,16774,594,276964,25051,26840,41,77844,3488,2367,KY-01
190,56865,13605,30275,441,241873,24439,31419,0,61123,2755,2439,KY-05
141,34793,16265,17581,608,235483,49033,30498,8,87499,4394,2997,LA-04
0,51034,12430,17082,83,254555,31841,29132,0,126739,8532,3063,LA-02
0,44282,7741,12007,218,260464,22812,20137,166,169766,4305,2685,LA-01
75,41313,9286,19264,797,221130,36093,34312,67,79216,4817,3695,LA-05
0,17764,3672,6907,1271,232647,16971,15061,873,194792,5462,3690,ME-01
380,20900,4656,9565,1507,266031,27025,22218,644,111729,5915,3318,ME-02
173,28859,3396,10114,971,261922,15980,15761,71,163449,4083,2867,MD-01
22,29749,1907,6841,255,190403,9684,10204,101,266915,7908,2336,MD-03
0,51732,7880,4945,309,240841,19150,9509,116,178354,5794,1387,MD-04
0,33035,3869,6087,206,263332,14525,11686,61,170014,4018,1348,MD-05
49,30861,9197,11744,125,186632,29444,23361,42,188205,8653,3186,MD-07
0,36233,4751,5294,209,260419,12103,14046,167,161018,4108,2483,MD-02
185,36561,6008,5851,452,210475,15111,12797,188,222188,5983,1478,MD-06
75,41055,3812,3627,381,173920,10842,8365,111,284569,5161,2109,MD-08
0,25190,2093,6314,533,189010,10710,13573,248,266561,2847,3641,MA-04
0,54950,4452,12465,203,179707,16849,15964,340,247295,7340,3765,MA-07
116,25590,5431,5397,739,232916,14758,15292,175,202045,4283,3311,MA-02
0,29186,4587,8203,553,260852,14259,13593,49,197408,4777,3192,MA-09
121,34971,4972,3650,240,204550,16146,12874,0,267872,4809,3084,MA-08
16,35950,6933,9993,519,242570,22875,23380,350,144220,6649,3459,MA-01
0,24889,1099,4323,1263,161060,5839,12422,265,313508,5796,3674,MA-05
141,23813,3338,7351,1279,274350,22825,30325,269,124201,4713,3619,MI-01
56,28485,4398,6320,873,266500,20822,22123,248,126752,4409,3153,MI-02
162,31640,6207,8639,195,205734,22998,22632,266,156481,4467,3041,MI-14
62,27394,3465,7980,871,260550,16641,18373,14,155653,4518,2444,MI-03
102,32600,4566,9154,802,275199,24999,23965,232,90263,2329,2124,MI-05
0,45617,10974,11852,743,242534,31196,22490,174,64668,2800,1715,MI-13
357,35958,3155,5754,428,278748,13307,16563,209,156591,4241,2100,MI-09
0,19302,2318,3317,733,229881,13916,12609,123,201455,3778,3057,MI-08
368,19765,3761,8369,1444,253922,25614,24049,226,98367,4311,1834,MN-07
49,21803,1751,2999,892,262125,13490,13321,266,147798,4803,1552,MN-06
81,22434,2474,4586,1055,238201,14198,18819,327,134731,3308,2262,MN-01
32,17650,2267,1527,675,211125,8363,8815,0,246940,5763,2405,MN-03
67,28119,4628,4196,549,184319,17675,12755,348,229483,9246,3585,MN-05
156,40831,7572,10690,656,266463,19353,18822,325,153500,5433,3884,NC-13
35,35683,6769,12267,432,240769,19238,19220,594,183438,4798,1988,NC-09
76,19780,3208,6735,1055,261764,26489,20451,296,141070,6886,3897,ND-00
70,30500,4705,10742,315,249438,19080,19378,172,162618,3246,2251,OH-02
0,27101,5101,14233,756,283715,26257,34382,149,80661,4077,2650,OH-06
118,28651,3754,7335,1579,290834,24280,21070,219,93462,2522,1323,OH-04
73,18887,1633,10632,729,260306,16667,16638,192,174705,4016,2417,OH-16
0,29523,9318,11689,579,203766,51837,23162,109,121098,7073,3151,OH-11
37,31686,3429,5698,270,282312,15681,18694,330,118331,1553,1919,OH-08
40,41113,5176,7217,373,271736,19368,15435,124,165435,4162,2194,OK-01
0,50071,8117,8227,316,249760,23614,21493,43,161420,4870,4073,OK-05
0,42104,3801,3459,1246,258028,16870,12770,388,263815,6730,2711,OR-03
60,36330,3086,5732,1248,328331,18112,17989,368,153729,4497,3128,OR-04
227,30573,5952,8965,307,167377,10516,11941,28,118787,3157,2262,RI-01
0,40311,7328,13875,539,249359,26245,20573,78,106245,5415,2847,SC-03
0,39945,11724,15987,48,278268,36883,23284,42,112833,3703,2463,SC-07
21,34522,13569,14431,1374,193639,43513,23787,31,89893,6955,2691,SC-06
97,37846,7683,16073,372,267485,22302,24413,59,131245,3277,2486,TN-03
580,34522,8094,12125,3625,248705,32682,24137,671,113184,5648,4388,AL-01
369,39778,14735,14040,1074,242529,24044,23969,25,110363,4051,1458,AL-03
0,35350,5654,9075,664,236077,21628,20107,383,162327,4572,2263,AL-05
116,49817,8662,20463,690,250028,24537,33952,136,78308,3297,1715,AL-04
59,31032,8197,17510,1104,214068,29775,33523,56,87813,4252,2254,AL-07
106,36330,7363,12691,871,235814,21243,24606,205,101024,3837,2565,AL-02
0,29168,4111,8419,442,223470,14275,13618,555,179949,3841,1991,AL-06
52,22587,4161,3068,472,257413,23171,10880,257,135344,5327,1899,AK-00
121,31663,11205,15306,941,243175,40244,30946,261,121864,4988,3133,AZ-01
82,80658,11598,13599,725,252809,19743,13030,25,74085,3480,1493,AZ-03
128,24051,4377,3488,451,292480,13231,9689,129,210611,3403,1883,AZ-05
299,45696,7216,6766,1161,358522,26436,17746,462,120739,4154,2077,AZ-04
92,98099,34896,10639,354,223995,38785,15589,233,73759,4955,1387,AZ-07
12,32313,5264,4399,315,249752,16465,15107,202,174571,5374,2674,AZ-02
115,36233,10352,2814,230,254085,22862,8373,468,251175,6274,2049,AZ-06
0,37766,3041,3218,887,312329,14306,8841,150,171944,3052,3109,AZ-08
123,49485,12279,11666,843,260144,26176,17218,302,147393,4341,3663,AR-03
0,32004,6165,10331,692,258730,25530,23207,105,144627,4135,2832,AR-02
124,74885,10014,7567,260,277182,15945,13685,71,123688,4051,2762,CA-36
0,115063,14207,7591,247,209118,12838,6938,83,93784,4176,1856,CA-46
0,13224,1024,1841,188,136576,7867,5238,250,325378,8349,3855,CA-33
0,43203,3965,2878,300,215905,7996,6205,0,257480,4431,955,CA-15
0,74427,7128,5430,269,215735,12591,8878,76,162422,5475,2473,CA-47
133,26837,5520,14766,900,233382,19745,25384,186,141105,4862,2836,TN-08
125,41535,8811,15701,370,291421,26683,23698,100,131705,4723,2670,TN-06
176,114401,14307,28188,87,208379,14800,20715,40,49369,1964,1340,TX-29
0,50784,11273,17209,158,262418,23683,19489,0,93662,3092,1721,TX-27
100,46129,5838,4098,496,268537,19282,10891,78,121395,2425,1728,TX-14
295,62216,10149,11713,384,249276,30265,17749,147,92163,4216,1907,TX-05
0,38735,6733,5790,1272,268780,18639,12190,261,244260,4749,2409,TX-10
55,71947,13717,21491,152,252899,26606,18563,0,129610,6570,3015,TX-35
0,45161,3754,4101,57,258797,12266,8434,155,277611,2894,1524,TX-22
106,45978,9519,11216,391,215325,24091,15507,109,100692,5777,967,TX-19
0,16708,2050,2457,179,204976,18104,5869,339,172408,8652,897,UT-03
0,30484,4691,2334,943,266712,14981,8752,156,149744,5398,1871,UT-02
127,32689,8262,9561,306,268406,25719,16536,103,124976,5909,2157,VA-03
42,34664,12111,13121,248,251547,20024,19952,208,152757,7615,2521,VA-04
23,27447,3092,5186,415,242402,14557,10332,126,178061,3388,2578,VA-02
61,38685,7914,12779,550,251749,23727,22983,319,136057,5776,2409,VA-06
0,25839,2132,2067,49,248738,10360,5906,64,242548,3604,2713,WA-01
33,25337,1766,3291,1321,270392,16968,15907,147,141602,3990,4153,WA-05
0,33944,3119,2367,466,286061,12087,12227,234,172987,3295,1848,WA-02
44,25106,1591,2780,913,283414,13547,15048,183,167588,2855,2895,WA-06
321,38415,6521,20056,1401,216989,19738,26139,67,64248,2797,1860,WV-03
0,28758,2944,5415,568,266659,15561,18128,556,145580,3074,2879,WI-01
182,18837,1086,4960,954,258413,12824,20477,440,192505,3440,3574,WI-05
152,17659,2780,5056,1099,228243,12688,13438,382,226390,4626,2478,WI-02
0,14794,2483,2798,1151,220130,17189,10849,304,104478,5007,2600,WY-00
189,22996,2487,8357,784,268536,15014,30884,175,129360,3372,2935,PA-14
0,30077,4063,6539,1194,191442,11327,13169,122,221235,4018,4175,PA-06
293,25832,4449,16057,2086,250603,20375,32213,293,105813,3634,3039,PA-12
156,17449,1195,3969,865,208963,9659,10657,297,272324,3340,3163,MO-02
0,30062,6177,8787,162,235078,19225,25030,108,156283,6145,3888,MO-01
155,32049,4976,7911,768,274148,26740,21300,158,146100,9474,2642,MO-05
149,23745,2427,3109,908,214859,14257,14892,124,131230,3915,1812,NE-01
22,28135,1133,3174,442,195879,9279,13267,95,179354,5098,2154,NE-02
0,50330,13772,5211,255,284669,27076,17184,69,98054,8163,2218,NV-04
0,25221,2000,3770,626,241483,12088,13936,65,181151,3427,3292,NH-01
82,23018,2255,5407,1105,274074,11959,12033,0,182790,3600,3321,NJ-03
56,21640,2646,4804,606,214293,15821,18561,80,214765,5230,3444,NJ-04
79,40372,4471,9896,739,259735,17873,15962,113,130398,2961,1978,NJ-02
45,19753,886,1298,510,174811,6122,7418,71,283047,3790,2955,NJ-11
36,69305,12031,15829,618,203667,21415,13684,163,181390,3834,1949,NJ-08
48,47232,15679,19517,781,215829,27463,25549,164,83857,6867,2643,NM-02
63,26043,2744,6073,725,220746,18309,16269,241,188852,8861,4373,NY-20
282,29661,6306,11459,1356,255394,17878,23682,492,113650,2775,2845,NY-21
0,42927,3742,2931,158,201678,21875,8990,38,210989,7411,2943,NY-04
109,31191,3557,8934,1396,252082,17048,22490,341,114455,4284,2538,NY-22
164,28488,3309,8502,816,248054,19084,22893,288,149056,3860,3093,NY-19
130,21583,2423,5099,981,267077,16295,20022,277,160978,6107,3277,NY-27
256,75836,10558,12184,333,210611,24567,14151,0,133819,3637,3678,NY-14
41,28379,5396,8364,947,237566,17971,22746,426,145225,4654,3682,NY-24
0,53254,6525,10326,506,220553,12248,10364,185,165936,2844,2739,CA-26
248,75509,4592,6755,301,212068,7062,7312,48,181493,4370,1711,CA-19
0,59835,4129,3397,329,207384,9891,9400,331,161127,3711,3066,CA-24
136,56549,4906,5508,272,262815,12895,13029,255,144584,3927,3099,CA-06
0,60302,3084,2334,334,209759,5935,9118,133,233445,2752,2609,CA-11
47,61440,7404,5974,100,256848,16656,12809,39,73779,2299,1200,CA-08
70,40001,6588,8523,536,192902,11276,13919,315,249332,6439,3182,CA-28
0,47690,9714,9026,416,145670,14787,9150,288,365943,7401,3681,CA-12
0,28980,3906,3560,1546,283951,15572,10008,324,186982,4823,1939,CA-04
0,98287,7263,4140,104,256015,14828,7761,0,79727,2716,723,CA-41
93,39944,3174,2947,256,164541,7326,4156,190,337130,3800,2006,CA-17
156,72649,10901,6144,466,241275,17267,10915,218,114922,3216,1355,CA-38
55,20645,949,4546,1370,278698,12119,10359,419,201713,4148,1612,CO-05
0,47629,5544,4594,310,262261,16052,13812,322,194255,5046,2284,CO-07
73,44304,8395,11151,259,341152,23076,19172,328,220188,4040,2618,DE-00
85,33011,3942,6393,1287,221772,16346,13516,613,180213,5735,3919,CT-01
206,34174,7138,10033,356,225310,15498,16113,810,170371,3397,3498,CT-05
0,47150,6553,7184,79,262213,14455,9208,127,213714,3746,1089,FL-14
50,47915,3515,4505,216,330183,29458,16058,247,203189,9461,3035,FL-16
307,51088,7818,7391,357,306173,26826,10294,135,135206,6512,2358,FL-15
273,40412,6129,4588,614,322170,32791,16657,138,164357,3948,1458,FL-12
25,35572,7508,7364,407,256007,30075,15643,141,117739,4655,1597,FL-02
152,46181,12217,7415,832,267468,21219,14894,441,203933,10327,4607,FL-21
0,41643,4567,5357,493,272050,24653,9297,0,145613,5528,1289,GA-13
464,33359,11145,19231,990,211334,34875,31351,39,73084,4072,3430,GA-02
0,60285,10752,15352,640,264066,21360,17391,364,84782,2428,1867,GA-14
86,38270,12741,13506,291,232342,35159,21361,96,95108,6770,2796,GA-12
334,42227,3461,4827,1662,351980,23496,18843,747,161687,5246,2691,ID-01
104,23505,3625,5539,292,256638,16216,17774,359,136868,4176,3611,HI-02
162,16637,2469,5906,865,237482,22702,22061,311,153068,5102,3028,IL-18
199,23491,1615,2354,442,234271,7746,7447,74,204239,2090,1758,IL-14
202,29638,3764,5910,288,276042,18024,21425,135,106583,3533,1303,IL-16
77,32098,4383,9539,1679,251838,23248,29112,224,84895,3232,2816,IL-17
129,45873,5857,5612,510,228880,17845,20786,169,141086,5357,3775,IL-03
43,43038,6848,5782,161,212543,13252,11167,0,170887,4354,1992,IL-11
211,23348,4736,10708,945,271101,19378,27842,341,92413,4475,2134,IL-15
95,39661,5434,12849,1069,253758,25097,22076,272,98623,4791,2603,IN-02
721,33656,5916,11201,1895,273325,22761,25068,123,99384,3478,1952,IN-06
28,34873,5623,18125,1214,264718,20972,21286,177,114014,3087,3355,IN-03
124,32729,6227,7307,1764,267205,24444,16680,416,123305,5501,2655,IN-04
158,28472,2456,6686,2398,269756,24740,29227,371,114872,7505,3630,IA-04
187,28172,4170,7080,902,273026,26363,19751,397,187146,7792,4308,IA-03
63,32395,4806,4428,529,243432,23731,16468,15,134836,3510,3745,KS-04
431,42948,6833,11809,947,285711,25780,21555,205,109332,1787,2240,KY-02
123,32314,3655,6552,674,251612,16386,19227,128,167039,6081,3209,KY-03
79,32444,8404,10647,967,261050,24745,18504,581,143635,4222,1692,KY-04
70,41197,5385,8892,570,273637,19375,14813,281,152695,4011,2333,LA-06
156,45945,8528,18512,477,274732,19374,26592,47,116756,2226,2704,LA-03
181,27534,4979,5609,462,216905,12812,12409,80,251223,3865,3476,MA-06
0,36253,7303,7509,538,240566,13099,15657,76,196913,3937,3930,MA-03
136,26806,5612,5696,1019,268721,19341,23153,110,125334,4393,2569,MI-07
104,30804,6890,6230,1155,247409,22717,22302,129,127907,6497,2449,MI-06
129,31732,3398,5330,1141,300024,17494,18366,79,121566,2970,2533,MI-10
84,25303,3802,9034,1708,269859,23245,26096,432,106412,4208,1722,MI-04
0,18114,1377,2886,455,223123,7733,9815,506,250160,4288,2436,MI-11
206,31962,2720,5493,373,225992,18109,12377,215,152858,5330,1917,MI-12
164,18265,1656,2617,693,233409,13252,10191,175,191053,2992,1259,MN-02
72,19149,2799,6108,1899,271138,22665,22944,552,108124,5107,2283,MN-08
88,28991,1404,3815,1152,199160,11569,15156,10,208107,5174,2725,MN-04
69,36806,9431,3507,174,240315,18969,11270,91,219610,6320,1736,AZ-09
113,36917,10015,17263,952,262758,38599,28812,209,70445,5337,2703,AR-01
110,34054,8780,15684,697,253994,36583,35357,23,76613,4618,3179,AR-04
103,113307,12775,11183,387,209767,16276,10621,195,55038,2465,994,CA-16
44,75735,14365,7665,44,175412,21430,10359,97,198677,6367,2338,CA-37
38,44033,1477,3288,264,259177,7564,6283,0,217040,3674,1829,CA-53
0,62881,13346,5105,542,235265,21192,9752,35,119110,4873,2102,CA-31
36,46186,7703,12694,317,293805,25922,17700,32,120722,5139,1787,TN-04
202,23102,3717,10784,1372,240877,20915,25057,131,120980,6707,3389,NY-23
63,45698,11717,13609,118,186070,23527,14925,58,195903,7706,3572,NY-16
44,49535,8164,8008,1750,213772,17116,15920,799,181560,8238,4781,NY-11
189,93595,16544,18196,229,206812,22979,16548,227,60537,3524,1399,NY-15
0,48444,7831,14835,255,230687,20687,19496,321,180710,5116,6178,NY-08
44,22288,3612,6712,44,100235,7973,6856,111,403604,7849,4480,NY-12
63,29093,3138,6321,674,232032,10273,14047,149,168137,2633,2905,NY-18
0,48000,8715,15918,268,219348,31912,28520,49,137656,8141,3359,NC-01
201,42373,8301,9619,484,287336,28202,25615,231,152004,6336,2456,NC-07
0,34739,6296,8650,251,275491,21877,16302,84,222264,4831,1512,NC-02
0,50053,10466,15554,508,263671,34241,27188,0,126296,7445,4326,NC-06
155,33937,6678,9794,512,273933,26283,17199,180,121308,4072,1510,NC-03
0,44653,8776,12406,710,278091,27700,24759,325,134423,3974,3799,NC-10
9,30522,3905,4205,1064,190666,11425,7305,83,315520,6840,1398,NC-04
141,42127,8886,14481,1386,259842,27563,23416,167,135419,3846,1577,NC-05
112,26138,3106,7817,424,233420,12720,13046,113,180211,5141,1804,OH-01
16,41579,9714,15315,2417,288758,26104,27062,315,140213,4762,4264,NC-11
81,37730,4823,9782,1508,286250,17591,21385,276,139735,3823,3603,NC-08
0,49278,6736,10184,0,250733,16921,11043,0,239017,5641,3077,NC-12
32,30544,7108,20013,1149,272561,28928,25136,115,98146,4289,1660,OH-07
88,20204,4997,14216,1188,249626,20813,17947,224,164311,3645,3356,OH-14
47,45043,6160,9038,381,267824,18940,15766,125,149926,3586,2333,OH-03
0,27397,5229,7911,295,256388,15094,20138,0,146474,3248,2321,OH-10
166,21666,3651,6009,994,276708,16846,20112,163,130823,3962,1912,OH-05
176,31438,4268,9232,789,274666,22339,26427,72,107869,4601,3746,OH-13
76,28044,4627,7332,835,259124,17496,15820,159,180185,2731,2781,OH-15
376,38093,8939,9743,942,249411,24691,22180,46,105461,3802,2793,OH-09
150,24027,3474,4615,438,244967,12326,13398,296,221803,2990,2257,OH-12
218,36848,11374,15889,1274,259277,46523,31068,190,77963,6015,3199,OK-02
18,40716,7314,5983,566,264210,32267,20231,52,110826,5238,3791,OK-03
9,34674,6472,7694,177,282492,25153,16509,0,125635,4186,2406,OK-04
0,34757,2510,2583,1026,280562,18466,9516,300,236766,5365,2095,OR-01
150,45427,6960,3672,726,295947,21791,14168,251,175416,5819,2610,OR-05
0,41966,9405,5337,1840,315032,29721,19935,232,152687,4165,2855,OR-02
126,23887,2025,4137,235,184794,8844,13255,147,128937,2815,2463,RI-02
185,26196,9106,6284,464,242841,43370,11760,421,219472,14147,2577,SC-01
119,39532,8267,12735,423,244072,16249,16535,70,164310,5415,2183,SC-04
38,35241,8148,10230,958,273345,24998,16529,0,127093,4421,2667,SC-05
40,32568,6687,8862,748,236655,15483,14077,294,167324,3496,1332,SC-02
57,26527,3944,9354,1130,300409,26677,27887,224,164410,6054,3120,SD-00
187,39310,9815,21566,196,267718,28877,28325,201,106610,3910,2491,TN-01
240,38695,8387,7334,773,212925,18452,15552,593,225424,4164,2344,TN-05
10,33406,6095,11108,239,259158,19045,19950,263,164282,3958,1771,TN-07
67,32439,10422,11358,437,254267,27886,17745,134,154790,5615,2763,TN-02
0,36675,12875,10832,24,207554,27343,43395,47,101634,5293,3304,TN-09
131,77302,25660,15905,153,208570,23601,9196,33,86113,3355,1251,TX-28
77,44451,10609,8221,1653,236848,34713,21814,182,95936,5457,3123,TX-01
0,35694,8919,3993,110,191113,13345,6296,36,253925,6591,2254,TX-07
0,43801,4848,4719,483,277371,11966,8069,138,163848,3470,1555,TX-06
0,38790,9827,10289,69,220502,24379,16518,0,147755,6800,2944,TX-17
679,54195,6489,8616,509,285544,19296,15750,0,93688,1704,1579,TX-36
0,62958,7354,13515,71,225427,16965,15157,0,105341,4716,2000,TX-16
56,37923,9428,3075,55,223163,15790,5598,253,270488,6763,997,TX-24
0,125263,24479,17182,274,186806,17909,12498,141,53994,3068,707,TX-33
77,54236,11835,8859,278,266955,29968,13451,255,111309,4235,3003,TX-11
0,79100,25659,23487,216,192421,30091,11753,57,93023,5955,1829,TX-15
24,57071,20373,19750,158,216798,28909,20503,0,110510,5941,1562,TX-23
365,44344,7904,4204,296,284221,20822,8317,71,170989,4007,1866,TX-12
0,55830,6164,6041,989,290305,19152,12113,1104,174327,3225,1304,TX-08
43,68370,26148,30354,250,172877,33803,19297,94,59111,5007,2059,TX-34
94,64153,13309,21120,590,212551,30589,33157,39,104960,3925,1937,TX-30
84,79661,16391,15547,302,228661,28451,21779,135,114781,2178,2545,TX-18
144,47022,4068,9417,269,208130,11945,8671,267,229215,4811,1498,TX-02
0,64742,13501,14493,253,253247,28279,15053,152,116796,7846,1111,TX-20
165,28094,4447,3655,434,242669,17412,7875,478,264763,10665,2045,TX-21
0,35989,3615,4065,160,305232,13720,10709,60,210060,3614,1848,TX-31
109,34482,2650,5912,347,239638,14926,13354,467,213948,5445,2672,TX-25
130,47331,7394,4942,172,203988,13196,4241,110,227767,3996,2622,TX-32
0,25126,4998,2205,54,227101,10686,3953,56,324428,5500,733,TX-03
111,44519,9202,8369,548,276119,26076,24642,94,115691,5397,3074,TX-04
124,47497,7458,8255,277,240113,25667,18857,37,91769,4019,2559,TX-13
0,37314,3079,2476,169,268382,8136,5068,0,267366,4975,1637,TX-26
108,79926,11518,13445,202,231009,17392,13167,0,127194,3891,1376,TX-09
250,19214,2625,7228,2155,197858,20596,16674,544,159277,8862,2597,VT-00
32,27206,2746,2281,646,262100,9773,7413,613,142013,3616,520,UT-01
0,32924,2282,2590,838,274368,14317,8171,356,166698,5491,1005,UT-04
0,34061,6926,7972,521,262577,20543,10769,94,202796,6684,2001,VA-01
0,31612,3705,2963,371,188107,10446,5618,262,313015,5033,1401,VA-10
328,32294,10096,19490,803,226361,32791,34073,251,138907,8280,2723,VA-05
87,32193,5443,6643,384,245156,17684,14571,156,218563,4093,3175,VA-07
36,38176,4441,1506,237,175295,4712,3211,213,300093,4056,1938,VA-11
126,36903,8494,21745,1177,237649,34960,31175,463,99501,5109,3088,VA-09
43,37331,4041,4009,0,149043,7346,7294,456,355556,6940,3405,VA-08
0,32736,5220,4904,581,305446,17348,12087,352,135909,4764,1750,WA-03
0,36708,2682,4128,304,298399,17896,10694,55,139294,4222,1938,WA-10
363,74111,5252,7938,461,234720,15444,12956,47,97060,3278,1350,WA-04
69,23962,1484,2800,395,171901,10033,8003,322,367060,6434,3289,WA-07
21,45107,3952,3315,417,221035,7455,8778,39,232041,4693,1375,WA-09
41,37182,3538,2305,644,261356,11876,7127,577,184148,3690,1293,WA-08
30,28920,5250,7951,1493,226542,19917,26359,194,93018,3485,1947,WV-01
268,30676,4629,13373,1390,243210,21398,23336,143,95967,2655,1723,WV-02
301,18136,2796,6862,1928,267342,17917,25443,284,121176,4057,3354,WI-03
140,39015,7566,10448,479,205186,25822,24748,272,123858,5295,2143,WI-04
419,22349,4042,9915,3715,286803,25959,27186,744,117727,4303,2331,WI-07
76,22709,2231,6416,1818,274023,14616,25558,582,132230,3771,4184,WI-06
265,23868,2134,7586,2009,287664,18304,23295,188,132726,3227,2679,WI-08
5609,210385,58832,204138,12882,819230,123020,218115,11631,520542,39148,48803,PR-98
0,45261,10787,17948,498,261456,28599,27953,105,100583,4386,3985,MS-01
219,37036,12128,15977,815,219125,37526,24751,128,121144,6589,2204,MS-03
106,37146,8356,11417,336,265855,40472,30950,433,104071,5726,3611,MS-04
96,37021,13294,24603,268,204068,35276,34438,148,75627,5250,3863,MS-02
0,17150,2886,5061,102,222780,15379,26448,90,189289,3788,4199,PA-18
147,31397,5331,9046,1458,259998,17960,21244,570,145388,2951,2986,PA-07
106,61881,12240,16243,241,241342,20107,19718,354,104411,3023,1544,PA-02
0,15872,1269,5240,508,237050,13915,21700,198,212660,5014,4098,PA-17
0,19887,3556,5087,433,239866,9537,10201,216,211689,3201,2223,PA-01
211,30134,4573,13886,2098,280401,17444,32062,312,97422,1574,2777,PA-13
76,24677,3861,9336,932,248027,17158,26257,491,125961,4366,3376,PA-16
257,29249,3303,6746,1975,282394,16671,24073,316,113734,3224,2992,PA-08
90,28889,4324,9558,701,258245,14699,21664,369,160381,3115,2754,PA-10
369,39199,5637,17607,2134,251548,17096,22976,390,135062,2912,2319,PA-11
205,32830,4564,12393,1572,281394,18565,27046,220,100674,2135,2844,PA-09
69,17438,2480,3996,224,209728,10194,10623,180,244328,3781,2132,PA-04
357,19362,3485,13240,2129,273133,20656,34541,326,93173,3988,2732,PA-15
45,28621,2962,4271,331,218911,16361,17799,86,185292,3978,1746,PA-05
348,30601,5214,10378,545,200396,21198,27701,80,199985,5202,3213,PA-03
157,38064,6749,10554,1452,277192,25583,30641,154,120914,5953,2885,MO-07
92,23816,5457,8449,1354,269926,25762,21784,112,142892,5126,1805,MO-06
203,47158,7794,14728,1458,272686,27146,28914,35,83268,4199,2282,MO-08
188,31534,5635,7305,1076,303363,21089,14824,194,150567,3636,2234,MO-03
341,32395,5258,7680,1605,263920,28759,24008,192,122037,5443,2892,MO-04
354,28149,3328,7475,3522,371933,33260,29846,725,233142,7777,5957,MT-00
181,23417,4374,6445,1176,221427,21040,23719,192,89034,3131,2667,NE-03
44,75527,19229,15158,300,233204,33512,17619,92,75059,7555,2320,NV-01
45,31698,2882,2094,227,329951,23062,10127,168,199102,9416,3844,NV-03
297,48757,4867,4608,645,280566,15576,13066,44,133863,4363,2312,NV-02
45,21686,2493,6350,965,237163,13944,14462,519,171517,3931,2476,NH-02
34,30166,4682,8376,726,255633,13218,15978,300,161809,2855,2121,NJ-01
65,44333,9530,13167,141,238266,20412,15015,125,157346,5020,4406,NJ-10
71,24486,1592,3875,436,200483,6213,10934,438,252583,3684,3163,NJ-05
79,22690,1521,2449,454,183099,4551,10835,225,274539,3617,4031,NJ-07
64,57068,2686,6953,96,241803,12802,17260,89,181857,3329,3053,NJ-09
0,41118,7209,6610,773,210242,13450,10372,217,194903,5770,1906,NJ-06
0,40194,3837,4398,206,192460,13496,11370,117,235103,6008,2741,NJ-12
0,36522,8700,8912,810,215853,26085,16032,1153,154261,7729,3908,NM-01
0,29694,10197,17006,1103,209128,37352,36786,668,121894,6772,3141,NM-03
42,41453,2363,2529,235,259313,9679,8151,58,153012,2494,2417,NY-02
0,29981,4612,8630,679,213167,14026,17052,307,190007,5956,3422,NY-25
0,26604,2739,2298,165,175912,5846,9021,195,282436,6748,3503,NY-03
161,42107,6294,10891,150,100300,9295,19008,383,318077,7054,6880,NY-10
74,87958,8710,23263,0,196124,12526,18267,182,165266,4493,4346,NY-13
39,26513,3673,8935,476,247901,15978,26701,0,147677,3600,2739,NY-26
0,44346,5721,11748,199,196101,17026,18129,182,196635,4703,4518,NY-09
0,31710,3420,3797,279,242772,5704,14089,93,182182,3316,4431,NY-01
66,75887,16137,18763,443,156417,18076,14836,248,167765,7317,3559,NY-07
0,34564,2835,7169,556,174651,7991,11107,175,236035,4361,3362,NY-17
892,60137,10202,9740,190,204972,20178,15082,479,187786,7058,5151,NY-06
206,72359,6156,6640,205,259319,20943,14585,216,126220,5271,2856,NY-05
