WithAnInternetSubscription,WithAnInternetSubscription_Dial_upWithNoOtherTypeOfInternetSubscription,WithAnInternetSubscription_BroadbandOfAnyType,WithAnInternetSubscription_CellularDataPlan,WithAnInternetSubscription_CellularDataPlan_CellularDataPlanWithNoOtherTypeOfInternetSubscription,WithAnInternetSubscription_BroadbandSuchAsCable_FiberOpticOrDSL,WithAnInternetSubscription_BroadbandSuchAsCable_FiberOpticOrDSL_BroadbandSuchAsCable_FiberOpticOrDSLWithNoOtherTypeOfInternetSubscription,WithAnInternetSubscription_SatelliteInternetService,WithAnInternetSubscription_SatelliteInternetService_SatelliteInternetServiceWithNoOtherTypeOfInternetSubscription,WithAnInternetSubscription_OtherServiceWithNoOtherTypeOfInternetSubscription,InternetAccessWithoutASubscription,NoInternetAccess,stateId
230144,491,229653,215602,34479,184294,11318,20446,1851,66,4290,20721,CA-03
150884,354,150530,127659,41162,100448,20489,13440,1531,191,4716,41017,CA-21
247667,563,247104,225013,23045,216995,20685,18992,713,0,3099,14033,CA-48
212038,345,211693,201504,31019,164890,7830,26158,1538,182,3941,22936,CA-10
212589,113,212476,198746,37607,170389,12618,11391,631,27,5977,38783,CA-34
272665,247,272418,255997,19121,248213,15384,13394,476,0,4267,10762,CA-52
263201,617,262584,245742,25136,231188,15323,25586,377,0,4503,15221,CA-30
254366,166,254200,240421,15325,234020,12500,12032,681,110,5225,12267,CA-18
206521,244,206277,194422,34334,161317,8827,20872,1275,283,4438,20173,CA-20
218287,320,217967,190078,18309,190976,22565,19175,2579,244,3559,14177,CA-42
200814,749,200065,169088,24280,168745,26409,18678,1777,0,5504,14764,CA-25
174086,333,173753,166236,22788,142280,5921,26217,445,0,2623,25733,CA-32
219736,137,219599,207868,36142,177644,9196,18361,462,69,5445,20922,CA-43
178151,86,178065,143363,22683,148351,33799,17101,429,0,7398,16420,CA-35
258889,587,258302,245355,26688,225554,11400,13225,934,244,6331,29676,CA-13
162666,374,162292,143130,30941,125597,12587,25103,645,49,6089,22275,CA-44
239906,358,239548,224454,14982,217912,13563,20036,821,93,3824,10173,CA-49
248077,1128,246949,226092,26453,208343,17623,21335,1666,377,4469,16134,CA-05
185844,288,185556,171462,24022,156283,12097,15769,1398,32,3395,22632,CA-29
251471,617,250854,229806,22475,219582,18380,22208,1141,203,5501,15799,CA-07
217223,366,216857,187530,23652,185930,27784,20044,690,52,2209,10305,CA-39
227796,86,227710,210680,23054,189359,13510,29695,2211,356,4999,12762,CA-50
216119,637,215482,192767,29506,171309,17665,24243,3615,364,5258,26283,CA-23
177267,227,177040,164102,33933,136812,11844,12627,259,0,4047,26537,CA-51
234474,1139,233335,202119,33747,170146,23822,38184,5113,717,6144,30705,CA-01
149317,243,149074,123952,31929,110956,20390,20062,1143,0,4170,25933,CA-40
269240,209,269031,251758,20600,243555,15960,20274,681,0,3631,9094,CA-45
215168,364,214804,194568,30331,172158,16981,21756,2454,36,5658,30170,CA-22
213782,555,213227,201092,37348,167392,10132,16229,1262,0,3791,24191,CA-09
220014,155,219859,206791,20591,177597,11111,33560,1091,64,3684,19999,CA-27
238052,190,237862,224972,20573,212108,11084,13594,765,165,3078,14000,CA-14
257559,563,256996,227317,25414,211909,24186,25132,4245,69,4182,24119,CA-02
338615,512,338103,315169,33368,296305,20746,16873,497,50,8392,21491,CO-01
257942,1506,256436,219289,35667,196880,30235,32197,4437,314,7381,38465,CO-03
291042,561,290481,270122,30290,237253,16710,35343,2134,365,6019,21630,CO-04
310386,945,309441,285219,28145,264912,20386,25936,2278,193,8239,15149,CO-02
283973,657,283316,264625,27523,248216,15901,17027,702,566,4585,12929,CO-06
255110,664,254446,240688,24201,227059,13320,7279,285,0,7606,28854,DC-98
247491,777,246714,213747,27757,214899,31130,7953,553,117,5587,26026,CT-03
241596,294,241302,217625,23319,215241,22731,7964,200,138,3589,18803,CT-04
251719,593,251126,226658,23013,222560,22563,12841,615,129,5280,21656,CT-02
261336,711,260625,228618,42938,206124,26492,21259,2463,168,7541,41382,FL-17
262156,556,261600,224620,50524,189629,32915,17057,1632,1029,13328,35490,FL-06
231044,148,230896,202697,49950,172176,24771,15335,1510,0,7924,42540,FL-05
186779,179,186600,147567,23674,156064,36303,14813,1507,248,12400,55073,FL-24
300675,959,299716,256377,29022,253006,36369,28667,2723,539,6969,33036,FL-11
251011,160,250851,229565,25140,220470,18669,21465,998,282,7314,18935,FL-23
266055,797,265258,231956,28381,228054,29194,18908,1913,0,5956,27574,FL-08
274775,211,274564,252931,29673,234756,19676,21804,710,0,6638,22887,FL-18
214833,221,214612,191318,39865,168116,19303,18048,1694,216,10936,34742,FL-20
211137,314,210823,190944,26840,179487,17939,26637,653,0,5547,35536,FL-25
248373,833,247540,228645,33796,197253,16103,21505,1377,345,5516,25836,FL-03
233800,141,233659,222150,23291,203412,10273,16238,548,99,5016,23380,FL-10
292527,218,292309,265985,40852,242779,24201,18449,1105,134,6885,18288,FL-04
260214,333,259881,237734,33420,223323,20771,9342,666,108,9079,27920,FL-13
204064,241,203823,179633,39756,159904,22683,13353,738,0,11090,19883,FL-26
278883,321,278562,261013,27636,244773,14882,19732,365,350,7369,23293,FL-22
254676,1073,253603,233091,38231,208828,18854,14114,805,77,7041,32009,FL-09
291200,410,290790,270073,33559,250266,18044,17574,983,30,9510,20770,FL-19
255575,991,254584,229705,25118,218441,22622,20076,1314,26,6109,31999,FL-01
277052,246,276806,261970,24097,248929,13520,11786,640,231,5056,19648,FL-07
230882,397,230485,215843,21363,205229,13471,12519,203,526,13150,43299,FL-27
232928,631,232297,207950,29386,191249,19855,21505,1958,550,5825,32306,GA-03
227529,441,227088,206789,31552,185337,17689,24915,1506,168,5760,38162,GA-10
240832,149,240683,224694,27064,200589,12546,25712,1423,203,5377,25604,GA-04
284460,93,284367,264587,41179,237555,17392,13804,712,309,10528,33938,GA-05
233579,622,232957,211724,36952,183423,18001,23332,1201,246,7158,32384,GA-09
246433,188,246245,237910,18925,222318,7005,21705,493,0,3041,24509,GA-07
280920,367,280553,266082,20984,252965,13490,15797,374,62,4609,12323,GA-06
225399,635,224764,196806,30598,185282,24918,16270,1620,154,10085,41432,GA-01
275778,242,275536,259722,23343,243546,14101,18512,1075,58,4831,18815,GA-11
201705,598,201107,168459,34791,153040,28377,20029,2385,85,7976,53524,GA-08
278353,1166,277187,246146,42080,211266,24794,33391,4482,207,10641,25336,ID-02
217337,246,217091,194793,23744,190864,21289,7595,130,0,6072,20031,HI-01
225404,242,225162,197473,36680,180935,25826,15880,1032,25,6632,39693,IL-01
257334,343,256991,236437,37620,208026,14817,19212,986,1834,13264,36317,IL-07
221678,347,221331,203119,40417,171548,15475,16879,1389,256,4698,33504,IL-02
270450,0,270450,243017,26382,236697,20666,15051,512,2286,7175,25927,IL-05
226988,1074,225914,186924,35171,177370,35115,20900,2241,312,16797,39716,IL-13
248957,294,248663,235353,17842,225804,12267,13794,330,0,3453,14351,IL-06
229164,327,228837,214963,22506,202099,12425,11265,749,85,3572,20711,IL-10
184641,286,184355,171204,33829,145181,10519,11603,271,705,5805,36611,IL-04
251956,177,251779,228357,26314,219664,20935,11891,826,420,8653,24876,IL-09
233270,1034,232236,208997,48033,167229,19475,20837,1565,909,8073,41491,IL-12
233070,421,232649,216604,26282,201040,14442,11389,357,640,2753,19861,IL-08
237200,1025,236175,213908,32713,184919,18966,23778,2453,155,6208,43676,IN-09
240924,1148,239776,210198,45731,175477,24844,23362,2776,374,4605,40801,IN-08
235580,984,234596,202617,26368,194273,28675,20512,1646,426,6594,37020,IN-01
279452,381,279071,258091,31790,237369,17527,19614,1788,119,6363,27260,IN-05
244017,147,243870,225870,46877,189117,15318,15962,910,83,7817,44960,IN-07
270661,1738,268923,228666,40500,213000,36157,22555,2205,291,9284,34485,IA-01
265563,1528,264035,241419,43986,205249,19276,22027,1979,195,10115,40622,IA-02
226891,1228,225663,202049,42304,168941,19695,19358,2080,166,7638,37875,KS-01
274803,415,274388,258089,26863,241569,14458,11669,837,177,5164,17912,KS-03
229520,639,228881,196681,36026,171563,25915,28253,4615,228,13068,43906,KS-02
265015,463,264552,239157,44219,209061,22737,18697,1592,106,9392,35271,KY-06
233315,433,232882,196717,56255,161207,31596,23778,3216,140,5112,45641,KY-01
198857,443,198414,165211,21329,166081,28323,17925,3158,63,8019,59260,KY-05
205742,686,205056,175585,50031,135287,24754,29510,3031,39,7048,71981,LA-04
234353,41,234312,209270,45386,177392,21397,27549,1899,89,8241,53908,LA-02
258598,200,258398,239717,33591,215522,15929,22998,1068,39,5312,35975,LA-01
199511,433,199078,178150,51559,124648,16561,31260,2859,98,11848,58557,LA-05
257644,1353,256291,225037,25200,222524,28618,11942,1515,57,8073,27295,ME-01
232040,1342,230698,187073,25748,191992,39106,14526,2334,688,10672,37894,ME-02
248371,615,247756,221697,37806,197467,23492,17158,1532,114,6735,25168,MD-01
265971,250,265721,246380,24152,237405,18482,9833,439,0,7048,19748,MD-03
247011,202,246809,229832,25909,216966,15649,11438,314,0,6572,20426,MD-04
238738,140,238598,217239,19353,213586,20190,11131,510,40,5947,17060,MD-05
225773,309,225464,203925,41777,179255,18878,9269,807,52,13418,40131,MD-07
254411,263,254148,229308,26841,223673,24086,10755,212,0,4209,23271,MD-02
246812,483,246329,225373,25639,212676,18779,14406,1073,60,5221,22466,MD-06
259715,332,259383,240275,27821,226307,18020,11698,543,130,5706,16839,MD-08
257484,434,257050,232032,22712,232634,24028,6179,333,26,4222,20985,MA-04
263174,330,262844,248383,31553,227579,13102,10658,255,160,6190,33005,MA-07
256711,728,255983,235005,26399,225153,19987,7773,278,77,7082,25225,MA-02
271758,478,271280,242235,26133,240571,27412,6586,867,0,7631,26481,MA-09
273925,377,273548,249951,25679,244833,22697,9662,443,40,7700,22608,MA-08
240063,593,239470,215809,41063,192073,21678,8705,789,213,14882,32120,MA-01
274958,895,274063,246701,22375,248251,26359,7363,243,96,4045,17856,MA-05
249133,1184,247949,210022,44459,179099,30449,27470,5052,424,7967,41648,MI-01
239693,977,238716,211972,42048,182279,23807,19145,2090,174,6408,34616,MI-02
229842,405,229437,208720,42073,180226,17089,14936,1983,307,6385,37705,MI-14
247791,733,247058,226016,43359,189544,18495,18667,1465,305,5415,30594,MI-03
240160,801,239359,199257,37153,192241,36798,14973,2099,35,6563,38118,MI-05
208192,643,207549,182504,40399,159228,21673,14705,1189,257,9404,47161,MI-13
274379,483,273896,251395,33333,234210,20468,12699,688,414,4116,26253,MI-09
257357,568,256789,235321,24779,222087,19040,16915,1010,103,4395,23067,MI-08
227346,1411,225935,194389,34790,171368,27866,24946,2221,216,8648,39219,MN-07
238269,760,237509,207603,34883,193524,28047,16646,886,125,6232,19247,MN-06
239291,1001,238290,212636,30227,192382,21969,19011,2513,144,7054,27322,MN-01
261910,482,261428,238836,19925,234984,20510,14566,576,101,4511,15129,MN-03
270417,621,269796,247177,31236,231680,20834,11522,990,68,9947,28789,MN-05
264303,458,263845,239827,34828,222407,22040,14886,914,193,8290,33928,NC-13
245740,525,245215,224802,28030,207133,17178,18462,1259,350,5354,34529,NC-09
273109,1141,271968,244381,32532,231778,24853,16621,882,164,13171,37239,ND-00
260340,452,259888,233644,32300,215795,22601,17259,2861,286,5448,35615,OH-02
219717,667,219050,186359,38439,159496,26970,24825,4015,77,7608,47813,OH-06
245667,1157,244510,217052,35019,194596,23786,20044,2318,248,7491,32897,OH-04
262900,709,262191,233221,26053,229488,26952,13903,422,180,7157,28740,OH-16
232455,433,232022,199511,35202,188139,29021,15697,2094,83,8378,66213,OH-11
247142,482,246660,225817,34166,199615,17951,17973,1314,640,4858,28620,OH-08
277865,550,277315,260211,44487,221758,14366,21593,1404,174,5550,31078,OK-01
270872,264,270608,240405,54687,203332,27565,20722,1119,419,7289,37734,OK-05
310809,1182,309627,290454,37706,264999,16849,10997,997,349,7641,23253,OR-03
299405,1189,298216,268037,39298,240186,24585,24647,3849,192,7980,28501,OR-04
174303,372,173931,156246,22166,147610,16750,6412,351,79,4874,22786,RI-01
218879,428,218451,198230,44425,162060,16419,21148,2180,146,6725,41067,SC-03
233350,83,233267,193535,34394,179080,26953,25434,11621,201,13127,43366,SC-07
184245,526,183719,167450,40821,133039,13404,23097,1598,508,11892,54869,SC-06
247166,625,246541,216959,40657,190707,26011,16435,1698,702,8135,39313,TN-03
215891,2506,213385,195887,52153,145872,12915,25183,2310,76,6740,45402,AL-01
226209,728,225481,203693,43406,162316,17190,28293,3777,100,7801,45226,AL-03
251400,661,250739,216539,35123,201015,27292,22762,5934,36,10538,31208,AL-05
206423,605,205818,187668,55907,132809,14044,24637,2368,87,5504,50938,AL-04
198568,709,197859,178855,45772,136249,14497,23431,3200,195,9378,51700,AL-07
215031,737,214294,194827,46279,154179,16354,19673,2536,76,5698,41451,AL-02
241274,551,240723,220033,42509,186736,18566,21913,1145,5,4949,26247,AL-06
221864,369,221495,204006,45758,166171,15806,15179,784,301,4508,25827,AK-00
215065,775,214290,185777,30390,160663,20419,29934,6846,304,6432,52201,AZ-01
211872,367,211505,190625,36616,161666,16464,25879,2845,352,6508,30449,AZ-03
279884,379,279505,261852,23354,247356,14608,25226,1280,120,4923,16060,AZ-05
286837,1291,285546,254149,42598,220393,22632,36699,4497,641,6951,35579,AZ-04
200559,419,200140,175893,46105,145477,20094,14899,1857,445,9970,47824,AZ-07
273767,445,273322,247614,35871,222559,21052,22392,2769,442,6075,29791,AZ-02
304354,665,303689,266714,26503,265249,30221,27839,3392,0,8506,20510,AZ-06
271486,742,270744,247175,32472,225675,19728,28332,1812,250,5645,16084,AZ-08
261432,845,260587,237307,38437,206466,19853,21647,1505,66,7137,41442,AR-03
252206,475,251731,225873,59002,177395,21567,23840,3142,43,4779,41856,AR-02
245781,292,245489,216397,30442,206999,27208,17973,603,126,8842,22758,CA-36
171871,162,171709,151928,22306,144369,18866,14025,509,0,2716,19915,CA-46
272547,255,272292,256919,18516,247562,13474,20431,736,313,7360,11748,CA-33
239023,174,238849,227786,18671,215747,9752,12586,576,460,2477,13139,CA-15
218882,317,218565,205952,26762,185511,10867,13147,871,161,4482,20630,CA-47
224149,744,223405,206581,39419,171248,14322,19072,1677,185,5221,42134,TN-08
251723,403,251320,224052,35060,202437,23829,24710,1628,332,9279,42646,TN-06
187658,212,187446,161217,36517,146925,25566,11006,336,0,3820,39059,TX-29
217011,189,216822,199433,44898,154274,12290,26973,3216,353,6310,39458,TX-27
242649,371,242278,226803,55387,175658,13152,19542,1344,362,4408,25684,TX-14
214700,555,214145,191901,43796,153089,17554,26044,3444,232,8325,38395,TX-05
292065,721,291344,270064,37778,239080,17796,22277,2264,366,4030,25628,TX-10
241047,170,240877,210919,37040,198286,28421,14812,617,318,11485,42439,TX-35
292438,156,292282,274416,23506,261535,15845,24659,432,968,3367,14875,TX-22
219109,419,218690,206947,44643,160890,9499,23247,1643,128,8761,35651,TX-19
209502,420,209082,194597,17329,181716,12317,18729,1140,76,14688,12173,UT-03
243663,899,242764,217481,34753,191552,18733,23095,4476,817,7096,18157,UT-02
251345,425,250920,234036,45942,200723,15425,17871,409,92,9318,33476,VA-03
239795,291,239504,223246,39562,189729,14400,14385,1175,21,6290,42769,VA-04
252695,259,252436,232884,29064,216721,17668,13071,405,4,4411,22073,VA-02
243005,631,242374,216760,46045,182082,21520,17694,2431,111,7809,40833,VA-06
271827,138,271689,254079,21583,240457,15207,13928,1153,394,4689,11957,WA-01
261225,919,260306,230251,31623,208237,23665,23253,4274,273,6967,27400,WA-05
271571,390,271181,245636,27455,234120,23542,14847,712,172,7169,17683,WA-02
268540,667,267873,241620,27050,230064,23768,15797,1135,281,6947,19050,WA-06
187522,1054,186468,151356,26359,149242,30302,14965,2996,300,6252,43524,WV-03
251516,660,250856,228076,30621,208544,20315,17348,1478,391,5908,27438,WI-01
270883,1080,269803,246968,32276,223679,19812,18991,1607,749,6445,25448,WI-05
289972,870,289102,264598,29726,244114,21453,22160,2032,122,8902,21549,WI-02
205377,798,204579,174439,29167,155387,24489,27620,3479,274,6562,21189,WY-00
247218,1065,246153,215133,34207,202650,27210,12155,2592,159,5329,40289,PA-14
242388,810,241578,222542,25797,212385,18051,7748,558,0,4082,23797,PA-06
224575,1751,222824,188543,30572,179826,30050,16067,2239,288,5669,45840,PA-12
284246,696,283550,264029,26888,249152,16908,21957,1236,67,3117,20294,MO-02
272313,247,272066,247995,41515,219007,20500,20721,1555,701,6763,41883,MO-01
274366,708,273658,249735,45248,218997,20987,16340,1497,195,14253,35676,MO-05
228317,783,227534,208338,26754,188078,17282,18166,960,310,6568,24242,NE-01
237832,380,237452,221137,29535,202504,14972,9771,460,67,6053,18992,NE-02
223992,272,223720,201922,28364,185611,19396,22392,1098,0,15933,26477,NV-04
248391,474,247917,225355,22467,221889,21458,7650,342,0,5935,20460,NH-01
259602,627,258975,236508,20724,233541,20897,8993,364,184,5517,19675,NJ-03
243548,443,243105,221527,22041,218683,20010,7399,392,107,5157,26912,NJ-04
239164,468,238696,196652,24131,208876,39637,11701,700,83,5268,27076,NJ-02
255023,452,254571,238672,21405,229619,14798,8298,420,82,2411,13550,NJ-11
245249,429,244820,230970,31914,203994,12346,8995,0,106,5885,36195,NJ-08
194568,609,193959,167104,36490,138172,17212,23764,3312,1367,10152,50205,NM-02
262722,709,262013,237633,27081,230898,22727,8313,575,228,9780,30350,NY-20
236598,1257,235341,190812,26128,196382,39710,15850,3324,153,7654,36513,NY-21
212323,103,212220,193037,17988,191711,16241,5719,456,178,11188,15060,NY-04
235246,972,234274,199697,28544,195460,31623,13615,1590,220,9679,32340,NY-22
234410,853,233557,189784,25103,196508,40247,15313,2279,155,7467,30364,NY-19
259614,812,258802,227578,35524,213794,28028,15402,2040,126,5973,31355,NY-27
205227,166,205061,189069,38657,163073,14671,9056,711,0,6508,30967,NY-14
237883,839,237044,205035,27828,201127,27809,10378,2019,576,10006,32954,NY-24
203662,674,202988,191333,15021,182701,10205,11518,858,164,5080,18664,CA-26
210099,327,209772,197901,18782,184402,10262,14681,959,185,3407,15027,CA-19
235070,449,234621,218721,25977,195778,13368,19952,2145,57,5038,16979,CA-24
255594,523,255071,239972,36878,209729,12983,20173,926,0,4683,20827,CA-06
252741,293,252448,238252,25543,220528,12827,15791,696,0,3285,12466,CA-11
201445,115,201330,184136,28232,161981,13722,17062,2619,305,6697,20581,CA-08
263068,523,262545,245305,28578,227626,14006,16436,1083,44,4228,28190,CA-28
296552,405,296147,282054,24774,266610,12241,9486,545,47,7085,28321,CA-12
261373,1120,260253,236739,21998,216142,17477,36708,4002,424,5257,20110,CA-04
176212,65,176147,165458,23976,146225,8534,16979,1244,32,3727,15207,CA-41
252249,368,251881,241711,14714,234001,8891,11320,626,69,2098,10326,CA-17
177277,333,176944,156078,18404,152326,18980,23113,799,78,4773,21121,CA-38
281859,852,281007,247890,30997,234896,29070,24529,2148,233,5139,18278,CO-05
274742,569,274173,253636,29164,238887,18428,17768,1312,0,5483,23364,CO-07
334478,430,334048,308839,43002,281544,22508,14294,1396,176,9341,32420,DE-00
245337,1058,244279,215790,33199,202829,23898,12478,3734,160,7244,28282,CT-01
236812,807,236005,207771,24824,207188,27279,8773,72,50,6535,31209,CT-05
282382,128,282254,267612,33744,241055,12783,10836,543,321,5267,22122,FL-14
294257,346,293911,269436,29048,258458,22474,10322,698,199,12256,25514,FL-16
245722,443,245279,229805,39835,198706,13913,11325,1053,156,5585,27789,FL-15
273789,509,273280,231889,26274,238396,38853,12819,1321,191,11733,29534,FL-12
229519,398,229121,202814,36084,172375,20978,26133,3366,237,6687,38565,FL-02
263241,807,262434,229372,29262,224919,29221,18333,1767,205,10038,30891,FL-21
242352,447,241905,219736,33260,199086,19216,18657,2118,0,10522,20143,GA-13
179136,570,178566,159084,40711,125772,16350,21679,1507,122,11840,54004,GA-02
217004,549,216455,185465,43650,164319,28711,19307,964,106,5740,36504,GA-14
194029,240,193789,170212,32843,149427,20599,17675,1414,349,6981,46709,GA-12
304111,1470,302641,272866,41410,233488,22559,37778,4477,405,9555,27863,ID-01
192962,476,192486,175718,21518,164888,14539,10383,593,245,4730,24167,HI-02
236961,947,236014,195078,31780,188596,37087,22409,1998,187,8986,34801,IL-18
241656,474,241182,224187,22248,208560,14742,19341,803,214,3583,11476,IL-14
241301,463,240838,219810,30337,192324,17743,28010,2108,246,6732,30943,IL-16
227618,1173,226445,197700,45743,167801,24888,17117,2194,207,7364,44194,IL-17
208896,660,208236,184539,23327,178707,21949,16275,831,45,6867,30220,IL-03
223425,155,223270,201056,18972,199240,21095,12436,536,55,5201,21771,IL-11
229751,987,228764,204744,51865,155024,19177,28453,3650,106,7199,40216,IL-15
220282,923,219359,193440,33733,170583,21310,23623,2410,597,8719,39255,IN-02
232821,1438,231383,206131,41154,171844,20449,22720,2687,994,6171,41452,IN-06
245765,792,244973,220041,44233,185376,21619,19929,1363,760,6446,39449,IN-03
251422,1452,249970,227183,45997,189831,19375,24824,1518,252,10034,33472,IN-04
257972,1961,256011,230306,53256,186342,21311,24526,2729,128,14959,41535,IA-04
292620,997,291623,268990,38073,235961,19191,29467,2367,167,13071,36334,IA-03
241471,496,240975,218962,35187,190287,18347,23189,2379,186,5782,34299,KS-04
249211,1150,248061,215863,38901,191247,28008,22586,2851,276,5182,38936,KY-02
268561,553,268008,249505,51695,209470,16906,15401,746,148,4990,33974,KY-03
243076,976,242100,216233,35246,196635,23464,16176,1448,52,9021,35899,KY-04
256423,415,256008,230718,33629,211582,24208,21899,569,0,8176,27785,LA-06
250868,452,250416,233049,47198,190152,14246,25190,1498,167,4143,42607,LA-03
269181,559,268622,241591,23007,243179,26443,6528,125,0,5398,20245,MA-06
254859,431,254428,234073,20535,230450,19245,7311,326,201,6495,26397,MA-03
238721,930,237791,213654,37349,183606,20043,20620,2167,264,6634,34741,MI-07
239168,1215,237953,214060,49047,174580,20636,19382,2147,50,11848,32886,MI-06
252847,901,251946,221195,37597,195274,25686,24335,3286,553,4255,29917,MI-10
226960,1409,225551,188578,42612,158770,29952,28910,4772,475,7456,38119,MI-04
272439,611,271828,254191,24057,242476,15800,12600,1048,222,4183,15437,MI-11
244110,452,243658,205753,23288,212635,35751,12794,1263,0,11405,22392,MI-12
244969,644,244325,227607,20783,214607,14800,17183,1180,79,4845,16918,MN-02
238463,1549,236914,208862,46374,169665,23132,26318,2973,150,6260,38589,MN-08
241421,952,240469,221922,29544,205164,16053,12871,746,0,6115,21657,MN-04
290254,334,289920,253983,36220,244754,32069,17923,2056,240,7367,25488,AZ-09
213896,850,213046,191289,56955,138132,17047,24129,3091,447,13563,55797,AR-01
204419,653,203766,177275,56884,125442,21150,30475,4028,174,6501,60619,AR-04
184372,526,183846,169462,37881,135351,11709,17530,1977,92,4123,28754,CA-16
235197,84,235113,216034,33893,196325,15888,15785,752,250,13815,26515,CA-37
260432,148,260284,243052,19942,236405,16063,13124,308,143,3600,12232,CA-53
199477,398,199079,168433,21704,164046,28126,22521,1736,128,10667,19825,CA-31
251314,304,251010,234876,46606,191796,14232,21860,1292,247,6162,38845,TN-04
233073,1118,231955,193624,32743,183145,33230,21046,3151,288,8619,41188,NY-23
229337,121,229216,203360,35224,189762,23362,11021,807,77,8524,39370,NY-16
225459,1539,223920,189019,31022,188364,32559,10097,641,246,6115,33448,NY-11
206968,215,206753,196217,47163,154774,9233,7353,128,90,5707,50158,NY-15
260330,266,260064,232636,28632,226474,25696,21631,737,246,6316,42336,NY-08
341656,155,341501,312712,28776,308694,26550,7435,1169,276,6612,18728,NY-12
228636,557,228079,205911,20951,203794,20964,7705,137,138,4396,20072,NY-18
244967,217,244750,219609,41252,192072,22212,18592,1958,40,11671,49235,NC-01
270554,574,269980,247434,38684,220090,20306,19571,1307,174,6249,42526,NC-07
285822,166,285656,256796,28482,245578,26266,17231,1420,752,5768,29771,NC-02
242576,473,242103,215777,27372,204466,22920,16819,1781,97,14227,48457,NC-06
252572,454,252118,213208,35302,203634,35411,19021,2227,373,6860,37246,NC-03
247622,707,246915,222047,37727,196900,22132,19283,1884,137,7414,43358,NC-10
313753,882,312871,292562,29040,271818,17840,17257,1096,227,7956,16217,NC-04
253654,1221,252433,203863,34805,208111,45386,17292,1385,265,9223,42699,NC-05
268587,361,268226,249595,28954,232508,16275,12277,523,452,7471,24278,OH-01
267109,1087,266022,234772,40694,207329,26632,26187,3271,50,7690,48720,NC-11
261335,935,260400,231442,30212,219418,23934,17709,3552,836,6118,31119,NC-08
307281,0,307281,251452,35300,263597,49613,12493,580,4120,5282,29153,NC-12
231035,869,230166,201912,31949,183922,24507,20908,2039,396,10042,43384,OH-07
247984,822,247162,218128,23240,214622,26465,16311,1294,225,7366,33833,OH-14
279705,374,279331,256701,36269,237501,20783,11603,574,0,6126,32569,OH-03
262170,180,261990,236306,37159,214795,22493,17146,1751,149,5664,32987,OH-10
256297,805,255492,231705,28436,211838,20528,22463,1882,136,6329,31243,OH-05
252288,732,251556,206630,34721,209346,41441,16035,1794,315,10356,39329,OH-13
260855,812,260043,236907,35696,211350,20181,20176,1905,9,4710,28035,OH-15
246177,881,245296,215802,37608,199412,26150,16109,1550,171,10445,40933,OH-09
275650,573,275077,249879,27476,238911,22620,15492,824,103,4702,20731,OH-12
213830,961,212869,186566,64858,116828,15199,35934,6832,901,8788,62518,OK-02
236418,549,235869,212875,49898,161479,16847,31902,3724,266,7940,41922,OK-03
253167,321,252846,230808,48229,184879,17183,27046,2657,573,7137,33043,OK-04
299360,892,298468,278911,28948,257578,16717,17327,1432,25,10877,15713,OR-01
279166,800,278366,250213,34695,228519,22240,21887,3758,337,8382,27497,OR-05
284566,1031,283535,244526,35884,224387,32579,27897,3820,659,10037,36165,OR-02
183298,336,182962,168284,21306,158758,13950,6782,282,0,5301,16612,RI-02
261775,498,261277,240528,28697,222542,17274,22831,2559,81,22617,27571,SC-01
250551,309,250242,223259,30165,211971,23894,19169,698,45,5622,33363,SC-04
242934,592,242342,219500,42982,187948,18637,20808,2301,413,5121,38252,SC-05
245387,716,244671,227768,33712,201409,14081,20024,1719,263,3587,31615,SC-02
301600,933,300667,255174,37744,248803,40523,19823,2831,551,9002,43197,SD-00
240598,446,240152,204495,44447,182489,30778,16482,2398,603,9850,51003,TN-01
286415,849,285566,267308,33968,241695,16085,17356,756,163,5184,28785,TN-05
251578,407,251171,233340,38573,194813,14021,25178,2884,88,5385,35099,TN-07
251665,401,251264,196568,38041,203985,51455,17352,2455,119,8941,44109,TN-02
202403,71,202332,186775,37266,154104,12312,16159,1823,86,9089,58546,TN-09
179022,403,178619,152052,32488,133100,24354,18993,1756,76,4186,38286,TX-28
210877,1317,209560,186217,63224,126717,18349,29505,2885,416,7795,40653,TX-01
274687,107,274580,261220,31655,237059,12033,20229,252,0,6304,20878,TX-07
259475,277,259198,243967,33229,210638,12641,30996,1838,100,4014,17003,TX-06
240561,32,240529,210313,39152,183272,24310,26751,4913,0,10821,35226,TX-17
234739,521,234218,214038,53196,160446,14230,26437,3285,1416,3629,29775,TX-36
204525,71,204454,184586,34656,160888,18161,18486,934,220,5869,29705,TX-16
299648,246,299402,287172,38041,255075,11127,14939,359,78,5047,20481,TX-24
181242,273,180969,172372,46861,130435,7721,10737,589,110,9498,34338,TX-33
232845,480,232365,202136,41824,165129,23120,31135,5813,418,5974,41843,TX-11
182573,127,182446,152380,38826,127984,24397,20579,4340,217,11567,43643,TX-15
192370,131,192239,168588,27683,152487,19946,25066,2562,107,7577,42453,TX-23
266044,353,265691,251211,37180,212294,12133,29201,954,545,5115,24569,TX-12
277140,830,276310,255491,36205,219461,15918,42694,2603,629,4267,25332,TX-08
153355,295,153060,131372,54751,87220,18450,15728,2455,253,13564,50011,TX-34
208830,365,208465,195718,33382,168609,10687,20217,1144,27,11085,52419,TX-30
239940,306,239634,214613,35775,196148,22621,22048,1072,147,6259,47273,TX-18
266527,414,266113,248690,36387,222758,15327,22029,780,146,4484,20657,TX-02
214791,205,214586,198290,33972,174831,14784,13094,905,38,13373,27672,TX-20
299545,617,298928,271387,33646,253038,23896,25043,2809,101,9753,22971,TX-21
283643,120,283523,266961,37044,238024,14644,18738,906,28,5152,18059,TX-31
265298,651,264647,245398,53881,190280,16190,28524,2671,97,6240,20295,TX-25
270127,269,269858,255955,27846,234869,12495,16726,465,202,6158,15175,TX-32
307469,56,307413,278489,20254,280195,27397,22776,1291,0,4069,13369,TX-03
234539,479,234060,217399,62357,146016,11906,38450,2855,254,8927,40889,TX-04
215308,347,214961,199212,49108,149903,12978,25192,1643,186,6692,37762,TX-13
292791,169,292622,276972,22790,259772,14601,24017,664,0,4152,9978,TX-26
231388,178,231210,213860,43907,179987,14440,24773,1044,90,4011,31158,TX-09
220944,1732,219212,169763,21116,186039,44371,14230,2704,545,14662,27161,VT-00
233129,723,232406,220897,23983,192038,9431,27326,1096,77,5851,13031,UT-01
246037,770,245267,231258,25466,209057,11809,21606,1255,25,8094,12434,UT-04
254014,487,253527,231839,29858,205998,17665,21203,2191,618,5338,26273,VA-01
266330,356,265974,242199,20703,237243,21886,14173,1150,329,4694,12498,VA-10
226280,891,225389,205701,55850,144098,14825,29293,3056,141,8572,60243,VA-05
261637,492,261145,242702,29332,219405,16775,17056,1242,208,4765,30236,VA-07
261368,408,260960,245430,13066,244569,14935,10714,176,0,3607,7593,VA-11
210842,976,209866,172332,33226,155669,28675,25223,5678,515,10842,56299,VA-09
305873,317,305556,285584,27246,275574,19395,9951,32,0,4119,16605,VA-08
258963,692,258271,229693,31128,212711,24137,20028,2496,218,5966,23167,WA-03
260651,181,260470,237918,29106,224171,20057,11716,1378,108,10674,17402,WA-10
220522,591,219931,199748,35659,169138,16433,22818,2781,221,6674,22905,WA-04
341907,610,341297,320018,30005,306160,19525,10134,453,633,7623,16745,WA-07
271863,270,271593,255195,26329,241407,15076,9044,577,190,4227,14306,WA-09
252919,743,252176,236183,22712,220152,13697,15792,1201,127,5135,15803,WA-08
197532,1154,196378,159402,28182,157007,31637,12935,3687,209,6610,35417,WV-01
207917,959,206958,174217,28725,165565,28469,17182,2720,43,5088,38313,WV-02
251715,1661,250054,212533,37217,195855,32803,21690,2723,548,7095,35257,WI-03
226086,589,225497,210981,31158,189475,12509,9991,837,313,7696,45662,WI-04
251151,2636,248515,217120,45606,182025,25557,25960,3642,285,8545,43392,WI-07
257543,2053,255490,228510,37331,200879,22725,21785,2768,371,6011,34355,WI-06
265200,1487,263713,237853,38003,205007,20746,23796,2666,625,6435,32419,WI-08
813817,15137,798680,733731,342685,411565,58622,71593,4611,308,20323,336842,PR-98
220860,403,220457,208444,66142,136129,8055,33758,2286,300,8267,49668,MS-01
218282,759,217523,200636,52963,147788,13205,28410,2593,66,7763,54664,MS-03
227752,521,227231,205973,52012,156119,17162,27096,3318,182,7431,54046,MS-04
180615,428,180187,162892,57435,105840,10690,23853,3587,763,8063,62818,MS-02
276287,150,276137,249823,35111,236921,24347,9037,520,348,7585,36661,PA-18
234564,1028,233536,212394,27219,201908,20086,11775,258,48,6530,31563,PA-07
218660,470,218190,196473,26727,185262,17760,24081,1512,429,5527,35028,PA-02
277908,690,277218,247126,29537,243681,28347,8120,566,68,6577,28616,PA-17
249930,654,249276,230582,20307,226129,17496,6158,402,286,3769,18864,PA-01
233616,1756,231860,198979,30742,190177,29770,16897,1723,139,5875,42033,PA-13
237577,1036,236541,207101,34110,194067,26191,12179,2058,209,5618,40432,PA-16
237511,1561,235950,206187,33577,193363,27174,17644,949,65,5062,32977,PA-08
260972,683,260289,234274,30879,222753,24133,10573,647,0,6636,32217,PA-10
236431,1632,234799,214004,28013,200609,18817,10275,787,233,6783,35654,PA-11
229718,1398,228320,201977,35082,182426,23590,14489,1361,79,5869,39959,PA-09
261730,353,261377,238954,23761,234866,21102,6405,74,351,5205,16595,PA-04
225483,1817,223666,187434,33457,176999,30706,17626,3381,236,7721,47469,PA-15
235856,422,235434,216410,27994,204409,17996,8164,389,0,5697,25597,PA-05
267102,402,266700,246583,39165,221280,16992,15214,850,329,9812,38786,PA-03
264463,1093,263370,241712,60524,178632,16575,29436,4045,234,11622,46721,MO-07
245672,627,245045,222232,38756,190007,19910,21411,1988,104,5909,39247,MO-06
234720,847,233873,209193,56030,146852,18010,36967,4794,212,5337,50815,MO-08
271900,870,271030,246948,37268,215555,19563,29169,2554,101,6402,29459,MO-03
243064,1329,241735,219013,47402,170284,18100,27982,2978,263,9273,40822,MO-04
374853,2705,372148,326252,55175,285471,37497,39792,5434,750,13064,49734,MT-00
206973,1072,205901,178398,35199,150955,23007,25507,3183,310,7518,34949,NE-03
200075,297,199778,179615,36485,158480,18928,13768,526,31,9871,48016,NV-01
289196,341,288855,271954,23307,260071,15056,20853,541,0,10627,21235,NV-03
267476,601,266875,226374,32447,221008,36915,28347,1964,113,7632,23027,NV-02
235942,863,235079,197582,19625,209005,35045,8041,1633,45,6845,23823,NH-02
238916,553,238363,216593,29692,204731,20476,10430,289,40,4785,27296,NJ-01
242310,336,241974,221089,32114,204604,19335,7879,606,96,4552,38582,NJ-10
248743,574,248169,229970,24195,219604,16469,10371,360,282,3747,15175,NJ-05
254349,534,253815,236353,19057,231672,16001,10414,393,98,2556,15087,NJ-07
240566,185,240381,219426,32710,204657,19045,20703,464,280,3128,26550,NJ-09
230401,630,229771,212641,23807,201617,16490,8752,211,47,6090,19799,NJ-06
244796,245,244551,231172,19914,221188,11577,8128,560,100,6214,22390,NJ-12
231547,1728,229819,206144,32616,187371,17169,22820,1348,313,7595,37507,NM-01
200215,1163,199052,170906,28993,151320,19384,26697,5885,323,9136,52495,NM-03
206150,209,205941,186052,19314,184903,17650,6837,188,0,2657,14611,NY-02
254414,928,253486,221906,31031,217692,29588,10236,422,193,10868,29437,NY-25
237771,220,237551,216217,25619,208986,19127,9840,273,69,5216,14346,NY-03
280244,417,279827,244738,26146,250466,34208,8191,265,335,5575,31840,NY-10
244315,210,244105,226872,45717,195934,15403,5977,243,0,6239,44503,NY-13
266035,515,265520,235993,37090,223046,27215,11409,820,527,7894,37694,NY-26
244265,264,244001,220397,28297,211719,21531,12060,924,69,4674,36698,NY-09
232768,216,232552,211450,15941,214954,18890,6453,243,0,3376,16486,NY-01
206695,716,205979,176794,23993,178775,27298,10219,768,351,7689,38829,NY-07
227595,569,227026,211137,20481,205029,15224,6553,140,0,4238,18012,NY-17
226349,710,225639,210767,40683,182380,13894,7757,162,72,4359,35419,NY-06
201736,322,201414,173981,46875,152234,25975,7489,184,171,5042,23544,NY-05
