total,noHighSchoolGrad,noHighSchoolGradInLaborForce,noHighSchoolGradInLaborForceInArmy,noHighSchoolGradInLaborForceCivilian,noHighSchoolGradInLaborForceCivilianEmployed,noHighSchoolGradInLaborForceCivilianUnemployed,noHighSchoolGradNotInLaborForce,highSchoolGrad,highSchoolGradInLaborForce,highSchoolGradInLaborForceInArmy,highSchoolGradInLaborForceCivilian,highSchoolGradInLaborForceCivilianEmployed,highSchoolGradInLaborForceCivilianUnemployed,highSchoolGradNotInLaborForce,someCollege,someCollegeInLaborForce,someCollegeInLaborForceInArmy,someCollegeInLaborForceCivilian,someCollegeInLaborForceCivilianEmployed,someCollegeInLaborForceCivilianUnemployed,someCollegeNotInLaborForce,bachelorsOrHigher,bachelorsOrHigherInLaborForce,bachelorsOrHigherInLaborForceInArmy,bachelorsOrHigherInLaborForceCivilian,bachelorsOrHigherInLaborForceCivilianEmployed,bachelorsOrHigherInLaborForceCivilianUnemployed,bachelorsOrHigherNotInLaborForce,stateId
461258,51318,35004,0,35004,32270,2734,16314,114086,87942,0,87942,82977,4965,26144,143744,117572,163,117409,111667,5742,26172,152110,130868,114,130754,127127,3627,21242,FL-10
435094,26047,17355,53,17302,16178,1124,8692,95483,71111,1211,69900,66843,3057,24372,131441,106526,3133,103393,98912,4481,24915,182123,155132,2598,152534,148297,4237,26991,FL-04
391171,33855,19979,0,19979,18659,1320,13876,106067,76293,176,76117,71076,5041,29774,128453,101080,488,100592,95705,4887,27373,122796,103788,291,103497,100794,2703,19008,FL-13
414997,55857,36428,4,36424,34056,2368,19429,119415,90915,249,90666,86008,4658,28500,119207,96338,514,95824,91641,4183,22869,120518,104414,346,104068,101557,2511,16104,FL-26
403819,31817,22801,0,22801,20788,2013,9016,92533,73108,30,73078,68275,4803,19425,115770,96546,108,96438,92027,4411,19224,163699,137669,138,137531,132769,4762,26030,FL-22
451423,52525,32437,0,32437,30213,2224,20088,132637,93941,16,93925,88770,5155,38696,149835,116596,98,116498,111745,4753,33239,116426,97116,151,96965,93677,3288,19310,FL-09
372322,43893,29435,0,29435,27805,1630,14458,109960,80485,133,80352,76108,4244,29475,107500,82437,92,82345,78449,3896,25063,110969,84760,57,84703,82441,2262,26209,FL-19
404201,34804,18300,4,18296,16552,1744,16504,103482,70887,1253,69634,65129,4505,32595,152764,115795,5825,109970,105304,4666,36969,113151,93911,6049,87862,85352,2510,19240,FL-01
418433,24209,15182,0,15182,14056,1126,9027,83386,61269,31,61238,57723,3515,22117,136332,110423,375,110048,105485,4563,25909,174506,150105,331,149774,145970,3804,24401,FL-07
421345,39331,26342,0,26342,24756,1586,12989,96036,75330,27,75303,71954,3349,20706,99729,81153,38,81115,77893,3222,18576,186249,161333,148,161185,156839,4346,24916,FL-27
379305,40651,22224,0,22224,19965,2259,18427,112101,80171,123,80048,75964,4084,31930,119197,92773,807,91966,88220,3746,26424,107356,91197,693,90504,88120,2384,16159,GA-03
375179,42050,22733,0,22733,19994,2739,19317,118333,82466,19,82447,78834,3613,35867,109265,85501,232,85269,82039,3230,23764,105531,90245,362,89883,88101,1782,15286,GA-10
410458,46586,29015,0,29015,26634,2381,17571,104751,78858,6,78852,73652,5200,25893,128199,103501,245,103256,97108,6148,24698,130922,115440,134,115306,111507,3799,15482,GA-04
429187,41319,23023,0,23023,20017,3006,18296,91787,64394,41,64353,58338,6015,27393,100875,79784,153,79631,74045,5586,21091,195206,175518,222,175296,171153,4143,19688,GA-05
409498,39920,25337,0,25337,23650,1687,14583,113664,85449,23,85426,79641,5785,28215,129729,107789,166,107623,102143,5480,21940,126185,111397,129,111268,106863,4405,14788,GA-13
439406,47285,33477,0,33477,32150,1327,13808,84009,64052,22,64030,61427,2603,19957,115095,94719,129,94590,90726,3864,20376,193017,165605,200,165405,161346,4059,27412,GA-07
337658,49490,22760,32,22728,19043,3685,26730,111843,71746,982,70764,64926,5838,40097,115108,85591,2929,82662,77361,5301,29517,61217,50321,1672,48649,47010,1639,10896,GA-02
372569,65376,39103,0,39103,36816,2287,26273,124551,87997,104,87893,83946,3947,36554,114911,90805,123,90682,87464,3218,24106,67731,58394,306,58088,56841,1247,9337,GA-14
420215,34954,23633,0,23633,22052,1581,11321,81569,61661,34,61627,59638,1989,19908,118773,96894,259,96635,92647,3988,21879,184919,160963,300,160663,156735,3928,23956,GA-11
369927,52429,26070,9,26061,23293,2768,26359,120737,79439,658,78781,73579,5202,41298,114330,84749,3361,81388,77470,3918,29581,82431,69597,2001,67596,65703,1893,12834,GA-12
443277,38718,25278,0,25278,23980,1298,13440,124991,89098,200,88898,85380,3518,35893,163083,124101,466,123635,119544,4091,38982,116485,96727,233,96494,94532,1962,19758,ID-01
376813,24146,16472,29,16443,15628,815,7674,85086,65659,2227,63432,60878,2554,19427,124464,103306,7374,95932,92839,3093,21158,143117,125426,5961,119465,117602,1863,17691,HI-01
362586,20364,12578,26,12552,11622,930,7786,113336,85767,2550,83217,78547,4670,27569,122806,98323,4025,94298,90255,4043,24483,106080,89559,3326,86233,83920,2313,16521,HI-02
358381,18546,9852,0,9852,8562,1290,8694,94729,70968,48,70920,67500,3420,23761,117431,94509,236,94273,90764,3509,22922,127675,110580,127,110453,108645,1808,17095,IL-18
354365,35561,19738,0,19738,16476,3262,15823,101540,72723,62,72661,63829,8832,28817,132582,106575,99,106476,96156,10320,26007,84682,73170,24,73146,69387,3759,11512,IL-02
387705,21636,15890,0,15890,15104,786,5746,78227,60699,35,60664,58179,2485,17528,115885,96777,41,96736,93767,2969,19108,171957,149617,130,149487,146089,3398,22340,IL-14
352478,30647,18771,0,18771,17021,1750,11876,109117,81933,0,81933,76793,5140,27184,128333,104077,127,103950,99969,3981,24256,84381,73381,39,73342,71728,1614,11000,IL-16
,,,,,,,,,,,,,,,,,,,,,,,,,,,,,IL-ZZ
341520,37982,20573,0,20573,17637,2936,17409,110078,80904,30,80874,74456,6418,29174,124956,99501,164,99337,94256,5081,25455,68504,59137,73,59064,57805,1259,9367,IL-17
377195,46383,30461,0,30461,27915,2546,15922,105204,78856,0,78856,72656,6200,26348,109395,88463,77,88386,84285,4101,20932,116213,101846,10,101836,98841,2995,14367,IL-03
384043,89167,59378,0,59378,55322,4056,29789,105261,81915,7,81908,77045,4863,23346,85571,71412,65,71347,68039,3308,14159,104044,94880,13,94867,92410,2457,9164,IL-04
381993,48250,34903,0,34903,32852,2051,13347,84660,66978,66,66912,63306,3606,17682,108258,90135,82,90053,86125,3928,18123,140825,124125,76,124049,121056,2993,16700,IL-11
351666,30753,13896,0,13896,12421,1475,16857,109930,77273,3,77270,72860,4410,32657,134813,105323,197,105126,100835,4291,29490,76170,66306,82,66224,65009,1215,9864,IL-15
389209,50354,38813,0,38813,36994,1819,11541,89139,70830,22,70808,67426,3382,18309,111257,95131,158,94973,91322,3651,16126,138459,121657,162,121495,117961,3534,16802,IL-08
360326,49520,30247,46,30201,27880,2321,19273,121305,90501,18,90483,86604,3879,30804,107558,88074,87,87987,85188,2799,19484,81943,71258,123,71135,69765,1370,10685,IN-02
363503,33685,18009,0,18009,16306,1703,15676,133307,97943,34,97909,93837,4072,35364,111549,89527,95,89432,86937,2495,22022,84962,73862,103,73759,72798,961,11100,IN-06
371544,32385,17029,0,17029,15041,1988,15356,124184,85470,32,85438,80102,5336,38714,122941,97140,52,97088,92151,4937,25801,92034,80135,43,80092,77767,2325,11899,IN-01
372731,43645,26519,0,26519,24734,1785,17126,116420,89975,48,89927,86130,3797,26445,121075,101112,157,100955,98280,2675,19963,91591,80749,64,80685,79125,1560,10842,IN-03
374161,33118,20137,0,20137,18686,1451,12981,116298,87431,43,87388,84195,3193,28867,117405,95877,98,95779,92535,3244,21528,107340,94484,196,94288,92919,1369,12856,IN-04
381644,24119,15898,0,15898,14678,1220,8221,109898,87344,22,87322,84261,3061,22554,135981,116988,143,116845,113768,3077,18993,111646,100486,56,100430,98864,1566,11160,IA-01
360273,27719,18720,0,18720,17630,1090,8999,102183,81651,27,81624,78627,2997,20532,133896,114231,151,114080,111550,2530,19665,96475,86829,107,86722,85655,1067,9646,IA-04
435916,33461,22324,0,22324,20815,1509,11137,104009,80886,96,80790,77216,3574,23123,141939,120828,200,120628,116834,3794,21111,156507,141953,230,141723,139946,1777,14554,IA-03
407050,29893,21246,0,21246,20202,1044,8647,67610,51677,47,51630,49285,2345,15933,107321,89426,203,89223,86602,2621,17895,202226,178445,200,178245,174885,3360,23781,KS-03
362778,34546,22130,21,22109,20619,1490,12416,92234,68247,95,68152,64662,3490,23987,125043,101206,858,100348,96601,3747,23837,110955,97408,608,96800,94812,1988,13547,KS-04
388390,41230,20158,29,20129,18226,1903,21072,132978,93402,229,93173,88557,4616,39576,129666,100553,1500,99053,95136,3917,29113,84516,72911,1654,71257,70015,1242,11605,KY-02
358014,44409,19334,0,19334,17208,2126,25075,134722,88126,767,87359,82708,4651,46596,114437,84680,1886,82794,79696,3098,29757,64446,53598,515,53083,52028,1055,10848,KY-01
397622,33100,17517,22,17495,15571,1924,15583,101793,73987,5,73982,68692,5290,27806,127066,102921,158,102763,97796,4967,24145,135663,120619,257,120362,117789,2573,15044,KY-03
401620,36129,18021,0,18021,16357,1664,18108,115223,81544,49,81495,77614,3881,33679,127118,99519,207,99312,95680,3632,27599,123150,108710,83,108627,106848,1779,14440,KY-04
427781,66777,34991,0,34991,29157,5834,31786,130463,89592,176,89416,81289,8127,40871,125598,97303,320,96983,90681,6302,28295,104943,91458,442,91016,88102,2914,13485,LA-02
409817,41082,23213,0,23213,20783,2430,17869,124762,92603,108,92495,87618,4877,32159,116940,95003,433,94570,91246,3324,21937,127033,111021,154,110867,108990,1877,16012,LA-06
410259,55818,29815,0,29815,26182,3633,26003,150729,106645,27,106618,99838,6780,44084,110811,85887,90,85797,81825,3972,24924,92901,79485,117,79368,77581,1787,13416,LA-03
364356,18084,9610,8,9602,8949,653,8474,96068,73229,147,73082,70140,2942,22839,106252,86935,509,86426,83929,2497,19317,143952,127458,448,127010,125262,1748,16494,ME-01
370963,37381,17317,0,17317,15643,1674,20064,109847,72762,203,72559,67648,4911,37085,117986,88603,1122,87481,82929,4552,29383,105749,88511,567,87944,85796,2148,17238,FL-03
410446,31395,18448,0,18448,15855,2593,12947,64538,43447,76,43371,36743,6628,21091,62196,47415,421,46994,42102,4892,14781,252317,233221,1711,231510,225150,6360,19096,DC-98
345218,46836,26644,0,26644,24569,2075,20192,128310,85010,114,84896,79328,5568,43300,104440,74101,78,74023,70921,3102,30339,65632,49494,30,49464,47687,1777,16138,FL-17
377650,32971,19387,0,19387,17900,1487,13584,119176,81432,71,81361,77873,3488,37744,137845,102509,87,102422,98170,4252,35336,87658,69897,63,69834,67725,2109,17761,FL-06
378524,52017,25903,0,25903,22908,2995,26114,123908,84252,303,83949,77582,6367,39656,124326,95881,1029,94852,89506,5346,28445,78273,67604,460,67144,65257,1887,10669,FL-05
407566,68540,41985,0,41985,38329,3656,26555,133237,97620,9,97611,89782,7829,35617,116303,95335,92,95243,89118,6125,20968,89486,77085,49,77036,73443,3593,12401,FL-24
328086,38014,19493,0,19493,17209,2284,18521,118357,75224,60,75164,69895,5269,43133,112209,75227,65,75162,71477,3685,36982,59506,43191,32,43159,41966,1193,16315,FL-11
409957,23213,16257,0,16257,14919,1338,6956,84486,65901,131,65770,61782,3988,18585,126719,105294,221,105073,101071,4002,21425,175539,147452,270,147182,141643,5539,28087,FL-23
374989,28941,16748,0,16748,15798,950,12193,103485,71763,125,71638,67461,4177,31722,129334,95710,543,95167,90503,4664,33624,113229,90213,570,89643,86409,3234,23016,FL-08
380319,36942,23319,0,23319,22165,1154,13623,100002,74156,11,74145,70358,3787,25846,122875,96468,194,96274,92989,3285,26407,120500,98171,151,98020,95446,2574,22329,FL-18
421010,64891,40590,0,40590,35238,5352,24301,135240,104404,21,104383,97132,7251,30836,129330,107412,70,107342,100542,6800,21918,91549,79761,86,79675,76535,3140,11788,FL-20
409071,73980,51299,0,51299,48825,2474,22681,124370,97728,0,97728,93350,4378,26642,104811,85464,29,85435,81328,4107,19347,105910,88850,142,88708,86445,2263,17060,FL-25
342193,23079,11153,25,11128,9792,1336,11926,120246,84856,83,84773,79983,4790,35390,114268,89033,194,88839,86060,2779,25235,84600,73112,177,72935,71506,1429,11488,ME-02
375489,29934,17996,0,17996,16469,1527,11938,110087,83217,96,83121,78660,4461,26870,109323,88457,332,88125,84577,3548,20866,126145,111453,399,111054,108882,2172,14692,MD-01
412521,28882,19570,17,19553,17948,1605,9312,75806,58369,371,57998,54745,3253,17437,97269,82372,1290,81082,77734,3348,14897,210564,189581,1712,187869,183580,4289,20983,MD-03
413616,51054,39082,0,39082,36501,2581,11972,102534,84430,280,84150,78809,5341,18104,114057,98532,1153,97379,92432,4947,15525,145971,132454,1589,130865,127789,3076,13517,MD-04
411296,30178,21175,14,21161,19942,1219,9003,105813,82344,272,82072,78159,3913,23469,124096,103957,2301,101656,98097,3559,20139,151209,134742,2392,132350,129344,3006,16467,MD-05
387516,36042,17167,0,17167,14595,2572,18875,95798,65276,31,65245,58684,6561,30522,97603,76356,339,76017,70990,5027,21247,158073,139549,479,139070,135381,3689,18524,MD-07
416302,36727,20950,0,20950,18907,2043,15777,112620,83103,351,82752,77709,5043,29517,121110,96995,2326,94669,90957,3712,24115,145845,131647,2003,129644,126761,2883,14198,MD-02
412610,36207,23448,0,23448,21823,1625,12759,91822,66965,39,66926,63417,3509,24857,103032,83870,365,83505,80100,3405,19162,181549,159975,721,159254,155466,3788,21574,MD-06
406980,31923,24344,0,24344,23183,1161,7579,62416,50471,76,50395,47748,2647,11945,80981,67361,521,66840,64014,2826,13620,231660,206392,1680,204712,199353,5359,25268,MD-08
398922,19594,11699,0,11699,10718,981,7895,71609,55904,26,55878,53056,2822,15705,89092,73853,82,73771,70716,3055,15239,218627,192258,131,192127,187397,4730,26369,MA-04
454306,53647,36944,0,36944,33096,3848,16703,92755,71162,68,71094,65445,5649,21593,86437,71094,132,70962,66368,4594,15343,221467,196212,255,195957,190907,5050,25255,MA-07
389376,26653,14267,0,14267,12860,1407,12386,97075,72367,46,72321,68589,3732,24708,103462,84141,158,83983,80733,3250,19321,162186,143507,172,143335,139707,3628,18679,MA-02
375924,29563,17492,0,17492,16175,1317,12071,107188,82555,142,82413,77671,4742,24633,106541,86820,280,86540,83163,3377,19721,132632,115424,304,115120,112462,2658,17208,MA-09
407139,25992,16500,0,16500,15278,1222,9492,87806,67891,43,67848,64560,3288,19915,95011,78458,65,78393,75212,3181,16553,198330,177379,74,177305,173057,4248,20951,MA-06
433994,27723,18402,0,18402,17025,1377,9321,83033,63730,24,63706,59335,4371,19303,95994,79769,138,79631,75780,3851,16225,227244,206438,300,206138,201115,5023,20806,MA-08
375470,38936,20009,0,20009,17857,2152,18927,108415,80798,38,80760,75497,5263,27617,111885,89605,319,89286,85488,3798,22280,116234,102446,206,102240,100028,2212,13788,MA-01
423715,20710,14589,0,14589,13728,861,6121,69612,55074,179,54895,52102,2793,14538,68520,57082,173,56909,54686,2223,11438,264873,233813,500,233313,227454,5859,31060,MA-05
348471,22971,11450,0,11450,9913,1537,11521,109760,72480,82,72398,67717,4681,37280,127310,96171,343,95828,91459,4369,31139,88430,72880,245,72635,70891,1744,15550,MI-01
370501,30803,18451,0,18451,17227,1224,12352,111404,82321,23,82298,78661,3637,29083,127392,102504,75,102429,99109,3320,24888,100902,89070,52,89018,87394,1624,11832,MI-02
359190,40971,18034,0,18034,14123,3911,22937,87880,56914,5,56909,49152,7757,30966,117011,89075,66,89009,81542,7467,27936,113328,96609,23,96586,93504,3082,16719,MI-14
388595,30833,18264,0,18264,16591,1673,12569,102669,74812,77,74735,71229,3506,27857,124932,99863,78,99785,95632,4153,25069,130161,114788,136,114652,112296,2356,15373,MI-03
347001,30790,15030,0,15030,12427,2603,15760,108217,69900,27,69873,62875,6998,38317,136528,102642,66,102576,96492,6084,33886,71466,61333,39,61294,59133,2161,10133,MI-05
349061,27202,13077,0,13077,11670,1407,14125,112804,74273,13,74260,69791,4469,38531,126694,94588,69,94519,90838,3681,32106,82361,70099,17,70082,68582,1500,12262,MI-04
,,,,,,,,,,,,,,,,,,,,,,,,,,,,,MI-ZZ
396988,33663,18546,0,18546,16895,1651,15117,100752,73041,10,73031,68344,4687,27711,132124,106739,77,106662,101745,4917,25385,130449,114424,102,114322,111517,2805,16025,MI-09
361994,29591,15026,0,15026,13525,1501,14565,86312,60192,31,60161,56646,3515,26120,112632,88392,104,88288,84220,4068,24240,133459,114534,122,114412,111695,2717,18925,MI-12
321799,21389,14418,0,14418,13034,1384,6971,90768,72675,8,72667,70074,2593,18093,132985,114383,63,114320,111719,2601,18602,76657,68525,93,68432,67615,817,8132,MN-07
373848,16819,12064,0,12064,11210,854,4755,90480,73068,9,73059,70519,2540,17412,143870,125608,112,125496,122336,3160,18262,122679,111554,184,111370,109749,1621,11125,MN-06
335759,18430,11317,0,11317,10139,1178,7113,97556,70470,43,70427,66683,3744,27086,138833,111597,282,111315,107393,3922,27236,80940,70704,247,70457,69317,1140,10236,MN-08
390524,16785,11266,0,11266,10445,821,5519,58387,47044,0,47044,45259,1785,11343,110670,95472,21,95451,92713,2738,15198,204682,182352,71,182281,178986,3295,22330,MN-03
402492,34248,22527,0,22527,20461,2066,11721,65269,50331,0,50331,47676,2655,14938,106477,90089,17,90072,85854,4218,16388,196498,180242,62,180180,176244,3936,16256,MN-05
477039,46692,32036,0,32036,30660,1376,14656,98923,76554,116,76438,73181,3257,22369,130682,106868,94,106774,101939,4835,23814,200742,175450,80,175370,170476,4894,25292,TX-10
445087,85812,55182,47,55135,52469,2666,30630,129315,95501,178,95323,91010,4313,33814,127835,102446,675,101771,97576,4195,25389,102125,90365,989,89376,86797,2579,11760,TX-35
487606,36983,25293,0,25293,24177,1116,11690,81118,58086,24,58062,55447,2615,23032,136475,108371,178,108193,104089,4104,28104,233030,199750,444,199306,192664,6642,33280,TX-22
348970,55428,31723,0,31723,30117,1606,23705,104092,72817,191,72626,69869,2757,31275,108187,84938,1121,83817,80964,2853,23249,81263,69909,798,69111,67996,1115,11354,TX-19
340579,17452,11863,0,11863,11090,773,5589,54180,39933,5,39928,38394,1534,14247,123693,94093,180,93913,91389,2524,29600,145254,119578,191,119387,117290,2097,25676,UT-03
375767,35562,25265,0,25265,23913,1352,10297,87479,65489,91,65398,62949,2449,21990,128368,99271,212,99059,96475,2584,29097,124358,105160,178,104982,103012,1970,19198,UT-02
389475,33578,19732,43,19689,17437,2252,13846,106094,78205,2798,75407,70356,5051,27889,141229,115517,8037,107480,101657,5823,25712,108574,95557,5708,89849,86846,3003,13017,VA-03
419554,43972,22827,86,22741,20466,2275,21145,112732,78515,831,77684,72276,5408,34217,129256,100522,2890,97632,92776,4856,28734,133594,117303,3411,113892,111407,2485,16291,VA-04
389268,25115,16304,90,16214,14900,1314,8811,83541,64036,3807,60229,56661,3568,19505,140919,116905,13257,103648,99618,4030,24014,139693,121347,9740,111607,109004,2603,18346,VA-02
374202,38583,23276,8,23268,21794,1474,15307,120210,89296,41,89255,85344,3911,30914,107161,85109,158,84951,81464,3487,22052,108248,93333,211,93122,91327,1795,14915,VA-06
422930,22888,14918,0,14918,13822,1096,7970,77270,56890,40,56850,53984,2866,20380,128046,101370,320,101050,97547,3503,26676,194726,163988,221,163767,160386,3381,30738,WA-01
362388,24454,13306,0,13306,12078,1228,11148,83179,55979,143,55836,52230,3606,27200,144835,106482,1088,105394,100804,4590,38353,109920,92112,827,91285,89209,2076,17808,WA-05
396107,31335,21211,44,21167,19641,1526,10124,89820,68041,1012,67029,63828,3201,21779,149740,117087,2929,114158,109373,4785,32653,125212,106933,1817,105116,102247,2869,18279,WA-02
369044,26503,14851,8,14843,13362,1481,11652,91271,62556,1458,61098,56750,4348,28715,141082,102956,5034,97922,94066,3856,38126,110188,89793,2608,87185,84840,2345,20395,WA-06
298030,39990,12849,0,12849,11124,1725,27141,124677,69294,20,69274,63809,5465,55383,81228,55734,76,55658,52273,3385,25494,52135,42079,61,42018,40855,1163,10056,WV-03
380890,28142,17799,0,17799,16472,1327,10343,105526,80558,75,80483,76519,3964,24968,129995,107221,298,106923,102905,4018,22774,117227,103153,165,102988,100990,1998,14074,WI-01
383768,16263,11372,0,11372,10824,548,4891,89246,71093,74,71019,68495,2524,18153,120193,102124,117,102007,99432,2575,18069,158066,140230,65,140165,138091,2074,17836,WI-05
398147,20120,13452,3,13449,12598,851,6668,81873,66325,108,66217,63631,2586,15548,117513,99976,207,99769,97594,2175,17537,178641,160591,287,160304,158307,1997,18050,WI-02
364059,52428,30868,0,30868,28095,2773,21560,83677,60086,1376,58710,55468,3242,23591,128803,100463,5052,95411,90488,4923,28340,99151,84900,4607,80293,77656,2637,14251,TX-16
466943,41415,31948,0,31948,30866,1082,9467,77625,63524,35,63489,61344,2145,14101,123423,104952,112,104840,100995,3845,18471,224480,194829,107,194722,189955,4767,29651,TX-24
367780,145764,103780,0,103780,99159,4621,41984,109902,82041,0,82041,77656,4385,27861,72819,57303,73,57230,54220,3010,15516,39295,33926,36,33890,32501,1389,5369,TX-33
381031,62282,40776,0,40776,38665,2111,21506,117785,85820,92,85728,82449,3279,31965,121115,94515,769,93746,90884,2862,26600,79849,67762,515,67247,65957,1290,12087,TX-11
371372,93417,56416,0,56416,52568,3848,37001,98091,70742,22,70720,67036,3684,27349,100613,78026,335,77691,74433,3258,22587,79251,67650,560,67090,65104,1986,11601,TX-15
380748,75739,43873,2,43871,41057,2814,31866,105429,73876,88,73788,70291,3497,31553,109745,83641,1559,82082,78703,3379,26104,89835,75439,1681,73758,71803,1955,14396,TX-23
431202,46625,31246,19,31227,29044,2183,15379,112271,84642,248,84394,80470,3924,27629,133733,108190,534,107656,102876,4780,25543,138573,119040,427,118613,116001,2612,19533,TX-12
447889,55438,34809,31,34778,33244,1534,20629,114501,73220,23,73197,69930,3267,41281,133364,101348,237,101111,97181,3930,32016,144586,120415,43,120372,117593,2779,24171,TX-08
331199,87399,50339,0,50339,47136,3203,37060,99491,67409,69,67340,63415,3925,32082,90545,68907,106,68801,65240,3561,21638,53764,45610,370,45240,43634,1606,8154,TX-34
406748,87919,54857,0,54857,51733,3124,33062,114095,78027,12,78015,72769,5246,36068,117117,93790,51,93739,89575,4164,23327,87617,78565,37,78528,76312,2216,9052,TX-30
418081,92880,59562,0,59562,56475,3087,33318,115079,82412,0,82412,76159,6253,32667,112097,88323,96,88227,82443,5784,23774,98025,86922,17,86905,84149,2756,11103,TX-18
441421,47067,32882,0,32882,31200,1682,14185,84070,63641,13,63628,60622,3006,20429,121276,97453,72,97381,93412,3969,23823,189008,163734,100,163634,158723,4911,25274,TX-02
415757,66597,42787,22,42765,39794,2971,23810,110587,81650,203,81447,77916,3531,28937,132542,106350,2050,104300,98630,5670,26192,106031,90959,1514,89445,86732,2713,15072,TX-20
452044,31299,20464,12,20452,19261,1191,10835,98648,74394,1180,73214,68487,4727,24254,158526,128114,4245,123869,117748,6121,30412,163571,140197,3800,136397,132459,3938,23374,TX-31
412746,35554,20874,103,20771,19409,1362,14680,92694,65540,1200,64340,61146,3194,27154,120879,92079,3480,88599,84298,4301,28800,163619,139714,1351,138363,135156,3207,23905,TX-25
426281,55376,41047,0,41047,39057,1990,14329,70663,55515,38,55477,52801,2676,15148,109811,92276,65,92211,88371,3840,17535,190431,165453,109,165344,161346,3998,24978,TX-32
434224,27651,19073,0,19073,18458,615,8578,76460,57767,161,57606,55278,2328,18693,122777,97993,666,97327,94131,3196,24784,207336,176784,1586,175198,171526,3672,30552,TX-21
477472,25800,18668,0,18668,18092,576,7132,61384,47093,41,47052,45284,1768,14291,121441,100204,118,100086,96668,3418,21237,268847,230118,198,229920,223167,6753,38729,TX-03
378115,46012,27397,0,27397,25803,1594,18615,117569,82260,159,82101,78450,3651,35309,127956,97035,37,96998,92842,4156,30921,86578,73518,111,73407,72002,1405,13060,TX-04
356486,55871,33852,0,33852,32362,1490,22019,109499,75877,192,75685,72071,3614,33622,117582,91352,1045,90307,87501,2806,26230,73534,62983,595,62388,61222,1166,10551,TX-13
477201,32495,23053,0,23053,22242,811,9442,80818,63842,20,63822,61330,2492,16976,143494,119349,134,119215,114787,4428,24145,220394,191861,183,191678,186945,4733,28533,TX-26
418914,87390,63524,0,63524,60750,2774,23866,112310,85368,20,85348,79804,5544,26942,115603,94828,58,94770,88838,5932,20775,103611,89134,105,89029,84958,4071,14477,TX-09
323196,20518,11686,24,11662,10673,989,8832,90741,69565,77,69488,66978,2510,21176,86683,70746,194,70552,68927,1625,15937,125254,110944,163,110781,108528,2253,14310,VT-00
365167,26656,18286,0,18286,17207,1079,8370,93759,71304,71,71233,68736,2497,22455,131769,103327,1049,102278,100056,2222,28442,112983,95698,554,95144,93570,1574,17285,UT-01
408590,34465,24587,0,24587,23238,1349,9878,96644,76050,30,76020,73238,2782,20594,146357,118135,328,117807,115169,2638,28222,131124,112281,220,112061,110051,2010,18843,UT-04
416326,32041,20879,9,20870,19675,1195,11162,100920,78583,751,77832,74908,2924,22337,123639,100183,2178,98005,95173,2832,23456,159726,140091,3554,136537,133680,2857,19635,VA-01
450942,29667,22167,0,22167,21067,1100,7500,65657,51992,59,51933,49939,1994,13665,96085,79378,494,78884,76786,2098,16707,259533,227392,1841,225551,220522,5029,32141,VA-10
372657,39059,21503,0,21503,19497,2006,17556,109070,75451,56,75395,72256,3139,33619,113341,88594,273,88321,84953,3368,24747,111187,94385,444,93941,92228,1713,16802,VA-05
418811,32673,20682,0,20682,19273,1409,11991,97153,73664,136,73528,70126,3402,23489,115192,94171,435,93736,90376,3360,21021,173793,151175,526,150649,147355,3294,22618,VA-07
438495,36017,27225,0,27225,25896,1329,8792,60809,49020,230,48790,46301,2489,11789,89728,74418,1074,73344,71089,2255,15310,251941,223195,3966,219229,213515,5714,28746,VA-11
357359,43637,16952,0,16952,14995,1957,26685,117842,73222,20,73202,69100,4102,44620,114180,82339,237,82102,78489,3613,31841,81700,68857,204,68653,67376,1277,12843,VA-09
477851,38201,29430,6,29424,28386,1038,8771,55380,44353,441,43912,41465,2447,11027,79066,65393,2153,63240,60530,2710,13673,305204,276696,8270,268426,262714,5712,28508,VA-08
378567,32661,20040,10,20030,18460,1570,12621,97261,69182,71,69111,65301,3810,28079,147978,111295,392,110903,105675,5228,36683,100667,84561,190,84371,82071,2300,16106,WA-03
396223,32817,20619,15,20604,18819,1785,12198,99629,72470,1628,70842,65807,5035,27159,152770,118826,6218,112608,107622,4986,33944,111007,94386,4000,90386,87653,2733,16621,WA-10
350597,73895,51578,0,51578,47450,4128,22317,93677,68837,92,68745,65263,3482,24840,110479,83731,224,83507,80076,3431,26748,72546,62008,80,61928,60739,1189,10538,WA-04
475181,20532,14145,0,14145,13292,853,6387,46598,34944,80,34864,33250,1614,11654,104855,85521,173,85348,81316,4032,19334,303196,271099,342,270757,263932,6825,32097,WA-07
427692,40389,28031,0,28031,26381,1650,12358,78196,59483,15,59468,56265,3203,18713,118215,96944,90,96854,92131,4723,21271,190892,165046,204,164842,159926,4916,25846,WA-09
405222,33846,23142,0,23142,21822,1320,10704,91514,69727,92,69635,66410,3225,21787,131908,104568,368,104200,101077,3123,27340,147954,126898,261,126637,123504,3133,21056,WA-08
311319,25930,11130,0,11130,9606,1524,14800,116896,77026,21,77005,72304,4701,39870,88375,64792,123,64669,61589,3080,23583,80118,68350,102,68248,66879,1369,11768,WV-01
325964,32745,14674,0,14674,12984,1690,18071,128078,85789,39,85750,80600,5150,42289,91206,70100,306,69794,66474,3320,21106,73935,63271,459,62812,61535,1277,10664,WV-02
352670,21395,11863,4,11859,10945,914,9532,105484,80250,75,80175,77602,2573,25234,129215,107510,189,107321,104387,2934,21705,96576,85020,194,84826,83639,1187,11556,WI-03
369206,48622,27748,0,27748,25182,2566,20874,103482,71916,0,71916,66484,5432,31566,110234,88009,127,87882,83175,4707,22225,106868,95579,20,95559,93500,2059,11289,WI-04
363984,23847,15036,0,15036,14020,1016,8811,115006,88755,16,88739,85692,3047,26251,135652,112059,114,111945,109009,2936,23593,89479,77785,63,77722,76517,1205,11694,WI-07
369961,23627,14667,0,14667,13682,985,8960,115207,88919,10,88909,85849,3060,26288,127196,105648,124,105524,102978,2546,21548,103931,91449,88,91361,90101,1260,12482,WI-06
383508,24258,15438,0,15438,14675,763,8820,116529,92471,2,92469,89641,2828,24058,133282,113462,158,113304,110813,2491,19820,109439,97639,28,97611,96460,1151,11800,WI-08
1692223,258197,87695,0,87695,62953,24742,170502,479918,257640,132,257508,209669,47839,222278,453266,301053,749,300304,258534,41770,152213,500842,389950,812,389138,362755,26383,110892,PR-98
386889,52861,27766,0,27766,24689,3077,25095,117146,82377,93,82284,77420,4864,34769,131069,103683,399,103284,98534,4750,27386,85813,73805,687,73118,71764,1354,12008,MS-01
380350,48132,22086,0,22086,19752,2334,26046,105906,67164,36,67128,63077,4051,38742,123604,95692,353,95339,91551,3788,27912,102708,88276,525,87751,85819,1932,14432,MS-03
394721,48887,24237,16,24221,20488,3733,24650,116226,77708,522,77186,70378,6808,38518,142791,107784,2244,105540,99073,6467,35007,86817,73727,1409,72318,69537,2781,13090,MS-04
352688,56053,24607,0,24607,20374,4233,31446,112667,70758,39,70719,63855,6864,41909,118119,87552,137,87415,81277,6138,30567,65849,54774,130,54644,52553,2091,11075,MS-02
369975,18257,9075,0,9075,7889,1186,9182,90411,64727,24,64703,59736,4967,25684,103889,83726,114,83612,79293,4319,20163,157418,139663,127,139536,136195,3341,17755,PA-18
374067,30275,17963,0,17963,16258,1705,12312,115947,89557,91,89466,85255,4211,26390,108618,88721,102,88619,84830,3789,19897,119227,104797,33,104764,101912,2852,14430,PA-07
396155,67795,34309,0,34309,29333,4976,33486,145060,99988,0,99988,89685,10303,45072,94699,76004,97,75907,70709,5198,18695,88601,78296,44,78252,75070,3182,10305,PA-02
385556,13031,7524,0,7524,6885,639,5507,87148,65236,33,65203,61367,3836,21912,107410,89035,87,88948,85494,3454,18375,177967,157556,293,157263,154226,3037,20411,PA-17
378755,18263,12501,0,12501,11732,769,5762,95222,76277,23,76254,72662,3592,18945,95822,79399,231,79168,76280,2888,16423,169448,149309,133,149176,145354,3822,20139,PA-01
349181,25645,12653,0,12653,11318,1335,12992,127793,91061,74,90987,86170,4817,36732,92320,72856,126,72730,69880,2850,19464,103423,89606,152,89454,87341,2113,13817,PA-16
359463,30078,16858,9,16849,15279,1570,13220,125391,88436,19,88417,82654,5763,36955,107809,85854,203,85651,82222,3429,21955,96185,83011,116,82895,80775,2120,13174,PA-08
384962,30334,18343,0,18343,16912,1431,11991,120472,90886,47,90839,86936,3903,29586,103743,86877,163,86714,83893,2821,16866,130413,115530,791,114739,112388,2351,14883,PA-10
355058,31421,17673,0,17673,16303,1370,13748,154009,113226,23,113203,108150,5053,40783,94221,75254,161,75093,72638,2455,18967,75407,65305,131,65174,63922,1252,10102,PA-13
369978,43600,27402,0,27402,25930,1472,16198,129982,103646,11,103635,100206,3429,26336,93407,78420,161,78259,75953,2306,14987,102989,91769,86,91683,90190,1493,11220,PA-11
363802,31974,17945,13,17932,16605,1327,14029,147669,110284,90,110194,105225,4969,37385,99512,81250,265,80985,77585,3400,18262,84647,74120,80,74040,72447,1593,10527,PA-09
385358,16643,9665,0,9665,8888,777,6978,83746,64063,26,64037,61234,2803,19683,87015,73172,239,72933,69909,3024,13843,197954,177196,143,177053,172620,4433,20758,PA-04
351647,26522,12551,0,12551,11257,1294,13971,153660,107018,78,106940,101767,5173,46642,93398,72980,83,72897,70289,2608,20418,78067,66819,50,66769,65230,1539,11248,PA-15
373875,27525,14855,0,14855,13129,1726,12670,105971,78588,0,78588,72936,5652,27383,91865,75525,10,75515,71297,4218,16340,148514,130689,65,130624,127315,3309,17825,PA-05
399692,35261,16209,0,16209,12916,3293,19052,101570,64450,3,64447,55920,8527,37120,91119,69229,89,69140,63900,5240,21890,171742,150621,114,150507,145863,4644,21121,PA-03
384842,39634,22726,0,22726,20789,1937,16908,117236,83425,14,83411,79945,3466,33811,128146,99233,245,98988,95686,3302,28913,99826,85151,97,85054,83402,1652,14675,MO-07
393550,28947,15448,0,15448,14190,1258,13499,122591,89508,38,89470,86243,3227,33083,119715,96941,233,96708,94004,2704,22774,122297,108009,560,107449,105695,1754,14288,MO-06
372112,51275,23891,0,23891,20665,3226,27384,138547,89555,128,89427,84522,4905,48992,116855,87098,188,86910,83970,2940,29757,65435,54270,166,54104,53158,946,11165,MO-08
413169,32860,19824,0,19824,18109,1715,13036,121248,90112,0,90112,86938,3174,31136,140590,115348,225,115123,111764,3359,25242,118471,104410,93,104317,102372,1945,14061,MO-03
375856,34398,18148,0,18148,16644,1504,16250,119604,84032,709,83323,79371,3952,35572,119897,92949,3295,89654,85978,3676,26948,101957,87985,2641,85344,83917,1427,13972,MO-04
532584,30476,17996,6,17990,16325,1665,12480,147710,109171,153,109018,104349,4669,38539,180021,140831,922,139909,135339,4570,39190,174377,150958,577,150381,147337,3044,23419,MT-00
289332,26727,18985,0,18985,17998,987,7742,81715,65076,15,65061,63459,1602,16639,111391,95556,80,95476,93654,1822,15835,69499,62583,76,62507,61896,611,6916,NE-03
374261,86562,60660,14,60646,56665,3981,25902,121888,91049,15,91034,83971,7063,30839,109519,84685,126,84559,78209,6350,24834,56292,45978,74,45904,43537,2367,10314,NV-01
449024,27971,19161,0,19161,17630,1531,8810,109866,85882,81,85801,80893,4908,23984,160959,130863,331,130532,124929,5603,30096,150228,126615,435,126180,122100,4080,23613,NV-03
378488,45134,32773,6,32767,30654,2113,12361,99119,74689,93,74596,70359,4237,24430,135045,105099,478,104621,100541,4080,29946,99190,84107,374,83733,81498,2235,15083,NV-02
357720,21142,12888,0,12888,12178,710,8254,97703,74795,117,74678,71890,2788,22908,104700,86788,135,86653,84220,2433,17912,134175,117655,104,117551,115361,2190,16520,NH-02
387710,31936,18415,0,18415,16594,1821,13521,110181,83212,31,83181,76377,6804,26969,112704,92832,76,92756,87428,5328,19872,132889,118833,189,118644,115201,3443,14056,NJ-01
409531,45308,27802,0,27802,24316,3486,17506,123899,90479,14,90465,81946,8519,33420,110253,91543,130,91413,85205,6208,18710,130071,114394,155,114239,109505,4734,15677,NJ-10
384666,18240,12194,0,12194,11328,866,6046,77883,60957,13,60944,58074,2870,16926,88945,74339,33,74306,71200,3106,14606,199598,173738,38,173700,168784,4916,25860,NJ-05
396172,17183,12173,0,12173,11402,771,5010,71414,55764,14,55750,53187,2563,15650,80805,67213,42,67171,64401,2770,13592,226770,198109,71,198038,192438,5600,28661,NJ-07
407600,46739,30938,0,30938,29390,1548,15801,121938,91510,0,91510,87544,3966,30428,89931,74228,158,74070,71068,3002,15703,148992,128061,86,127975,124450,3525,20931,NJ-09
396058,37227,25743,3,25740,24143,1597,11484,97951,73437,27,73410,69298,4112,24514,91316,75344,29,75315,71982,3333,15972,169564,144662,49,144613,139766,4847,24902,NJ-06
398439,35295,24147,0,24147,22309,1838,11148,86469,65691,0,65691,60961,4730,20778,82762,66749,9,66740,63377,3363,16013,193913,167826,49,167777,161947,5830,26087,NJ-12
369115,42344,25655,0,25655,23015,2640,16689,87759,60190,119,60071,56586,3485,27569,118334,90174,858,89316,84906,4410,28160,120678,101338,1049,100289,96901,3388,19340,NM-01
348861,42339,23300,0,23300,20647,2653,19039,95967,63881,69,63812,58837,4975,32086,121504,90430,1231,89199,83677,5522,31074,89051,73783,637,73146,71196,1950,15268,NM-03
384431,38120,26576,12,26564,24907,1657,11544,102714,79234,37,79197,75729,3468,23480,110482,90538,140,90398,87448,2950,19944,133115,118843,79,118764,115812,2952,14272,NY-02
373072,32542,16919,0,16919,14791,2128,15623,79204,58101,21,58080,54673,3407,21103,110805,89864,45,89819,85297,4522,20941,150521,132579,52,132527,129750,2777,17942,NY-25
371689,20466,13115,0,13115,12578,537,7351,57931,42983,34,42949,41499,1450,14948,76708,60700,90,60610,58601,2009,16008,216584,183563,35,183528,178595,4933,33021,NY-03
414216,39223,25124,0,25124,23782,1342,14099,55692,39593,39,39554,37243,2311,16099,49202,37780,5,37775,35419,2356,11422,270099,239567,9,239558,231552,8006,30532,NY-10
440690,91018,54644,0,54644,48110,6534,36374,99233,72546,0,72546,66719,5827,26687,97322,77359,48,77311,70525,6786,19963,153117,135489,44,135445,130087,5358,17628,NY-13
372075,30511,14995,0,14995,13272,1723,15516,95720,67272,93,67179,63666,3513,28448,117761,91459,160,91299,87664,3635,26302,128083,112859,88,112771,109776,2995,15224,NY-26
402106,43320,26844,0,26844,24324,2520,16476,99779,74615,24,74591,69018,5573,25164,90244,70267,58,70209,65415,4794,19977,168763,150576,36,150540,145778,4762,18187,NY-09
374602,27734,16528,0,16528,15418,1110,11206,96580,72987,67,72920,69323,3597,23593,109728,89392,185,89207,86119,3088,20336,140560,121475,191,121284,118465,2819,19085,NY-01
413710,89646,57158,0,57158,53508,3650,32488,95577,66706,31,66675,62611,4064,28871,69803,53959,21,53938,51245,2693,15844,158684,143331,21,143310,138579,4731,15353,NY-07
372510,40214,28347,0,28347,26438,1909,11867,68324,50140,0,50140,47722,2418,18184,82863,67420,98,67322,63935,3387,15443,181109,158500,52,158448,153382,5066,22609,NY-17
413260,55106,35962,0,35962,34226,1736,19144,99435,75126,17,75109,72367,2742,24309,94756,75089,57,75032,72014,3018,19667,163963,141480,61,141419,136447,4972,22483,NY-06
419606,63540,41941,0,41941,37804,4137,21599,117768,89912,56,89856,83815,6041,27856,121396,99564,69,99495,93038,6457,21832,116902,102976,103,102873,98927,3946,13926,NY-05
384978,47029,30571,0,30571,27548,3023,16458,82460,62718,0,62718,57978,4740,19742,91812,73973,21,73952,69886,4066,17839,163677,142358,0,142358,137268,5090,21319,NY-16
393217,42668,24941,1,24940,23307,1633,17727,101962,69251,99,69152,65660,3492,32711,94556,72709,200,72509,69547,2962,21847,154031,132325,125,132200,127874,4326,21706,NY-11
379783,112731,64634,0,64634,56899,7735,48097,108893,76309,20,76289,68501,7788,32584,101687,78160,102,78058,71659,6399,23527,56472,48292,80,48212,45603,2609,8180,NY-15
344174,31305,15184,0,15184,13789,1395,16121,111008,76709,0,76709,72375,4334,34299,107565,85251,81,85170,81664,3506,22314,94296,80284,94,80190,78352,1838,14012,NY-23
425355,51811,27651,0,27651,24362,3289,24160,118180,82568,0,82568,76206,6362,35612,100163,77764,97,77667,72542,5125,22399,155201,138992,159,138833,133924,4909,16209,NY-08
460338,18902,9775,0,9775,8633,1142,9127,37779,25586,0,25586,23851,1735,12193,49214,36915,0,36915,35114,1801,12299,354443,321040,205,320835,312277,8558,33403,NY-12
373446,29380,16868,0,16868,15819,1049,12512,94108,67744,122,67622,64350,3272,26364,110097,88636,439,88197,84784,3413,21461,139861,120485,761,119724,117000,2724,19376,NY-18
388872,53968,30943,0,30943,27996,2947,23025,105881,72536,109,72427,66937,5490,33345,112274,86793,190,86603,82207,4396,25481,116749,100262,160,100102,97343,2759,16487,NC-01
403499,49742,29332,0,29332,27392,1940,20410,108699,72923,180,72743,67892,4851,35776,138838,105197,1411,103786,99003,4783,33641,106220,86833,1003,85830,83583,2247,19387,NC-07
446494,35146,21455,0,21455,19799,1656,13691,95250,68883,448,68435,64310,4125,26367,142567,114914,2171,112743,108116,4627,27653,173531,149183,2078,147105,144003,3102,24348,NC-02
396734,52936,33193,9,33184,30770,2414,19743,108935,78131,49,78082,74364,3718,30804,132861,105701,335,105366,100667,4699,27160,102002,87122,157,86965,84962,2003,14880,NC-06
372533,37401,21176,11,21165,19134,2031,16225,102178,71222,3672,67550,62333,5217,30956,141802,108643,7959,100684,95197,5487,33159,91152,76131,5731,70400,68506,1894,15021,NC-03
398514,47899,26563,0,26563,23573,2990,21336,114161,80672,33,80639,75885,4754,33489,135019,107124,219,106905,102587,4318,27895,101435,87347,94,87253,85168,2085,14088,NC-10
474792,33132,23666,0,23666,21876,1790,9466,61796,47379,36,47343,44736,2607,14417,109638,90122,165,89957,86766,3191,19516,270226,236483,264,236219,230489,5730,33743,NC-04
385049,48490,26854,18,26836,24861,1975,21636,103552,72805,103,72702,68850,3852,30747,125739,97943,251,97692,93730,3962,27796,107268,91632,161,91471,89148,2323,15636,NC-05
383831,48090,26039,0,26039,24192,1847,22051,106543,73706,83,73623,70618,3005,32837,132767,101657,162,101495,97215,4280,31110,96431,79400,66,79334,77925,1409,17031,NC-11
404827,38687,22292,10,22282,20225,2057,16395,102135,74472,2402,72070,67460,4610,27663,150473,117607,10053,107554,102386,5168,32866,113532,96829,7286,89543,86641,2902,16703,NC-08
491471,52097,36178,0,36178,33471,2707,15919,84481,64037,65,63972,59789,4183,20444,144486,120184,206,119978,114654,5324,24302,210407,187539,97,187442,182994,4448,22868,NC-12
384188,29043,15627,0,15627,13485,2142,13416,102860,75818,22,75796,71264,4532,27042,108399,87249,71,87178,83275,3903,21150,143886,125570,197,125373,122666,2707,18316,OH-01
364854,38786,23445,0,23445,21602,1843,15341,133041,101234,14,101220,96414,4806,31807,111464,91234,125,91109,87872,3237,20230,81563,71290,134,71156,70135,1021,10273,OH-07
369253,23987,13840,0,13840,12907,933,10147,99932,75171,0,75171,71708,3463,24761,104971,85815,100,85715,82846,2869,19156,140363,122834,117,122717,120413,2304,17529,OH-14
425207,46704,26296,0,26296,22803,3493,20408,121697,90334,12,90322,84136,6186,31363,128799,107061,119,106942,101643,5299,21738,128007,114035,124,113911,111136,2775,13972,OH-03
367424,28496,15207,27,15180,12845,2335,13289,93792,66876,45,66831,61947,4884,26916,129724,102352,953,101399,96448,4951,27372,115412,99596,2046,97550,95370,2180,15816,OH-10
364979,20218,11229,0,11229,10383,846,8989,117774,90785,48,90737,86893,3844,26989,121738,101921,276,101645,98756,2889,19817,105249,92798,116,92682,91457,1225,12451,OH-05
362911,30217,16070,0,16070,13786,2284,14147,130963,92817,84,92733,86397,6336,38146,112925,90443,82,90361,85924,4437,22482,88806,77350,9,77341,75395,1946,11456,OH-13
411632,30726,13929,0,13929,12834,1095,16797,122568,83860,18,83842,79905,3937,38708,115797,90878,136,90742,87394,3348,24919,142541,125492,260,125232,123487,1745,17049,OH-15
370090,42203,22412,0,22412,19162,3250,19791,114926,82676,36,82640,75820,6820,32250,124723,99793,119,99674,94164,5510,24930,88238,77273,59,77214,75132,2082,10965,OH-09
413836,23073,11458,0,11458,9975,1483,11615,94071,68487,16,68471,65050,3421,25584,111238,90924,197,90727,88011,2716,20314,185454,163588,255,163333,160656,2677,21866,OH-12
368178,48502,22689,0,22689,20570,2119,25813,138101,89426,48,89378,84054,5324,48675,118427,83830,162,83668,79470,4198,34597,63148,52557,97,52460,51299,1161,10591,OK-02
385093,44633,24958,13,24945,23173,1772,19675,131010,90750,54,90696,86585,4111,40260,120535,90774,674,90100,86622,3478,29761,88915,75911,1162,74749,73567,1182,13004,OK-03
398422,35237,19953,38,19915,18337,1578,15284,124763,87966,969,86997,82748,4249,36797,133417,104253,2938,101315,97408,3907,29164,105005,90275,2435,87840,86374,1466,14730,OK-04
465204,36760,25847,0,25847,24794,1053,10913,83786,61555,90,61465,58427,3038,22231,143623,113546,232,113314,108650,4664,30077,201035,171939,272,171667,167445,4222,29096,OR-01
422984,45801,31122,0,31122,29054,2068,14679,97432,69988,35,69953,65940,4013,27444,147725,114979,170,114809,109948,4861,32746,132026,111910,154,111756,108909,2847,20116,OR-05
412149,45495,29420,0,29420,26734,2686,16075,110461,77148,84,77064,72005,5059,33313,154158,114015,201,113814,108448,5366,40143,102035,83047,128,82919,80469,2450,18988,OR-02
277440,20516,12159,0,12159,11037,1122,8357,74772,56908,166,56742,53265,3477,17864,81691,67277,121,67156,64259,2897,14414,100461,89775,177,89598,87468,2130,10686,RI-02
413448,28090,16630,21,16609,15723,886,11460,92499,69231,724,68507,65232,3275,23268,127868,103092,2890,100202,97034,3168,24776,164991,141976,1877,140099,137133,2966,23015,SC-01
378520,42518,24457,0,24457,22656,1801,18061,91535,65791,12,65779,62375,3404,25744,118029,94516,143,94373,90464,3909,23513,126438,108748,151,108597,106411,2186,17690,SC-04
372532,42050,22387,0,22387,19663,2724,19663,111184,77831,215,77616,73270,4346,33353,124453,98290,1540,96750,92619,4131,26163,94845,81921,727,81194,79253,1941,12924,SC-05
373065,31961,18223,8,18215,15730,2485,13738,96279,68660,476,68184,64239,3945,27619,115132,91817,1726,90091,85822,4269,23315,129693,112839,1580,111259,109063,2196,16854,SC-02
430859,31079,19496,0,19496,17742,1754,11583,121257,94754,62,94692,91181,3511,26503,148587,125757,998,124759,121640,3119,22830,129936,116388,624,115764,114595,1169,13548,SD-00
369759,45659,20285,0,20285,18621,1664,25374,138174,91982,9,91973,86285,5688,46192,107919,79404,206,79198,75786,3412,28515,78007,64985,93,64892,63208,1684,13022,TN-01
436342,46122,29723,0,29723,28246,1477,16399,99122,74432,16,74416,70509,3907,24690,111850,91881,79,91802,88889,2913,19969,179248,160336,286,160050,157016,3034,18912,TN-05
402537,35402,16645,20,16625,15029,1596,18757,122120,81384,1233,80151,75307,4844,40736,113982,86057,5131,80926,77229,3697,27925,131033,109471,3307,106164,103330,2834,21562,TN-07
381947,33946,17286,0,17286,15723,1563,16660,108473,77643,188,77455,74001,3454,30830,114990,90904,305,90599,86536,4063,24086,124538,105836,202,105634,103620,2014,18702,TN-02
368780,46850,26443,0,26443,22476,3967,20407,114829,82157,63,82094,73840,8254,32672,113711,90076,261,89815,84201,5614,23635,93390,82796,500,82296,79697,2599,10594,TN-09
354020,84992,51990,0,51990,47918,4072,33002,101326,71381,19,71362,67538,3824,29945,96362,76053,677,75376,71041,4335,20309,71340,61465,1153,60312,58865,1447,9875,TX-28
351519,56447,33605,0,33605,31147,2458,22842,100910,68979,68,68911,64499,4412,31931,121584,92312,189,92123,87867,4256,29272,72578,60675,46,60629,58943,1686,11903,TX-01
438249,48176,35822,0,35822,34230,1592,12354,68924,53596,0,53596,51098,2498,15328,105108,85050,109,84941,80707,4234,20058,216041,183232,124,183108,176887,6221,32809,TX-07
413228,44679,30010,0,30010,28741,1269,14669,98175,76246,80,76166,73050,3116,21929,143068,118394,349,118045,114186,3859,24674,127306,110863,228,110635,108104,2531,16443,TX-06
382690,49113,30873,0,30873,29330,1543,18240,92673,66397,20,66377,63035,3342,26276,117052,92579,137,92442,89575,2867,24473,123852,105868,281,105587,103159,2428,17984,TX-17
383921,57139,32776,0,32776,30118,2658,24363,123759,85044,44,85000,79053,5947,38715,131028,99621,317,99304,94128,5176,31407,71995,60275,97,60178,58298,1880,11720,TX-36
299054,19168,12875,0,12875,11375,1500,6293,84659,65616,105,65511,62407,3104,19043,113166,91670,1000,90670,87802,2868,21496,82061,70882,819,70063,68755,1308,11179,WY-00
357256,20708,9656,0,9656,8661,995,11052,127432,87740,17,87723,83107,4616,39692,103006,81141,126,81015,77635,3380,21865,106110,92643,49,92594,90584,2010,13467,PA-14
375575,31893,21216,0,21216,19460,1756,10677,83853,65086,25,65061,61928,3133,18767,81510,66616,154,66462,63142,3320,14894,178319,156655,65,156590,153013,3577,21664,PA-06
342157,30817,17172,0,17172,15931,1241,13645,138215,100639,33,100606,96132,4474,37576,87152,68723,38,68685,66284,2401,18429,85973,73313,81,73232,71951,1281,12660,PA-12
399436,15087,9030,0,9030,8555,475,6057,61754,46864,0,46864,45015,1849,14890,107913,88719,54,88665,85819,2846,19194,214682,188584,93,188491,185210,3281,26098,MO-02
395537,36600,19718,0,19718,16191,3527,16882,97817,70993,11,70982,64775,6207,26824,126761,103378,235,103143,97801,5342,23383,134359,119111,320,118791,115543,3248,15248,MO-01
408822,38917,23609,0,23609,21270,2339,15308,118643,88223,93,88130,83314,4816,30420,128394,103791,80,103711,100074,3637,24603,122868,109517,211,109306,107187,2119,13351,MO-05
315075,22305,15228,0,15228,14174,1054,7077,73009,57911,183,57728,55766,1962,15098,113623,97604,1310,96294,94019,2275,16019,106138,96671,1110,95561,94327,1234,9467,NE-01
352550,30017,21000,0,21000,19459,1541,9017,66669,51616,85,51531,49528,2003,15053,105841,88941,480,88461,86256,2205,16900,150023,133986,1118,132868,130596,2272,16037,NE-02
385741,55136,35900,0,35900,33699,2201,19236,115637,82057,118,81939,75990,5949,33580,134285,103651,2302,101349,95892,5457,30634,80683,67543,1682,65861,63541,2320,13140,NV-04
366822,21539,13484,0,13484,12689,795,8055,92863,73003,150,72853,69790,3063,19860,109767,92432,484,91948,89268,2680,17335,142653,126623,238,126385,123984,2401,16030,NH-01
383349,19650,11515,14,11501,10627,874,8135,106209,79965,273,79692,74472,5220,26244,113950,91960,1975,89985,85790,4195,21990,143540,126511,1314,125197,121559,3638,17029,NJ-03
363393,22027,15065,0,15065,14314,751,6962,82689,63445,75,63370,59789,3581,19244,95284,75961,271,75690,72668,3022,19323,163393,140314,217,140097,136324,3773,23079,NJ-04
371458,41041,24108,0,24108,21764,2344,16933,119978,87494,124,87370,80878,6492,32484,106201,84207,560,83647,79180,4467,21994,104238,90201,196,90005,86923,3082,14037,NJ-02
389178,13276,9120,0,9120,8440,680,4156,67892,53356,0,53356,50750,2606,14536,76995,64326,29,64297,61421,2876,12669,231015,203367,24,203343,197861,5482,27648,NJ-11
448540,73182,51340,36,51304,48473,2831,21842,122267,94238,4,94234,87861,6373,28029,86932,72981,100,72881,69314,3567,13951,166159,148774,102,148672,144572,4100,17385,NJ-08
332708,57999,30879,6,30873,27362,3511,27120,98772,64722,254,64468,60004,4464,34050,110353,79555,1199,78356,73941,4415,30798,65584,52931,695,52236,50973,1263,12653,NM-02
374764,26021,15476,0,15476,14186,1290,10545,83177,60775,115,60660,57149,3511,22402,112024,90936,491,90445,86770,3675,21088,153542,136348,462,135886,132993,2893,17194,NY-20
365244,34012,15228,7,15221,13925,1296,18784,126529,85885,1234,84651,80137,4514,40644,115677,89279,2825,86454,83302,3152,26398,89026,76884,1830,75054,73619,1435,12142,NY-21
378074,35762,25260,0,25260,24116,1144,10502,78578,60089,90,59999,57455,2544,18489,90280,73844,66,73778,71160,2618,16436,173454,153272,59,153213,149184,4029,20182,NY-04
346278,32849,16337,0,16337,14718,1619,16512,108014,75799,125,75674,71954,3720,32215,113269,90583,278,90305,86533,3772,22686,92146,80045,163,79882,78078,1804,12101,NY-22
363241,31815,16512,0,16512,15018,1494,15303,111530,79234,106,79128,74676,4452,32296,110179,86281,147,86134,83028,3106,23898,109717,93808,72,93736,91535,2201,15909,NY-19
378977,20812,10175,0,10175,9310,865,10637,104195,75258,50,75208,72040,3168,28937,126740,101164,159,101005,97778,3227,25576,127230,111869,173,111696,109762,1934,15361,NY-27
400662,76200,50224,0,50224,47591,2633,25976,117590,90688,5,90683,86371,4312,26902,89334,71631,39,71592,68128,3464,17703,117538,104866,53,104813,100949,3864,12672,NY-14
365133,31999,16782,0,16782,14443,2339,15217,96638,70418,146,70272,65753,4519,26220,117120,93444,214,93230,89445,3785,23676,119376,104524,143,104381,102518,1863,14852,NY-24
403743,44434,26942,23,26919,24267,2652,17492,102846,77020,20,77000,72429,4571,25826,133574,106284,196,106088,101016,5072,27290,122889,104914,83,104831,102235,2596,17975,NC-13
405487,43533,23313,0,23313,21133,2180,20220,93101,63256,304,62952,58984,3968,29845,119471,91269,708,90561,86470,4091,28202,149382,126549,616,125933,123359,2574,22833,NC-09
382185,20176,13403,16,13387,12354,1033,6773,93219,74741,399,74342,71891,2451,18478,144957,122979,1932,121047,118532,2515,21978,123833,111227,1320,109907,108928,979,12606,ND-00
387576,31750,16016,0,16016,14537,1479,15734,113923,81187,8,81179,77019,4160,32736,108966,85548,52,85496,82121,3375,23418,132937,116256,38,116218,114210,2008,16681,OH-02
358141,35009,15186,0,15186,13382,1804,19823,147624,99538,24,99514,94253,5261,48086,112840,85797,23,85774,82010,3764,27043,62668,52811,43,52768,51763,1005,9857,OH-06
364899,29394,14578,0,14578,13030,1548,14816,140934,104082,10,104072,100131,3941,36852,123196,98042,109,97933,94475,3458,25154,71375,62474,77,62397,61261,1136,8901,OH-04
369459,18263,10847,0,10847,10232,615,7416,99750,76433,0,76433,73455,2978,23317,112213,93318,45,93273,90779,2494,18895,139233,122469,42,122427,119775,2652,16764,OH-16
356400,38821,18929,0,18929,14531,4398,19892,99786,66852,0,66852,58816,8036,32934,116229,88361,62,88299,80879,7420,27868,101564,88742,53,88689,85604,3085,12822,OH-11
363634,28472,16413,0,16413,14590,1823,12059,126402,94491,0,94491,90310,4181,31911,111985,92229,173,92056,88760,3296,19756,96775,84698,199,84499,82984,1515,12077,OH-08
414225,42167,27197,0,27197,25081,2116,14970,107381,79044,84,78960,73695,5265,28337,136666,108844,228,108616,103930,4686,27822,128011,111029,192,110837,108351,2486,16982,OK-01
422776,55367,35107,0,35107,33175,1932,20260,109222,76521,83,76438,71662,4776,32701,125615,97546,547,96999,93247,3752,28069,132572,114164,809,113355,111445,1910,18408,OK-05
494017,42427,27830,0,27830,26339,1491,14597,86575,63443,10,63433,59318,4115,23132,151426,121992,165,121827,115762,6065,29434,213589,188618,136,188482,183367,5115,24971,OR-03
395041,35539,21272,0,21272,18962,2310,14267,96997,67131,51,67080,62557,4523,29866,155349,114273,152,114121,107364,6757,41076,107156,88006,176,87830,84850,2980,19150,OR-04
281871,30741,18690,0,18690,17504,1186,12051,76704,57773,141,57632,53575,4057,18931,74185,59684,578,59106,56740,2366,14501,100241,87955,1599,86356,83945,2411,12286,RI-01
347722,49540,27170,0,27170,24121,3049,22370,105902,74279,20,74259,69632,4627,31623,113113,87701,139,87562,84391,3171,25412,79167,66936,221,66715,65398,1317,12231,SC-03
365139,46884,23954,0,23954,21485,2469,22930,125064,86255,78,86177,80340,5837,38809,116187,88223,111,88112,82812,5300,27964,77004,64378,174,64204,62581,1623,12626,SC-07
332987,46388,23034,0,23034,20228,2806,23354,113590,76047,299,75748,68819,6929,37543,102383,77596,1536,76060,71805,4255,24787,70626,60655,1356,59299,57606,1693,9971,SC-06
407564,45876,24514,0,24514,22654,1860,21362,136850,98927,97,98830,93919,4911,37923,123473,99001,188,98813,95428,3385,24472,101365,87537,239,87298,85195,2103,13828,TN-04
362601,33435,15454,0,15454,13895,1559,17981,113579,76806,107,76699,72558,4141,36773,103507,80006,321,79685,76493,3192,23501,112080,96157,570,95587,94049,1538,15923,TN-08
399245,42869,22246,0,22246,20814,1432,20623,141745,101950,114,101836,97515,4321,39795,116424,91024,212,90812,88106,2706,25400,98207,84526,253,84273,82831,1442,13681,TN-06
374893,134222,91785,0,91785,86976,4809,42437,114623,85192,15,85177,80693,4484,29431,85377,67574,18,67556,63873,3683,17803,40671,35181,44,35137,34140,997,5490,TX-29
369873,58312,37278,13,37265,34820,2445,21034,116420,84727,145,84582,80021,4561,31693,122222,96292,494,95798,92528,3270,25930,72919,60891,647,60244,58732,1512,12028,TX-27
397262,52873,29310,0,29310,26945,2365,23563,112740,74267,142,74125,69715,4410,38473,133105,98274,177,98097,93983,4114,34831,98544,83925,113,83812,81313,2499,14619,TX-14
386957,76114,48462,0,48462,45856,2606,27652,115810,80619,8,80611,76728,3883,35191,117844,90023,82,89941,86870,3071,27821,77189,65028,80,64948,63715,1233,12161,TX-05
375184,63789,38058,0,38058,35792,2266,25731,116353,83311,75,83236,79496,3740,33042,108278,83698,271,83427,80665,2762,24580,86764,72398,150,72248,71142,1106,14366,GA-09
422409,26499,20062,0,20062,19041,1021,6437,46997,36110,13,36097,35000,1097,10887,77426,63831,167,63664,60671,2993,13595,271487,234313,208,234105,228223,5882,37174,GA-06
381479,42570,23051,72,22979,20177,2802,19519,111580,77914,1807,76107,71628,4479,33666,129005,100672,5598,95074,89651,5423,28333,98324,83749,2447,81302,78862,2440,14575,GA-01
359320,46523,22168,0,22168,19580,2588,24355,117654,77905,375,77530,73190,4340,39749,112041,85465,2258,83207,79694,3513,26576,83102,70651,1159,69492,67983,1509,12451,GA-08
407390,38008,25602,0,25602,24154,1448,12406,102151,76343,180,76163,73272,2891,25808,145559,111733,1342,110391,106874,3517,33826,121672,102781,555,102226,99997,2229,18891,ID-02
365642,33234,18049,0,18049,14758,3291,15185,90692,64622,0,64622,56427,8195,26070,127833,100753,28,100725,91848,8877,27080,113883,98627,14,98613,94930,3683,15256,IL-01
410134,44939,22511,0,22511,18875,3636,22428,85048,57742,0,57742,48829,8913,27306,89482,69651,72,69579,62623,6956,19831,190665,169641,206,169435,164677,4758,21024,IL-07
443117,25005,16420,0,16420,15323,1097,8585,64635,50010,42,49968,47106,2862,14625,86939,72970,75,72895,70322,2573,13969,266538,242858,51,242807,237271,5536,23680,IL-05
342958,23763,11935,0,11935,10403,1532,11828,95106,67799,0,67799,63192,4607,27307,112089,89020,188,88832,84712,4120,23069,112000,96410,139,96271,94042,2229,15590,IL-13
385956,16417,11744,0,11744,11218,526,4673,55227,43874,13,43861,42048,1813,11353,97210,80068,61,80007,77308,2699,17142,217102,187423,48,187375,182477,4898,29679,IL-06
365241,36740,27012,0,27012,25527,1485,9728,71693,55506,603,54903,51717,3186,16187,86938,72016,1901,70115,66990,3125,14922,169870,145369,913,144456,140106,4350,24501,IL-10
390229,27869,16558,0,16558,15489,1069,11311,57158,39751,21,39730,37436,2294,17407,80748,65657,70,65587,62833,2754,15091,224454,193997,48,193949,188676,5273,30457,IL-09
361933,31156,14446,0,14446,12099,2347,16710,103723,71144,192,70952,66018,4934,32579,137234,106670,1185,105485,100112,5373,30564,89820,77712,1704,76008,73817,2191,12108,IL-12
384842,33279,18120,8,18112,16511,1601,15159,121286,88515,192,88323,83952,4371,32771,120159,97451,600,96851,93466,3385,22708,110118,97719,143,97576,96118,1458,12399,IN-09
366006,36596,19087,0,19087,17412,1675,17509,123549,88253,26,88227,84344,3883,35296,122235,97872,125,97747,94558,3189,24363,83626,73167,97,73070,71867,1203,10459,IN-08
411514,21430,11730,0,11730,10637,1093,9700,82562,60946,59,60887,58293,2594,21616,102853,84038,109,83929,80958,2971,18815,204669,181103,253,180850,177668,3182,23566,IN-05
402278,63191,38057,0,38057,33501,4556,25134,120577,86589,53,86536,79364,7172,33988,115805,93552,65,93487,89364,4123,22253,102705,91121,84,91037,88753,2284,11584,IN-07
383494,43350,21022,0,21022,18613,2409,22328,123627,81837,86,81751,77087,4664,41790,119403,91375,261,91114,86999,4115,28028,97114,83086,41,83045,80958,2087,14028,TN-03
389430,26696,16366,0,16366,15105,1261,10330,113074,84880,15,84865,80845,4020,28194,132289,109959,138,109821,106084,3737,22330,117371,102928,131,102797,101191,1606,14443,IA-02
333412,38290,25945,47,25898,24417,1481,12345,85469,65443,1222,64221,61922,2299,20026,122667,101167,3484,97683,95308,2375,21500,86986,76168,1554,74614,73627,987,10818,KS-01
349712,24278,13755,20,13735,12573,1162,10523,97509,71944,86,71858,68919,2939,25565,120014,96856,588,96268,93058,3210,23158,107911,94810,1783,93027,91777,1250,13101,KS-02
399328,40846,21417,0,21417,19532,1885,19429,108131,75450,45,75405,71577,3828,32681,118207,93690,186,93504,89279,4225,24517,132144,115128,136,114992,112441,2551,17016,KY-06
363981,69149,19332,0,19332,16404,2928,49817,140434,74564,0,74564,68679,5885,65870,102280,66516,34,66482,62390,4092,35764,52118,42003,138,41865,40552,1313,10115,KY-05
378249,50081,22949,44,22905,19877,3028,27132,136179,88266,1162,87104,80984,6120,47913,116034,85135,3207,81928,77553,4375,30899,75955,63775,2281,61494,59770,1724,12180,LA-04
424794,49493,28681,0,28681,25500,3181,20812,118044,84809,267,84542,80331,4211,33235,121538,95746,903,94843,90683,4160,25792,135719,116657,855,115802,113203,2599,19062,LA-01
376235,64908,25090,0,25090,22084,3006,39818,144756,90149,105,90044,84208,5836,54607,99835,70623,365,70258,66735,3523,29212,66736,56017,194,55823,54620,1203,10719,LA-05
495146,45943,27572,0,27572,25152,2420,18371,149682,109512,228,109284,102392,6892,40170,135768,110567,1611,108956,104436,4520,25201,163753,142685,861,141824,138019,3805,21068,DE-00
437523,41237,25035,0,25035,22743,2292,16202,111682,84321,116,84205,77958,6247,27361,115755,93710,648,93062,88249,4813,22045,168849,146302,1395,144907,140794,4113,22547,FL-14
399515,41294,27005,0,27005,24559,2446,14289,110989,81689,153,81536,77599,3937,29300,122856,95968,598,95370,91370,4000,26888,124376,101896,575,101321,98544,2777,22480,FL-16
417609,47659,28470,0,28470,26652,1818,19189,124142,90650,47,90603,85362,5241,33492,133541,105801,524,105277,100644,4633,27740,112267,95157,483,94674,92553,2121,17110,FL-15
384453,31128,17241,0,17241,15643,1598,13887,109457,74970,143,74827,70388,4439,34487,127786,95569,266,95303,90544,4759,32217,116082,98444,224,98220,95607,2613,17638,FL-12
369657,46135,19804,0,19804,17874,1930,26331,120243,73559,157,73402,69025,4377,46684,116467,83150,1355,81795,78167,3628,33317,86812,71518,1127,70391,68529,1862,15294,FL-02
374144,46736,33781,0,33781,30774,3007,12955,87170,69018,24,68994,64631,4363,18152,109219,89417,62,89355,85097,4258,19802,131019,109613,37,109576,106258,3318,21406,FL-21
415748,39936,23974,0,23974,21655,2319,15962,106099,80938,116,80822,76481,4341,25161,104876,86935,164,86771,83263,3508,17941,164837,145919,146,145773,142022,3751,18918,MA-03
366746,25651,12868,0,12868,11392,1476,12783,110667,74977,50,74927,71035,3892,35690,133791,103535,131,103404,99866,3538,30256,96637,83781,140,83641,82120,1521,12856,MI-07
358150,31047,17987,0,17987,15839,2148,13060,98143,71569,34,71535,67939,3596,26574,125050,100365,96,100269,96863,3406,24685,103910,89815,56,89759,88051,1708,14095,MI-06
379054,27795,15549,0,15549,14074,1475,12246,108870,77529,68,77461,73182,4279,31341,144154,114384,165,114219,110097,4122,29770,98235,86044,196,85848,83949,1899,12191,MI-10
347759,56432,27381,0,27381,22339,5042,29051,112545,72800,0,72800,64187,8613,39745,120832,90867,14,90853,83047,7806,29965,57950,48305,37,48268,46028,2240,9645,MI-13
395994,14888,8895,0,8895,8291,604,5993,61952,44991,0,44991,42907,2084,16961,112985,90963,92,90871,87725,3146,22022,206169,179593,79,179514,175957,3557,26576,MI-11
377633,17517,10030,0,10030,8955,1075,7487,74948,53678,0,53678,50394,3284,21270,121647,96790,84,96706,93144,3562,24857,163521,141264,170,141094,138100,2994,22257,MI-08
373819,16589,12341,0,12341,11544,797,4248,73908,60627,27,60600,58207,2393,13281,127092,111117,218,110899,107971,2928,15975,156230,141494,183,141311,138979,2332,14736,MN-02
335170,23179,15757,0,15757,14502,1255,7422,87312,70198,49,70149,67472,2677,17114,120069,104743,90,104653,102325,2328,15326,104610,93827,37,93790,92687,1103,10783,MN-01
374791,30757,18368,0,18368,16971,1397,12389,68573,51879,27,51852,49563,2289,16694,105024,87634,38,87596,84446,3150,17390,170437,152399,188,152211,149117,3094,18038,MN-04
