total,lessThanHighSchoolTotal,lessThanHighSchoolWithComputer,lessThanHighSchoolWithComputerWithDialUpOnly,lessThanHighSchoolWithComputerWithBroadband,lessThanHighSchoolWithComputerNoInternet,lessThanHighSchoolNoComputer,highSchoolSomeCollegeTotal,highSchoolSomeCollegeWithComputer,highSchoolSomeCollegeWithComputerDialUpOnly,highSchoolSomeCollegeWithComputerWithBroadband,highSchoolSomeCollegeWithComputerNoInternet,highSchoolSomeCollegeNoComputer,bachelorsTotal,bachelorsWithComputer,bachelorsWithComputerWithDialUpOnly,bachelorsWithComputerWithBroadband,bachelorsWithComputerNoInternet,bachelorsNoComputer,stateId
549047,69207,59884,39,48943,10902,9323,304721,288952,421,263837,24694,15769,175119,172601,213,166289,6099,2518,FL-10
559922,35444,29908,255,25889,3764,5536,295460,278162,899,258971,18292,17298,229018,225502,510,218898,6094,3516,FL-04
546269,49262,39784,236,33909,5639,9478,326130,297972,939,270725,26308,28158,170877,165014,301,158096,6617,5863,FL-13
516100,88538,77988,178,66555,11255,10550,282793,270551,446,242269,27836,12242,144769,141916,113,131226,10577,2853,FL-26
557721,46009,40142,108,35558,4476,5867,288342,272962,544,252758,19660,15380,223370,218992,297,210046,8649,4378,FL-22
581249,78146,63713,420,50401,12892,14433,358406,332276,1518,286195,44563,26130,144697,141571,221,131422,9928,3126,FL-09
616758,63548,55057,155,45325,9577,8491,347674,329154,1837,300894,26423,18520,205536,200909,475,190622,9812,4627,FL-19
514659,43536,35094,113,29126,5855,8442,323971,302573,1102,276291,25180,21398,147152,144408,263,138719,5426,2744,FL-01
521547,34928,30139,24,26642,3473,4789,276500,263909,650,245496,17763,12591,210119,207006,257,200169,6580,3113,FL-07
550449,76304,58383,30,44685,13668,17921,249308,230166,704,196667,32795,19142,224837,219826,219,203436,16171,5011,FL-27
482617,57270,42288,236,34628,7424,14982,294012,270129,800,241654,27675,23883,131335,128886,226,124030,4630,2449,GA-03
471843,57836,42061,194,32995,8872,15775,283128,256205,890,227840,27475,26923,130879,128560,207,123812,4541,2319,GA-10
492310,59215,51547,36,41058,10453,7668,277199,264143,579,236333,27231,13056,155896,153064,199,146650,6215,2832,GA-04
502879,53287,38937,193,30358,8386,14350,228273,200011,414,170807,28790,28262,221319,217319,218,205854,11247,4000,GA-05
487441,52660,46163,35,38575,7553,6497,291691,278049,465,246476,31108,13642,143090,141318,133,133776,7409,1772,GA-13
515743,56131,50778,218,40444,10116,5353,239766,231863,463,215827,15573,7903,219846,218105,193,212538,5374,1741,GA-07
418464,67961,44668,210,34003,10455,23293,274095,234721,793,198741,35187,39374,76408,73092,173,68264,4655,3316,GA-02
469371,88215,68588,181,57945,10462,19627,296943,271472,1077,246426,23969,25471,84213,82303,129,79023,3151,1910,GA-14
509530,44684,37971,136,32563,5272,6713,248229,237896,597,222083,15216,10333,216617,214646,181,209533,4932,1971,GA-11
451882,68289,47888,99,35650,12139,20401,283362,251744,1005,214546,36193,31618,100231,96690,259,90385,6046,3541,GA-12
580159,51729,44145,242,38247,5656,7584,376059,349027,2398,314879,31750,27032,152371,148760,768,141523,6469,3611,ID-01
494314,41683,34856,111,31016,3729,6827,270858,253048,278,237133,15637,17810,181773,177710,323,170401,6986,4063,HI-01
474960,33496,26936,187,22572,4177,6560,298567,276104,951,251528,23625,22463,142897,139054,480,133254,5320,3843,HI-02
472829,26281,19054,130,16088,2836,7227,287255,258201,1701,233942,22558,29054,159293,155860,449,149394,6017,3433,IL-18
451590,50727,38887,124,32918,5845,11840,296341,263888,709,238907,24272,32453,104522,100787,354,95745,4688,3735,IL-02
483027,28759,26058,96,23940,2022,2701,252777,242292,962,232554,8776,10485,201491,199317,371,195925,3021,2174,IL-14
462116,42044,33624,196,29808,3620,8420,312844,288288,884,267884,19520,24556,107228,104639,326,101037,3276,2589,IL-16
,,,,,,,,,,,,,,,,,,,IL-ZZ
451353,51005,37778,235,31615,5928,13227,311102,275409,1801,249631,23977,35693,89246,86293,286,82010,3997,2953,IL-17
474493,64506,54561,324,47928,6309,9945,273003,247434,1304,227961,18169,25569,136984,133524,271,128575,4678,3460,IL-03
449521,115670,95460,320,79972,15168,20210,220670,195350,781,173775,20794,25320,113181,110662,445,105454,4763,2519,IL-04
466122,60793,53702,45,47336,6321,7091,238564,224581,530,211705,12346,13983,166765,164479,148,160751,3580,2286,IL-11
459823,42028,26974,206,22316,4452,15054,322554,284348,1977,257476,24895,38206,95241,92270,461,87749,4060,2971,IL-15
480016,65061,58022,101,51333,6588,7039,250915,236946,764,223347,12835,13969,164040,161285,279,156822,4184,2755,IL-08
465498,65059,48526,294,39548,8684,16533,296050,266240,2288,237911,26041,29810,104389,101131,431,96070,4630,3258,IN-02
474729,50803,37159,372,29848,6939,13644,319967,288342,2441,253394,32507,31625,103959,101757,292,96533,4932,2202,IN-06
474056,47027,36034,163,30283,5588,10993,313329,285462,1738,260569,23155,27867,113700,110439,414,106058,3967,3261,IN-01
477613,56873,39104,362,32831,5911,17769,308052,281076,1994,254665,24417,26976,112688,109956,358,105997,3601,2732,IN-03
475690,44118,35713,185,29403,6125,8405,302776,280946,1453,254795,24698,21830,128796,126608,342,120691,5575,2188,IN-04
506014,36098,26382,258,22028,4096,9716,331911,298832,2832,271978,24022,33079,138005,134982,502,128882,5598,3023,IA-01
485975,39272,29502,182,25522,3798,9770,323754,287896,2682,260291,24923,35858,122949,119211,621,111747,6843,3738,IA-04
546385,42630,34506,139,29026,5341,8124,317668,292665,2106,263807,26752,25003,186087,182519,542,175347,6630,3568,IA-03
506810,37651,31726,66,27641,4019,5925,224596,211103,676,196097,14330,13493,244563,241233,318,235363,5552,3330,KS-03
463657,44064,35071,125,29767,5179,8993,280844,254248,1218,230992,22038,26596,138749,134776,369,129642,4765,3973,KS-04
495791,62747,43863,445,35713,7705,18884,329034,299308,1700,270600,27008,29726,104010,100844,307,97127,3410,3166,KY-02
471799,68423,43738,363,35542,7833,24685,321027,279871,1669,248729,29473,41156,82349,79036,400,74252,4384,3313,KY-01
505174,47041,35424,158,30351,4915,11617,291727,262867,475,243429,18963,28860,166406,162506,138,157373,4995,3900,KY-03
502349,51116,38195,180,30989,7026,12921,304384,280096,1628,255652,22816,24288,146849,144693,509,139640,4544,2156,KY-04
524173,87690,61769,117,47159,14493,25921,310313,270297,754,231023,38520,40016,126170,121845,131,114152,7562,4325,LA-02
512879,56264,44602,50,36653,7899,11662,303484,281186,849,258733,21604,22298,153131,150602,119,146014,4469,2529,LA-06
513439,76996,54321,64,45109,9148,22675,323384,289789,730,261128,27931,33595,113059,109465,82,105596,3787,3594,LA-03
489172,27628,20692,112,17872,2708,6936,268868,247591,2034,228667,16890,21277,192676,188853,948,182240,5665,3823,ME-01
471362,45815,34929,230,30697,4002,10886,289423,262379,1391,242193,18795,27044,136124,133166,394,128147,4625,2958,FL-03
481672,41696,32519,74,23320,9125,9177,153055,133878,339,109737,23802,19177,286921,283471,454,273228,9789,3450,DC-98
575682,67699,52122,553,42562,9007,15577,378678,341831,1965,304445,35421,36847,129305,124612,369,115749,8494,4693,FL-17
563874,52248,43374,406,34835,8133,8874,374373,348722,1622,305176,41924,25651,137253,133350,294,123987,9069,3903,FL-06
446940,60324,44892,79,36374,8439,15432,290229,260052,789,230605,28658,30177,96387,92841,198,88056,4587,3546,FL-05
498918,104421,82875,305,59811,22759,21546,290732,265828,477,212254,53097,24904,103765,100702,180,89555,10967,3063,FL-24
593487,62631,51708,336,45942,5430,10923,401205,372426,2254,343447,26725,28779,129651,126047,506,120326,5215,3604,FL-11
537406,41737,36271,90,32621,3560,5466,279418,265690,441,240943,24306,13728,216251,213110,241,201393,11476,3141,FL-23
558791,46642,38094,264,33426,4404,8548,344324,318468,1488,298839,18141,25856,167825,163485,468,158188,4829,4340,FL-08
568296,56319,47138,305,40846,5987,9181,327289,309578,1061,288930,19587,17711,184688,180419,619,172896,6904,4269,FL-18
511445,87254,69997,81,54976,14940,17257,314342,289018,433,249127,39458,25324,109849,106389,280,98679,7430,3460,FL-20
545378,119757,96336,198,80061,16077,23421,287443,265661,392,238471,26798,21782,138178,134320,286,125792,8242,3858,FL-25
467210,40167,28674,398,23322,4954,11493,312237,282897,2900,252600,27397,29340,114806,111649,779,104831,6039,3157,ME-02
500541,44399,33117,183,27969,4965,11282,293741,271206,1218,251758,18230,22535,162401,159336,379,154629,4328,3065,MD-01
519399,41232,33752,112,29113,4527,7480,222044,206905,562,192790,13553,15139,256123,252117,355,244475,7287,4006,MD-03
511363,64184,57062,46,47742,9274,7122,270681,257115,418,236254,20443,13566,176498,173955,234,168954,4767,2543,MD-04
507650,42094,34937,116,30444,4377,7157,284666,269089,1211,254111,13767,15577,180890,178542,296,172989,5257,2348,MD-05
487152,52570,38956,201,30342,8413,13614,241466,215139,885,184754,29500,26327,193116,189186,420,181519,7247,3930,MD-07
505091,51820,42628,72,37384,5172,9192,283821,263063,869,244822,17372,20758,169450,166107,311,161861,3935,3343,MD-02
507578,47460,39156,198,33833,5125,8304,239175,219959,722,204209,15028,19216,220943,218181,330,212296,5555,2762,MD-06
524585,43841,36978,198,32583,4197,6863,187372,176648,775,165879,9994,10724,293372,289936,566,283338,6032,3436,MD-08
511081,32406,24483,64,21932,2487,7923,212060,198058,669,186564,10825,14002,266615,263120,156,259010,3954,3495,MA-04
528775,76676,61777,52,54275,7450,14899,211980,193189,349,176304,16536,18791,240119,235888,299,228227,7362,4231,MA-07
495062,40613,31979,141,27777,4061,8634,257301,237206,1032,220736,15438,20095,197148,193657,524,188185,4948,3491,MA-02
528137,47517,35658,181,30716,4761,11859,289304,268547,894,250401,17252,20757,191316,187046,224,181380,5442,4270,MA-09
534918,37587,30204,169,26644,3391,7383,252096,233972,601,220701,12670,18124,245235,241032,413,235321,5298,4203,MA-06
546246,41151,33961,109,30179,3673,7190,239324,222262,545,207469,14248,17062,265771,261042,202,255959,4881,4729,MA-08
497060,56849,42636,311,36074,6251,14213,288963,260449,1225,238250,20974,28514,151248,146413,651,140314,5448,4835,MA-01
536657,32626,26469,93,24118,2258,6157,187641,172072,1011,161563,9498,15569,316390,311777,358,304602,6817,4613,MA-05
490748,34426,25146,264,21204,3678,9280,326597,289536,2229,259425,27882,37061,129725,125217,548,117436,7233,4508,MI-01
475536,42192,33231,167,28135,4929,8961,306035,280349,1436,256187,22726,25686,127309,124243,451,119398,4394,3066,MI-02
459966,54433,40733,163,31698,8872,13700,257374,226969,655,193240,33074,30405,148159,144064,324,137656,6084,4095,MI-14
485280,39889,31468,209,26994,4265,8421,287059,263421,1262,241581,20578,23638,158332,155058,272,149590,5196,3274,MI-03
462750,46110,34035,239,28305,5491,12075,324730,287568,1329,259313,26926,37162,91910,88845,183,84681,3981,3065,MI-05
467510,40064,28546,206,24042,4298,11518,322040,286911,2195,256336,28380,35129,105406,103096,345,98303,4448,2310,MI-04
,,,,,,,,,,,,,,,,,,,MI-ZZ
510994,49153,39882,189,36089,3604,9271,304296,278876,618,261979,16279,25420,157545,154324,145,149863,4316,3221,MI-09
455729,42998,35631,186,30075,5370,7367,252281,234542,1169,212599,20774,17739,160450,157413,267,151513,5633,3037,MI-12
439133,34718,24130,326,18855,4949,10588,304447,272549,2801,242120,27628,31898,99968,97222,624,91521,5077,2746,MN-07
455197,24126,19956,144,17727,2085,4170,289725,273612,1941,256098,15573,16113,141346,139344,506,134795,4043,2002,MN-06
454113,28599,20390,217,16959,3214,8209,316170,283938,2831,255801,25306,32232,109344,106223,640,100894,4689,3121,MN-08
496356,21738,18921,127,16695,2099,2817,226245,214599,1135,202278,11186,11646,248373,245499,401,239551,5547,2874,MN-03
479476,41192,34430,188,27578,6664,6762,209873,192680,948,173741,17991,17193,228411,224254,549,215239,8466,4157,MN-05
573846,58806,47699,292,38832,8575,11107,280205,262786,1079,238476,23231,17419,234835,232267,371,224481,7415,2568,TX-10
513549,106303,83890,217,65779,17894,22413,293085,270777,279,231016,39482,22308,114161,110962,78,103848,7036,3199,TX-35
578977,50346,44168,138,38134,5896,6178,260876,251356,588,237428,13340,9520,267755,265832,174,261745,3913,1923,TX-22
423640,70168,52768,179,40318,12271,17400,251558,230473,867,200793,28813,21085,101914,99421,348,93955,5118,2493,TX-19
415097,21915,18951,60,16000,2891,2964,217719,209435,818,191956,16661,8284,175463,174212,288,163951,9973,1251,UT-03
468315,42359,38132,204,33052,4876,4227,270626,257537,1286,238002,18249,13089,155330,152586,416,144978,7192,2744,UT-02
480133,48784,37823,89,30875,6859,10961,300103,277490,747,245682,31061,22613,131246,128418,288,121287,6843,2828,VA-03
510612,60325,43568,164,34293,9111,16757,291248,264166,996,235651,27519,27082,159039,155722,465,147446,7811,3317,VA-04
486736,36194,29596,49,25521,4026,6598,276555,261358,478,243048,17832,15197,173987,171020,295,165838,4887,2967,VA-02
499722,60139,40704,174,33055,7475,19435,299331,266246,1934,235728,28584,33085,140252,136728,542,129831,6355,3524,VA-06
520201,29345,25834,31,23743,2060,3511,259009,248923,628,236512,11783,10086,231847,229696,192,225532,3972,2151,WA-01
469462,31343,26538,265,22908,3365,4805,294111,273231,1422,252571,19238,20880,144008,140351,588,134690,5073,3657,WA-05
507034,39773,36339,83,33299,2957,3434,301592,288128,964,272531,14633,13464,165669,162719,451,157876,4392,2950,WA-02
498294,34496,29393,190,26046,3157,5103,307927,288915,1457,272292,15166,19012,155871,152749,423,148619,3707,3122,WA-06
406027,66931,42322,366,34245,7711,24609,271472,234601,1116,208925,24560,36871,67624,65137,199,61119,3819,2487,WV-03
486949,37475,29995,137,25794,4064,7480,306029,283086,1415,263637,18034,22943,143445,140883,552,136542,3789,2562,WI-01
504238,25609,19917,134,17595,2188,5692,286880,262148,1406,245429,15313,24732,191749,188019,461,183149,4409,3730,WI-05
501542,27806,21828,177,18507,3144,5978,258854,238595,1883,218215,18497,20259,214882,211694,600,204036,7058,3188,WI-02
444560,85979,62720,133,52096,10491,23259,246295,225926,462,203843,21621,20369,112286,109775,178,103378,6219,2511,TX-16
549606,50235,46324,38,35427,10859,3911,242866,236752,242,216976,19534,6114,256505,254329,169,247800,6360,2176,TX-24
425805,171678,141730,590,108973,32167,29948,207708,185851,1190,157224,27437,21857,46419,44620,225,41135,3260,1799,TX-33
487754,82003,64722,259,52757,11706,17281,299345,275019,716,245799,28504,24326,106406,103060,206,98016,4838,3346,TX-11
446782,128187,99327,401,70440,28486,28860,226124,208498,610,177034,30854,17626,92471,89698,158,84233,5307,2773,TX-15
465295,105334,76566,223,57757,18586,28768,251783,229550,486,202649,26415,22233,108178,105924,142,100291,5491,2254,TX-23
525324,58096,51875,185,44551,7139,6221,299405,285530,548,264910,20072,13875,167823,165489,261,160430,4798,2334,TX-12
537771,65047,56030,226,47681,8123,9017,298123,281646,1367,259319,20960,16477,174601,172626,686,167660,4280,1975,TX-08
415548,126396,86973,431,53774,32768,39423,222468,195555,689,150126,44740,26913,66684,63688,229,53186,10273,2996,TX-34
472784,104779,77725,384,62848,14493,27054,265765,225606,809,193558,31239,40159,102240,99454,177,94613,4664,2786,TX-30
478889,110692,86462,423,70295,15744,24230,256675,229905,706,201847,27352,26770,111522,108614,151,104486,3977,2908,TX-18
526269,57256,49438,285,43160,5993,7818,245870,235266,681,220859,13726,10604,223143,221399,295,214719,6385,1744,TX-02
500525,90847,70905,157,56811,13937,19942,287175,265237,536,237323,27378,21938,122503,119738,105,114428,5205,2765,TX-20
545506,41229,34476,104,29610,4762,6753,307423,292708,549,274179,17980,14715,196854,194485,194,189320,4971,2369,TX-31
504292,43120,35510,151,29475,5884,7610,259830,245384,863,223998,20523,14446,201342,198545,301,192072,6172,2797,TX-25
519473,65184,58601,110,49653,8838,6583,221841,213221,226,198218,14777,8620,232448,229395,166,223570,5659,3053,TX-32
557564,36753,30290,167,25501,4622,6463,260304,246678,738,227233,18707,13626,260507,257320,486,247288,9546,3187,TX-21
569379,32943,30135,0,23539,6596,2808,225884,220863,594,206859,13410,5021,310552,309244,138,303168,5938,1308,TX-03
490473,60502,47514,296,37643,9575,12988,317336,284433,1138,251475,31820,32903,112635,109033,282,102893,5858,3602,TX-04
440887,68117,54002,130,42047,11825,14115,277186,254387,708,223867,29812,22799,95584,93094,316,87868,4910,2490,TX-13
560071,40034,36174,54,31590,4530,3860,268904,262250,333,250623,11294,6654,251133,249027,166,244014,4847,2106,TX-26
494805,104913,88699,262,72543,15894,16214,266313,246489,919,221798,23772,19824,123579,120559,264,115150,5145,3020,TX-09
432711,30338,21905,268,17899,3738,8433,236159,213933,2115,191717,20101,22226,166214,162518,604,153575,8339,3696,VT-00
438854,32580,28684,52,24677,3955,3896,271139,259835,954,242869,16012,11304,135135,133766,477,129313,3976,1369,UT-01
477899,39942,36496,153,32390,3953,3446,286763,276726,1274,255197,20255,10037,151194,149567,371,143496,5700,1627,UT-04
527714,45382,36605,133,30999,5473,8777,285356,269974,1049,247199,21726,15382,196976,194674,577,187618,6479,2302,VA-01
547992,39009,33167,154,29678,3335,5842,202105,193784,405,182610,10769,8321,306878,304829,265,298928,5636,2049,VA-10
504113,64899,41591,578,32035,8978,23308,292233,253884,2230,219920,31734,38349,146981,142493,589,134698,7206,4488,VA-05
531345,45332,36591,194,31652,4745,8741,270221,253791,924,236126,16741,16430,215792,212134,378,207564,4192,3658,VA-07
529317,44862,41953,475,37816,3662,2909,184525,179158,417,171333,7408,5367,299930,297330,367,291814,5149,2600,VA-11
481760,74835,46252,473,36578,9201,28583,303309,262738,1908,228321,32509,40571,103616,100432,446,94323,5663,3184,VA-09
566230,47109,40911,86,34439,6386,6198,165087,155963,521,146140,9302,9124,354034,349764,501,341891,7372,4270,VA-08
497477,42836,36921,145,32562,4214,5915,322178,304260,1823,284566,17871,17918,132463,129980,381,125742,3857,2483,WA-03
493891,41026,35618,252,31393,3973,5408,310331,294740,1289,274975,18476,15591,142534,139539,305,134663,4571,2995,WA-10
441962,88719,73084,212,63365,9507,15635,258294,239996,1122,220117,18757,18298,94949,92683,290,88762,3631,2266,WA-04
571965,26313,22801,42,20459,2300,3512,189067,178026,330,168054,9642,11041,356585,352024,441,342708,8875,4561,WA-07
516149,51028,45350,87,41473,3790,5678,238835,228185,828,216337,11020,10650,226286,223206,252,217740,5214,3080,WA-09
499282,42534,37907,159,33573,4175,4627,280264,268781,893,253614,14274,11483,176484,174734,367,170774,3593,1750,WA-08
416901,40989,28412,94,23938,4380,12577,275834,241520,1434,219262,20824,34314,100078,96976,237,92806,3933,3102,WV-01
436454,53087,36614,159,30011,6444,16473,287546,255284,1444,227410,26430,32262,95821,93243,377,89302,3564,2578,WV-02
463934,31885,21880,308,18930,2642,10005,309194,276843,2682,254610,19551,32351,122855,119409,499,114592,4318,3446,WI-03
445630,62225,46743,158,38466,8119,15482,256772,222199,801,195052,26346,34573,126633,122757,335,116921,5501,3876,WI-04
495750,37572,25230,480,20716,4034,12342,339395,304730,4200,273793,26737,34665,118783,115422,847,109602,4973,3361,WI-07
482047,33911,25389,279,22100,3010,8522,317359,287101,2345,265717,19039,30258,130777,127381,516,122479,4386,3396,WI-06
496699,34917,26272,270,22926,3076,8645,327881,297703,2612,276317,18774,30178,133901,130892,453,126634,3805,3009,WI-08
2316539,537425,243220,2936,183118,57166,294205,1176874,875968,9463,731892,134613,300906,602240,536263,7830,482912,45521,65977,PR-98
496810,77686,54205,223,42363,11619,23481,313678,277226,1127,242074,34025,36452,105446,101571,154,95447,5970,3875,MS-01
482226,64232,43243,191,31583,11469,20989,288573,247883,1408,203414,43061,40690,129421,125650,470,117577,7603,3771,MS-03
502094,64932,47615,273,36350,10992,17317,326190,289508,1367,250672,37469,36682,110972,107196,507,100309,6380,3776,MS-04
438760,78477,48122,150,35304,12668,30355,274398,230152,654,188447,41051,44246,85885,81563,330,74490,6743,4322,MS-02
485371,28994,20642,66,17169,3407,8352,267758,234079,1035,214152,18892,33679,188619,184153,418,178436,5299,4466,PA-18
491763,48928,37912,192,31691,6029,11016,294984,270267,1849,249314,19104,24717,147851,144149,501,140150,3498,3702,PA-07
478967,90350,70812,269,58666,11877,19538,286278,258908,871,233498,24539,27370,102339,98784,326,93794,4664,3555,PA-02
515808,23966,17007,88,15280,1639,6959,276917,247995,1429,231420,15146,28922,214925,210679,364,205521,4794,4246,PA-17
498703,30122,24363,65,21487,2811,5759,259149,242631,830,229989,11812,16518,209432,206048,247,201564,4237,3384,PA-01
466029,37927,26264,289,21962,4013,11663,298296,265351,2353,243319,19679,32945,129806,126189,525,121806,3858,3617,PA-16
480069,44237,33640,277,29105,4258,10597,314552,281152,2523,259654,18975,33400,121280,116776,605,112123,4048,4504,PA-08
492391,41956,31233,218,26062,4953,10723,290534,262532,1795,242034,18703,28002,159901,156219,384,151714,4121,3682,PA-10
482811,49853,32476,384,26907,5185,17377,334177,292959,3081,268412,21466,41218,98781,95353,470,91536,3347,3428,PA-13
492865,65559,43291,496,35266,7529,22268,296529,271011,2572,246748,21691,25518,130777,127422,417,121829,5176,3355,PA-11
482015,49571,35278,371,30496,4411,14293,327514,290697,2667,268335,19695,36817,104930,101653,480,98552,2621,3277,PA-09
498861,25878,20100,71,16994,3035,5778,229642,214077,808,203103,10166,15565,243341,239806,442,234859,4505,3535,PA-04
466201,39859,24970,315,20356,4299,14889,328586,286162,3184,259037,23941,42424,97756,94311,468,90174,3669,3445,PA-15
478296,39485,31715,171,27470,4074,7770,256958,232996,833,212439,19724,23962,181853,178257,241,174197,3819,3596,PA-05
490949,52748,36415,171,28085,8159,16333,240630,203025,699,174236,28090,37605,197571,192837,399,183820,8618,4734,PA-03
509742,55243,41468,238,32947,8283,13775,328053,295268,2067,256754,36447,32785,126446,122872,322,114358,8192,3574,MO-07
500641,40056,28803,193,23975,4635,11253,313021,283542,1820,256960,24762,29479,147564,144482,465,138472,5545,3082,MO-06
488820,76406,53271,290,42797,10184,23135,329629,289572,2028,256781,30763,40057,82785,80177,350,75131,4696,2608,MO-08
526618,46446,36487,265,29668,6554,9959,336525,311893,1970,280538,29385,24632,143647,141298,411,133541,7346,2349,MO-03
486407,48931,36161,336,28544,7281,12770,311522,281781,2285,247979,31517,29741,125954,122929,582,115879,6468,3025,MO-04
707275,43318,31149,353,25674,5122,12169,433800,389294,4086,350307,34901,44506,230157,222305,1027,211671,9607,7852,MT-00
393866,36998,28053,191,23527,4335,8945,266227,236589,2136,214442,20011,29638,90641,87562,392,82890,4280,3079,NE-03
461741,103677,88006,207,67525,20274,15671,283640,259301,807,221037,37457,24339,74424,70722,235,64702,5785,3702,NV-01
576072,39181,35563,81,32151,3331,3618,346787,331762,939,310652,20171,15025,190104,186704,196,179401,7107,3400,NV-03
492054,55636,48020,121,41572,6327,7616,302624,284941,913,262365,21663,17683,133794,131079,211,125746,5122,2715,NV-02
467884,31307,25450,137,22687,2626,5857,263431,246497,1650,229102,15745,16934,173146,170255,625,165154,4476,2891,NH-02
493106,47385,36881,156,31055,5670,10504,285712,265730,868,247244,17618,19982,160009,157227,277,153063,3887,2782,NJ-01
492154,66071,51577,189,43400,7988,14494,275270,250356,576,223009,26771,24914,150813,145911,335,138962,6614,4902,NJ-10
504018,29923,25390,120,23155,2115,4533,227868,213864,693,205185,7986,14004,246227,243033,448,238813,3772,3194,NJ-05
507005,27326,22840,57,20956,1827,4486,204864,191729,772,182919,8038,13135,274815,271430,547,266067,4816,3385,NJ-07
515144,71716,56820,140,50873,5807,14896,266767,242900,558,223879,18463,23867,176661,172967,181,167048,5738,3694,NJ-09
488128,53713,44690,236,36826,7628,9023,236235,221073,799,200695,19579,15162,198180,195339,378,187175,7786,2841,NJ-06
505891,48238,39315,95,31985,7235,8923,221207,204598,585,186607,17406,16609,236446,232543,217,226566,5760,3903,NJ-12
476446,54655,42881,268,33464,9149,11774,260629,236802,1512,205950,29340,23827,161162,157073,992,147061,9020,4089,NM-01
462597,58618,37597,166,28105,9326,21021,275723,229850,2151,195406,32293,45873,128256,123371,940,115105,7326,4885,NM-03
485253,51947,46965,66,41843,5056,4982,278224,264686,448,251177,13061,13538,155082,152736,130,147757,4849,2346,NY-02
483595,45381,34428,259,29981,4188,10953,250106,227817,1079,211568,15170,22289,188108,183683,719,177187,5777,4425,NY-25
509221,32593,28191,64,25786,2341,4402,199623,187054,611,177056,9387,12569,277005,273085,372,266045,6668,3920,NY-03
521322,59647,47103,284,40775,6044,12544,138723,119778,550,107114,12114,18945,322952,316103,498,306336,9269,6849,NY-10
526708,130265,101238,119,87149,13970,29027,226715,203554,227,184398,18929,23161,169728,164678,205,158574,5899,5050,NY-13
483851,45994,32496,65,26660,5771,13498,282324,248645,997,225414,22234,33679,155533,151097,171,145650,5276,4436,NY-26
500698,66674,50788,95,43911,6782,15886,236732,210353,353,189410,20590,26379,197292,191025,294,183488,7243,6267,NY-09
492247,38173,32451,128,29355,2968,5722,274001,253371,552,239886,12933,20630,180073,174241,359,167959,5923,5832,NY-01
488225,127450,97235,280,78409,18546,30215,188971,166693,761,143295,22637,22278,171804,166643,366,158868,7409,5161,NY-07
478921,52083,42085,213,36715,5157,9998,199051,181052,552,167859,12641,17999,227787,223534,369,217944,5221,4253,NY-17
534598,86725,72960,307,64768,7885,13765,250407,228298,474,211790,16034,22109,197466,191101,403,184218,6480,6365,NY-06
519346,90343,80329,216,71396,8717,10014,291261,274803,435,251734,22634,16458,137742,134301,263,126423,7615,3441,NY-05
502870,73010,59852,123,48531,11198,13158,225661,206249,498,181493,24258,19412,204199,198924,257,190240,8427,5275,NY-16
505321,66287,54653,179,48445,6029,11634,256326,235864,1186,216621,18057,20462,182708,177167,481,170156,6530,5541,NY-11
442276,147320,117966,60,92781,25125,29354,232866,212840,388,183083,29369,20026,62090,59487,136,54197,5154,2603,NY-15
456739,41777,28514,263,23729,4522,13263,291251,259972,2183,235196,22593,31279,123711,120240,632,112983,6625,3471,NY-23
524045,75131,58571,192,48987,9392,16560,268469,243207,501,219378,23328,25262,180445,173563,412,165807,7344,6882,NY-08
563043,29730,21511,122,18135,3254,8219,117570,108087,447,96265,11375,9483,415743,409303,450,393576,15277,6440,NY-12
468738,39395,31481,40,26814,4627,7914,256528,238685,547,220087,18051,17843,172815,169669,233,164057,5379,3146,NY-18
492639,76858,53717,102,42892,10723,23141,272582,236269,777,202018,33474,36313,143199,139532,264,132240,7028,3667,NC-01
545766,68173,51856,300,39645,11911,16317,332145,298983,1312,264043,33628,33162,145448,141966,382,135136,6448,3482,NC-07
553776,51353,39560,358,31771,7431,11793,299673,280438,928,255966,23544,19235,202750,199846,458,194423,4965,2904,NC-02
521764,74149,54737,202,43289,11246,19412,316570,281756,1686,244026,36044,34814,131045,126974,228,118818,7928,4071,NC-06
487321,53441,39952,553,32268,7131,13489,313347,288148,1350,259889,26909,25199,120533,118097,297,113221,4579,2436,NC-03
526908,69314,49449,209,40431,8809,19865,325881,292065,980,264248,26837,33816,131713,127387,318,122385,4684,4326,NC-10
560632,40363,35254,216,30393,4645,5109,209336,199208,1165,184143,13900,10128,310933,307966,328,299149,8489,2967,NC-04
509756,69403,49178,510,38339,10329,20225,302212,269092,1897,237071,30124,33120,138141,134967,326,128989,5652,3174,NC-05
544269,70742,48240,327,38249,9664,22502,331485,292691,1782,261258,29651,38794,142042,137036,477,129314,7245,5006,NC-11
507859,53686,40118,300,34973,4845,13568,315553,290758,1576,270617,18565,24795,138620,135303,208,131010,4085,3317,NC-08
568636,63296,52154,73,43129,8952,11142,272001,256469,493,234791,21185,15532,233339,230370,178,223699,6493,2969,NC-12
477576,40440,30498,85,26214,4199,9942,264812,242889,806,226221,15862,21923,172324,170006,395,165779,3832,2318,OH-01
487702,55793,35115,246,28590,6279,20678,329024,297676,1738,272938,23000,31348,102885,100262,341,96438,3483,2623,OH-07
500145,37091,24983,200,21084,3699,12108,286037,260500,1130,242961,16409,25537,177017,172809,253,168240,4316,4208,OH-14
499871,58415,47159,148,40344,6667,11256,296936,273554,741,249191,23622,23382,144520,141816,95,136780,4941,2704,OH-03
482755,42673,32488,91,28088,4309,10185,293140,268743,733,248621,19389,24397,146942,143461,179,139317,3965,3481,OH-10
481290,32711,24954,226,21048,3680,7757,317854,291359,1896,267678,21785,26495,130725,128342,456,123547,4339,2383,OH-05
483160,45913,33675,202,28975,4498,12238,324090,288549,1113,262617,24819,35541,113157,109116,340,104760,4016,4041,OH-13
506041,41825,31908,289,26424,5195,9917,295704,271043,1346,249025,20672,24661,168512,165534,255,160824,4455,2978,OH-15
474016,60018,46820,307,38410,8103,13198,305358,275957,1164,247072,27721,29401,108640,105607,154,100735,4718,3033,OH-09
522551,32665,26000,118,22339,3543,6665,268850,249766,1331,232852,15583,19084,221036,218301,214,214161,3926,2735,OH-12
488786,69239,47327,285,34987,12055,21912,332916,287000,1592,239197,46211,45916,86631,81993,300,74450,7243,4638,OK-02
487664,55764,43234,246,35094,7894,12530,317498,283569,1286,246168,36115,33929,114402,110300,251,103550,6499,4102,OK-03
500467,48342,38636,105,31036,7495,9706,322069,296497,868,264941,30688,25572,130056,126914,292,120173,6449,3142,OK-04
577558,43998,40444,140,35800,4504,3554,289294,275229,1360,256655,17214,14065,244266,241047,345,233184,7518,3219,OR-01
555727,55610,49137,248,43241,5648,6473,323864,305133,1631,282441,21061,18731,176253,173418,486,168115,4817,2835,OR-05
561258,58243,48095,172,40116,7807,10148,357961,332122,1843,301171,29108,25839,145054,142089,613,136059,5417,2965,OR-02
360088,31128,23935,24,21295,2616,7193,202793,186116,326,175726,10064,16677,126167,123390,121,120068,3201,2777,RI-02
549443,37924,30711,171,24802,5738,7213,290340,274289,616,239579,34094,16051,221179,218155,346,204149,13660,3024,SC-01
486351,59932,43154,167,34866,8121,16778,268727,245636,733,223505,21398,23091,157692,154324,162,149787,4375,3368,SC-04
483166,60818,43118,218,33732,9168,17700,302795,272635,1184,240673,30778,30160,119553,116418,86,111236,5096,3135,SC-05
477193,44811,34758,187,26820,7751,10053,269460,248640,1031,224387,23222,20820,162922,160401,235,154422,5744,2521,SC-02
553212,42283,29461,339,23987,5135,12822,347970,311839,1568,282825,27446,36131,162959,158295,545,150377,7373,4664,SD-00
502239,72978,47735,318,37747,9670,25243,326244,287129,1292,253546,32291,39115,103017,99947,341,94411,5195,3070,TN-01
522572,58034,46673,152,39330,7191,11361,257737,236764,503,212155,24106,20973,206801,203468,226,196134,7108,3333,TN-05
502584,53117,36941,199,30503,6239,16176,293214,263318,1275,238225,23818,29896,156253,153498,364,148616,4518,2755,TN-07
505480,52004,38026,144,28878,9004,13978,294486,268410,789,238812,28809,26076,158990,155605,160,149796,5649,3385,TN-02
443720,61348,41835,170,31329,10336,19513,271288,221753,741,189781,31231,49535,111084,105598,318,99587,5693,5486,TN-09
434808,117653,89278,364,62575,26339,28375,232664,212308,519,181222,30567,20356,84491,82388,180,78033,4175,2103,TX-28
455611,71377,54297,276,42934,11087,17080,285034,257098,1788,224745,30565,27936,99200,95742,331,89870,5541,3458,TX-01
523722,56228,47731,12,38064,9655,8497,208151,196934,211,178318,18405,11217,259343,254999,484,247007,7508,4344,TX-07
500352,56486,50170,89,43501,6580,6316,291341,279384,640,258622,20122,11957,152525,150844,657,145299,4888,1681,TX-06
464731,60577,47179,125,37699,9355,13398,255115,232688,914,204695,27079,22427,149039,146110,178,138097,7835,2929,TX-17
473437,71752,59565,455,49987,9123,12187,309885,288430,756,261634,26040,21455,91800,89386,61,85914,3411,2414,TX-36
382689,25385,21111,128,17908,3075,4274,251367,233541,1335,212188,20018,17826,105937,103329,493,97088,5748,2608,WY-00
488719,33945,23197,197,20031,2969,10748,320567,281266,1813,259661,19792,39301,134207,130466,391,126390,3685,3741,PA-14
481466,43226,32949,84,28516,4349,10277,219546,201667,1093,188957,11617,17879,218694,214976,348,210319,4309,3718,PA-06
459964,47020,29800,493,25132,4175,17220,303239,267158,3366,242485,21307,36081,109705,106080,508,100816,4756,3625,PA-12
534671,23547,18729,233,16739,1757,4818,241971,225439,998,213101,11340,16532,269153,265137,401,259479,5257,4016,MO-02
486011,51515,36421,63,28897,7461,15094,276074,243557,575,215870,27112,32517,158422,154073,243,147296,6534,4349,MO-01
515763,50929,38844,246,32599,5999,12085,315370,284905,1086,256070,27749,30465,149464,145842,271,136776,8795,3622,MO-05
403872,29267,23550,197,20008,3345,5717,243944,224422,1431,206195,16796,19522,130661,127837,307,123640,3890,2824,NE-01
428052,35178,28235,271,25208,2756,6943,217636,198970,693,186017,12260,18666,175238,172297,333,167771,4193,2941,NE-02
486722,67023,60193,275,48602,11316,6830,314338,298378,1072,270080,27226,15960,105361,102969,117,97100,5752,2392,NV-04
475023,31004,26023,107,23130,2786,4981,263886,248761,731,234998,13032,15125,180133,177423,223,172625,4575,2710,NH-01
514972,32985,26529,149,23534,2846,6456,302033,282526,1307,266543,14676,19507,179954,176833,418,172357,4058,3121,NJ-03
495446,34051,27521,153,24131,3237,6530,253752,231867,870,215088,15909,21885,207643,202953,323,196145,6485,4690,NJ-04
483999,56405,44141,330,37652,6159,12264,292957,270864,1084,250222,19558,22093,134637,131560,228,127991,3341,3077,NJ-02
511477,24135,20601,57,19034,1510,3534,203389,190972,622,183357,6993,12417,283953,280204,569,275357,4278,3749,NJ-11
523359,103376,83864,273,70154,13437,19512,241112,222171,627,201418,20126,18941,178871,175913,162,170636,5115,2958,NJ-08
436465,80205,55943,189,42941,12813,24262,264388,232843,1383,197409,34051,31545,91872,87852,251,80981,6620,4020,NM-02
485672,36804,28829,59,25072,3698,7975,258012,236209,970,217758,17481,21803,190856,186425,286,179624,6515,4431,NY-20
465796,43986,31445,160,26393,4892,12541,305543,276991,1807,253906,21278,28552,116267,112861,489,108273,4099,3406,NY-21
492873,50142,45543,55,41584,3904,4599,229881,216996,389,205010,11597,12885,212850,209172,176,204259,4737,3678,NY-04
460361,44505,34010,269,29224,4517,10495,297134,267114,1810,244277,21027,30020,118722,114828,341,110209,4278,3894,NY-22
481450,43409,33381,286,28881,4214,10028,290794,264244,1895,242240,20109,26550,147247,143118,602,136757,5759,4129,NY-19
496179,29740,22293,245,19218,2830,7447,306800,278249,1783,257685,18781,28551,159639,156074,662,150108,5304,3565,NY-27
485930,105083,89455,229,76061,13165,15628,248180,227970,612,205062,22296,20210,132667,128578,119,123207,5252,4089,NY-14
472322,43425,31565,97,25979,5489,11860,279308,253409,1110,228360,23939,25899,149589,145457,511,139492,5454,4132,NY-24
521334,62119,46518,200,37548,8770,15601,305808,276307,933,244104,31270,29501,153407,149560,335,140732,8493,3847,NC-13
513701,60711,43855,175,34866,8814,16856,272791,246078,694,222619,22765,26713,180199,177345,350,172340,4655,2854,NC-09
482526,32867,22827,158,18156,4513,10040,302207,274414,1161,246010,27243,27793,147452,143389,243,135565,7581,4063,ND-00
498508,48176,34211,322,27900,5989,13965,288747,261951,1929,236873,23149,26796,161585,158408,380,153412,4616,3177,OH-02
479522,52403,35745,413,28792,6540,16658,346432,302626,2308,271754,28564,43806,80687,77541,391,73421,3729,3146,OH-06
467288,41206,30294,240,25441,4613,10912,336664,308296,2120,281890,24286,28368,89418,87393,308,83935,3150,2025,OH-04
502861,30452,21217,88,18771,2358,9235,298012,274512,1217,258274,15021,23500,174397,170542,410,166133,3999,3855,OH-16
456457,55521,38338,96,29950,8292,17183,273567,235246,819,199625,34802,38321,127369,123272,363,116735,6174,4097,OH-11
475513,44258,34468,142,29928,4398,9790,311840,287676,1318,267646,18712,24164,119415,116966,318,113887,2761,2449,OH-08
525475,53784,44393,170,37409,6814,9391,310133,287173,701,262389,24083,22960,161558,158096,261,152886,4949,3462,OK-01
522624,66962,54468,102,44762,9604,12494,291644,263371,804,234987,27580,28273,164018,159925,234,153099,6592,4093,OK-05
595636,52107,45401,133,39746,5522,6706,291357,274696,1144,253499,20053,16661,252172,248687,602,240535,7550,3485,OR-03
553110,48262,40194,421,35247,4526,8068,353716,328935,2034,301700,25201,24781,151132,146890,542,139866,6482,4242,OR-04
362173,46588,35175,220,30346,4609,11413,191827,175071,907,162192,11972,16756,123758,120451,202,116795,3454,3307,RI-01
462981,70579,49482,221,38856,10405,21097,286848,255127,1255,224238,29634,31721,105554,102262,263,97396,4603,3292,SC-03
507000,69507,47046,137,35785,11124,22461,328055,293781,914,257040,35827,34274,109438,106085,189,100599,5297,3353,SC-07
417287,64227,42771,313,30249,12209,21456,265121,229338,1323,187440,40575,35783,87939,84438,255,77666,6517,3501,SC-06
514493,65551,47762,237,38562,8963,17789,326200,299152,1138,266353,31661,27048,122742,120109,177,112946,6986,2633,TN-04
472324,50232,33248,168,26123,6957,16984,280268,249846,1119,224590,24137,30422,141824,138787,173,133650,4964,3037,TN-08
526307,66492,45685,217,38569,6899,20807,337211,303853,1609,274632,27612,33358,122604,119569,138,114289,5142,3035,TN-06
435056,164287,125605,218,106759,18628,38682,225310,201608,462,180092,21054,23702,45459,44001,145,41660,2196,1458,TX-29
475328,82811,61886,223,48109,13554,20925,296303,269317,764,239389,29164,26986,96214,93739,237,88394,5108,2475,TX-27
472694,60695,48246,122,39199,8925,12449,289534,264820,851,237283,26686,24714,122465,119685,332,114936,4417,2780,TX-14
467793,88158,72267,162,59614,12491,15891,281459,256697,647,227606,28444,24762,98176,95386,351,90538,4497,2790,TX-05
504440,85582,64152,505,52972,10675,21430,299429,270013,1460,243864,24689,29416,119429,116002,396,111751,3855,3427,GA-09
514144,30936,26057,58,21442,4557,4879,162180,155207,387,145674,9146,6973,321028,317750,244,311325,6181,3278,GA-06
475663,55263,41932,369,33002,8561,13331,294906,272033,860,239895,31278,22873,125494,122785,230,117796,4759,2709,GA-01
451201,62874,42109,182,31361,10566,20765,285905,248247,1082,212372,34793,37658,102422,98884,278,92123,6483,3538,GA-08
517819,48090,40723,316,33713,6694,7367,315751,295080,2029,267394,25657,20671,153978,150838,601,144145,6092,3140,ID-02
470507,49166,37200,66,29617,7517,11966,283531,253253,913,221671,30669,30278,137810,133785,395,126348,7042,4025,IL-01
488297,61514,44386,76,35840,8470,17128,211156,179770,316,152406,27048,31386,215627,212036,202,199126,12708,3591,IL-07
532758,40624,32453,157,27406,4890,8171,195727,177230,1055,160398,15777,18497,296407,291613,431,281437,9745,4794,IL-05
441255,32366,23610,149,18949,4512,8756,270588,242544,1684,216624,24236,28044,138301,135425,452,127749,7224,2876,IL-13
493838,23805,20806,147,18829,1830,2999,206863,195153,536,187226,7391,11710,263170,259727,315,255220,4192,3443,IL-06
460613,48070,41531,127,37417,3987,6539,201817,188963,688,176398,11877,12854,210726,207185,406,201974,4805,3541,IL-10
504223,41018,33503,145,26799,6559,7515,184490,167379,813,152055,14511,17111,278715,272504,481,262547,9476,6211,IL-09
462747,42121,29075,277,23014,5784,13046,309260,272598,1877,243643,27078,36662,111366,108060,529,103009,4522,3306,IL-12
492293,48731,36352,152,29239,6961,12379,309882,281722,1701,249338,30683,28160,133680,130967,334,124634,5999,2713,IN-09
472222,49203,35298,256,28905,6137,13905,319115,284914,2041,256051,26822,34201,103904,100835,333,96273,4229,3069,IN-08
516402,30136,23539,232,19842,3465,6597,243276,224810,958,205791,18061,18466,242990,239414,275,233938,5201,3576,IN-05
481661,78100,59196,90,48967,10139,18904,286300,252367,646,225663,26058,33933,117261,113570,124,108729,4717,3691,IN-07
506504,65229,43725,193,35188,8344,21504,317045,281353,901,253079,27373,35692,124230,121441,131,116576,4734,2789,TN-03
508347,38592,27269,253,22744,4272,11323,323666,288341,2247,261472,24622,35325,146089,142256,474,136209,5573,3833,IA-02
433724,48327,38687,138,33287,5262,9640,274657,246519,1586,221705,23228,28138,110740,107219,372,101584,5263,3521,KS-01
455190,32789,24424,140,18637,5647,8365,286408,254641,1542,219888,33211,31767,135993,132481,394,124244,7843,3512,KS-02
501645,58375,41857,219,34503,7135,16518,282392,259153,1085,234397,23671,23239,160878,157567,166,151504,5897,3311,KY-06
468214,106088,66218,350,51736,14132,39870,296980,254597,1282,224405,28910,42383,65146,61900,174,58852,2874,3246,KY-05
480698,67419,44023,256,31257,12510,23396,316188,270587,1780,218666,50141,45601,97091,93766,479,83710,9577,3325,LA-04
547260,66405,51235,98,42071,9066,15170,310505,283239,809,256615,25815,27266,170350,166798,275,161081,5442,3552,LA-01
457728,75712,47377,329,36553,10495,28335,294781,247492,1821,212446,33225,47289,87235,82701,284,77460,4957,4534,LA-05
657184,62684,49069,123,40951,7995,13615,381242,352297,1054,325472,25771,28945,213258,209638,403,203208,6027,3620,DE-00
535425,58549,49421,109,42957,6355,9128,278705,261396,637,240195,20564,17309,198171,195623,148,189305,6170,2548,FL-14
611089,57787,49036,60,41969,7007,8751,352525,329565,914,300778,27873,22960,200777,196246,290,187642,8314,4531,FL-16
537439,63563,53136,211,42953,9972,10427,334161,314172,808,279053,34311,19989,139715,136903,121,129266,7516,2812,FL-15
563951,50373,41926,205,35663,6058,8447,354757,329486,937,298003,30546,25271,158821,155675,275,148437,6963,3146,FL-12
478613,53620,41325,219,33556,7550,12295,304574,277820,1693,248816,27311,26754,120419,117166,657,111716,4793,3253,FL-02
569641,66583,57454,298,45242,11914,9129,297515,279333,1237,254173,23923,18182,205543,200511,388,191269,8854,5032,FL-21
511504,54684,43478,79,36955,6444,11206,258640,239013,643,222636,15734,19627,198180,194389,336,189890,4163,3791,MA-03
474504,36178,27582,210,23176,4196,8596,316048,289543,1842,263087,24614,26505,122278,119774,287,114535,4952,2504,MI-07
469865,42987,32641,165,26810,5666,10346,292328,264164,1670,237940,24554,28164,134550,131156,448,124953,5755,3394,MI-06
498749,41863,33740,238,29630,3872,8123,336740,311719,1505,287696,22518,25021,120146,117699,250,113781,3668,2447,MI-10
435877,74735,56108,57,42288,13763,18627,291531,256757,702,213364,42691,34774,69611,66725,239,61745,4741,2886,MI-13
511883,24584,20927,130,18564,2233,3657,240140,226660,682,214659,11319,13480,247159,244429,383,238961,5085,2730,MI-11
481897,25146,20852,130,17769,2953,4294,257091,241788,1008,221373,19407,15303,199660,196898,265,190866,5767,2762,MI-08
463144,22671,19572,103,17313,2156,3099,255556,241148,1129,226652,13367,14408,184917,182799,354,177860,4585,2118,MN-02
437113,32596,24609,286,20574,3749,7987,274033,249398,2158,229623,17617,24635,130484,127553,431,122566,4556,2931,MN-01
466939,37853,32675,162,28866,3647,5178,221719,204713,1149,190760,12804,17006,207367,203890,335,197984,5571,3477,MN-04
