total,26to64Total,26to64NoHighSchoolGrad,26to64NoHighSchoolGradCoverage,26to64NoHighSchoolGradCoveragePrivate,26to64NoHighSchoolGradCoveragePublic,26to64NoHighSchoolGradNoCoverage,26to64HighSchoolGrad,26to64HighSchoolGradCoverage,26to64HighSchoolGradCoveragePrivate,26to64HighSchoolGradCoveragePublic,26to64HighSchoolGradNoCoverage,26to64SomeCollege,26to64SomeCollegeCoverage,26to64SomeCollegeCoveragePrivate,26to64SomeCollegeCoveragePublic,26to64SomeCollegeNoCoverage,26to64BachelorsOrHigher,26to64BachelorsOrHigherCoverage,26to64BachelorsOrHigherCoveragePrivate,26to64BachelorsOrHigherCoveragePublic,26to64BachelorsOrHigherNoCoverage,65plus,65plusNoHighSchoolGradCoverage,65plusNoHighSchoolGradPrivate,65plusNoHighSchoolGradCoveragePublic,65plusNoHighSchoolGradNoCoverage,65plusHighSchoolGrad,65plusHighSchoolGradCoverage,65plusHighSchoolGradCoveragePrivate,65plusHighSchoolGradCoveragePublic,65plusHighSchoolGradNoCoverage,65plusSomeCollege,65plusSomeCollegeCoverage,65plusSomeCollegeCoveragePrivate,65plusSomeCollegeCoveragePublic,65plusSomeCollegeNoCoverage,65plusBachelorsOrHigher,65plusBachelorsOrHigherCoverage,65plusBachelorsOrHigherCoveragePrivate,65plusBachelorsOrHigherCoveragePublic,65plusBachelorsOrHigherNoCoverage,stateId
533926,441882,49019,31371,21885,10943,17648,109392,82981,65123,20674,26411,136861,115000,100613,20074,21861,146610,132208,127185,8872,14402,92044,18637,5453,17865,685,26727,26058,11845,24679,669,22727,22480,11742,21470,247,23268,22907,21530,21530,361,FL-10
543326,414550,24855,17014,11994,6105,7841,90947,73881,64521,13002,17066,123704,107285,98716,15312,16419,175044,164142,160483,10585,10902,128776,9975,4514,9798,326,34070,33736,18428,32923,334,36982,36744,23084,35549,238,47423,47027,45097,45097,396,FL-04
540461,377306,32013,21953,12145,10775,10060,101204,78181,60383,22328,23023,124360,104111,89074,20860,20249,119729,109861,105050,8796,9868,163155,17371,6773,16717,213,49993,49571,24574,48292,422,47043,46873,24204,45376,170,48535,48332,46327,46327,203,FL-13
508682,398066,52627,30852,21163,10569,21775,114246,81020,66595,16403,33226,114095,92443,81535,14018,21652,117098,102467,96287,8617,14631,110616,34192,3790,33369,1513,28156,27387,6706,26021,769,21597,21095,7429,20079,502,25158,24405,22716,22716,753,FL-26
550194,392789,30646,18682,14183,5546,11964,90478,66664,58153,10879,23814,111962,91655,83674,10889,20307,159703,145123,139918,7994,14580,157405,14502,5282,13793,668,42666,41656,18854,39843,1010,39452,38671,19925,37373,781,60117,59699,56397,56397,418,FL-22
567355,431980,49079,34410,22466,13694,14669,126334,96342,74415,26788,29992,143696,121069,102570,25820,22627,112871,102991,96555,10872,9880,135375,26434,7572,26038,1276,44420,43662,21264,42690,758,34730,34277,18471,33487,453,28515,28114,27215,27215,401,FL-09
610402,361113,42261,25183,18089,8790,17078,105812,77922,64285,17640,27890,104525,88601,78062,15132,15924,108515,98274,93849,8022,10241,249289,20129,9542,19438,957,65408,64979,38193,63681,429,67852,67480,43283,66125,372,94943,94595,91478,91478,348,FL-19
494575,370192,30242,19691,11030,9993,10551,94838,73684,58289,20658,21154,140375,122403,107542,25649,17972,104737,98976,95886,10131,5761,124383,13002,6923,12859,70,37838,37684,25289,37121,154,38474,38406,27934,37524,68,34999,34946,33827,33827,53,FL-01
507276,401668,23394,15981,10496,6690,7413,80395,60684,49913,13744,19711,129834,111613,99681,17124,18221,168045,156012,150911,9695,12033,105608,11275,3873,11046,200,28094,27863,13449,26971,231,30115,29826,14511,29073,289,35924,35735,34183,34183,189,FL-07
539627,407326,38385,22964,14677,9026,15421,93401,65763,53616,13455,27638,95159,77422,70306,8883,17737,180381,162790,156134,8395,17591,132301,36688,3576,35939,960,31692,30860,4983,29820,832,23543,23206,6590,22330,337,39418,38837,35934,35934,581,FL-27
471272,363081,38582,24581,15393,10584,14001,106187,85616,72980,17515,20571,113913,99703,90663,15368,14210,104399,98900,96485,6741,5499,108191,18042,7657,17671,94,38200,37895,22347,37052,305,27715,27647,17979,27088,68,24140,24058,23198,23198,82,GA-03
463002,356537,38266,25353,15904,11326,12913,111427,89131,75602,18466,22296,104777,90010,81173,13153,14767,102067,96169,93570,5618,5898,106465,19195,7375,18912,263,37182,37140,21541,36505,42,24206,24050,15554,23453,156,25619,25602,24707,24707,17,GA-10
481712,396210,44717,24390,16328,9126,20327,101046,75541,61002,18211,25505,123241,101580,87694,19676,21661,127206,116506,112434,7778,10700,85502,13055,5037,12749,656,23747,23530,11156,22777,217,22844,22793,12887,21734,51,25200,25005,23564,23564,195,GA-04
490062,404982,38429,23240,12818,11765,15189,85782,62361,45610,20425,23421,95257,78243,65426,16906,17014,185514,173676,169103,7571,11838,85080,14282,4512,14059,194,25147,25014,10501,24226,133,18102,18081,10328,17343,21,27355,27225,25852,25852,130,GA-05
476889,395317,38357,22191,16043,7460,16166,109358,83319,68587,18189,26039,124297,105564,94225,18613,18733,123305,112740,108377,8745,10565,81572,13411,5208,12983,484,29023,28550,16401,27802,473,21589,21448,13991,20400,141,17065,17046,16094,16094,19,GA-13
506461,426818,45675,20597,17017,4418,25078,80324,56448,50638,7502,23876,111695,94026,87579,9739,17669,189124,176058,173045,6250,13066,79643,8729,3250,8265,1105,20755,20357,10561,19333,398,21986,21781,13004,20808,205,27068,26698,25062,25062,370,GA-07
407315,308156,42547,26140,13834,14677,16407,102155,76291,56540,24483,25864,106105,88187,73428,21918,17918,57349,53349,50393,6089,4000,99159,24459,8638,24279,397,35798,35602,18083,35053,196,22308,22191,14094,21847,117,16197,16119,15683,15683,78,GA-02
460299,357482,62710,40488,28551,14277,22222,119069,94494,78523,21234,24575,109733,94661,86110,13205,15072,65970,61693,59964,3553,4277,102817,24465,10834,24050,417,37605,37417,21133,36992,188,23595,23566,14504,22980,29,16735,16710,16188,16188,25,GA-14
497600,404969,33382,16737,13002,4901,16645,77902,58764,52355,9082,19138,113826,97188,91046,9969,16638,179859,170073,167724,5853,9786,92631,10237,4674,10108,325,25235,25013,14451,24570,222,24975,24742,15334,23650,233,31859,31725,29916,29916,134,GA-11
437701,338880,45951,26877,14241,14410,19074,110631,87076,69038,23625,23555,104441,87592,76267,19986,16849,77857,73124,70510,7307,4733,98821,21185,8444,20877,227,35351,35161,19606,34587,190,23478,23375,14714,22978,103,18580,18535,17901,17901,45,GA-12
570680,424947,36786,24041,16868,8772,12745,117489,92263,78823,18973,25226,156643,133612,119906,22352,23031,114029,107637,103961,7959,6392,145733,14316,7265,13998,122,44621,44446,26318,43835,175,50270,50160,33349,49402,110,36404,36388,35578,35578,16,ID-01
474382,346654,23001,20716,14752,7021,2285,78285,73577,61004,15802,4708,112189,107510,97278,16530,4679,133179,130117,125246,9664,3062,127728,19373,9389,18480,126,37265,37149,26152,35518,116,31281,31184,24788,29581,97,39683,39654,37456,37456,29,HI-01
463459,341839,19379,16724,10820,6701,2655,106958,98834,75364,27926,8124,114900,108912,91711,22934,5988,100602,96699,89824,10910,3903,121620,14606,7493,14189,217,33924,33640,22181,31913,284,35201,35105,25056,33550,96,37672,37454,35756,35756,218,HI-02
466880,343778,15898,13477,7432,6893,2421,90782,83272,65906,20979,7510,111864,106246,91774,19293,5618,125234,122797,119591,5799,2437,123102,10414,6148,10359,79,47801,47764,33441,47053,37,32661,32609,23723,32035,52,32147,32029,30240,30240,118,IL-18
444889,342197,34191,27798,12879,15886,6393,97668,84479,56371,31965,13189,128221,117180,85674,36499,11041,82117,77467,68395,11640,4650,102692,16938,5994,16626,304,33977,33754,18376,32831,223,31103,30920,18574,29656,183,20370,20320,18670,18670,50,IL-02
477056,379346,20859,15584,11411,4793,5275,76279,69474,59990,11876,6805,112733,107378,98082,11991,5355,169475,165901,161562,6798,3574,97710,7387,4155,7252,380,31960,31832,21181,30884,128,28146,28056,18751,27164,90,29837,29681,28100,28100,156,IL-14
455068,337930,27675,22856,13846,9990,4819,104735,96616,77298,23471,8119,123539,117185,99603,22016,6354,81981,79374,75652,5679,2607,117138,13867,8539,13671,265,47138,47086,32218,46385,52,32674,32626,23052,32030,48,23194,23165,21979,21979,29,IL-16
,,,,,,,,,,,,,,,,,,,,,,,,,,,,,,,,,,,,,,,,,,IL-ZZ
445365,325046,34101,27683,12314,16601,6418,104599,94940,68345,30479,9659,119879,111845,88050,29449,8034,66467,64374,60346,5834,2093,120319,16366,9607,16253,147,47492,47285,32331,46701,207,34856,34822,23767,34297,34,21458,21368,20640,20640,90,IL-17
466156,363765,44325,32709,21848,12069,11616,101754,85740,67225,21185,16014,105076,95123,81748,16062,9953,112610,107139,101622,7081,5471,102391,19038,8106,18358,694,37244,36861,21310,35959,383,24051,23951,15504,23051,100,21364,21129,19648,19648,235,IL-03
437267,370091,87775,53847,33307,21792,33928,101746,72203,51561,22511,29543,81546,67943,53968,16084,13603,99024,91008,85475,6502,8016,67176,25510,6590,24317,1403,20200,19772,7030,18920,428,10540,10185,5416,9590,355,9523,9440,8532,8532,83,IL-04
456479,370034,47342,30882,22219,9646,16460,81581,69382,55948,15712,12199,104196,96380,82507,17158,7816,136915,132461,127681,6832,4454,86445,12487,5735,12013,565,24900,24646,16070,24137,254,22283,22161,15316,21382,122,26210,26048,24265,24265,162,IL-11
454288,331270,25050,19972,8186,12580,5078,103249,93132,68070,29476,10117,128447,121286,99709,27766,7161,74524,72147,68677,5695,2377,123018,16739,9056,16664,372,52028,51918,33993,51221,110,34455,34403,23739,33641,52,19424,19358,18393,18393,66,IL-15
470877,378275,49644,33043,25198,8730,16601,86318,72533,59623,15106,13785,107418,97349,85324,14602,10069,134895,127420,121196,8422,7475,92602,14110,6317,13550,927,27606,27296,16778,26300,310,24117,23847,15854,22904,270,25842,25584,24080,24080,258,IL-08
457907,345512,46573,32214,20862,13240,14359,116151,99140,80688,22513,17011,103488,92667,80062,16409,10821,79300,75666,72361,4967,3634,112395,17041,8749,16705,583,46101,45898,27136,45158,203,25254,25214,15812,24374,40,23416,23267,22481,22481,149,IN-02
467208,348174,31338,24308,13376,12521,7030,127356,110482,88666,27108,16874,106753,96836,82773,18726,9917,82727,79883,76209,5901,2844,119034,19049,9854,18916,214,53788,53711,35388,52595,77,26323,26277,17918,25592,46,19660,19602,19157,19157,58,IN-06
466832,355189,29742,23330,13342,11106,6412,117420,102702,82352,24582,14718,118247,108485,91763,20969,9762,89780,85056,80804,6175,4724,111643,16724,9672,16510,102,46098,46013,29640,45079,85,26632,26554,18158,25806,78,22087,22065,21284,21284,22,IN-01
468738,359867,41898,26657,17243,10752,15241,112431,98318,81378,20943,14113,116626,106409,92760,17887,10217,88912,85174,81415,6059,3738,108871,13385,7004,13192,902,45185,45000,27998,44412,185,27799,27690,16582,27032,109,21600,21549,20813,20813,51,IN-03
468509,358652,30749,23555,15094,9698,7194,111111,96912,81114,19839,14199,112855,102226,90162,17179,10629,103937,100787,97672,5432,3150,109857,12931,7442,12732,141,47336,47239,31997,46582,97,26635,26543,18100,25921,92,22814,22702,21712,21712,112,IN-04
498736,369269,22864,18935,11177,8668,3929,105419,97742,80215,22085,7677,132216,125634,108682,22493,6582,108770,106381,102032,7218,2389,129467,12772,7598,12694,196,57199,57093,39811,56229,106,32175,32148,22576,31330,27,27125,27066,26163,26163,59,IA-01
480151,348841,26733,20841,13960,7987,5892,98666,90590,73487,21108,8076,129438,122770,107402,20997,6668,94004,91629,88287,5895,2375,131310,12481,7110,12276,94,56553,56434,36809,55553,119,35368,35345,24233,34662,23,26814,26781,25833,25833,33,IA-04
536370,420392,32184,25752,15436,12317,6432,99486,90022,71278,23833,9464,136921,128551,111230,23967,8370,151801,149254,144198,9351,2547,115978,10208,5601,10048,103,43791,43684,29443,43059,107,32133,32100,22377,31132,33,29743,29729,28502,28502,14,IA-03
496866,395072,29079,14951,10848,4843,14128,65588,52239,45490,9532,13349,103525,92730,85916,10480,10795,196880,190575,187840,5761,6305,101794,7653,3531,7385,475,24428,24289,14870,23766,139,26629,26565,17913,25759,64,42609,42449,40233,40233,160,KS-03
453376,347029,32156,21688,15585,7187,10468,87942,71417,60243,14967,16525,119725,104851,94265,16742,14874,107206,101937,99296,5348,5269,106347,10836,5314,10639,206,34237,34143,21769,33742,94,32934,32894,21582,32026,40,28134,28001,27079,27079,133,KS-04
484674,370238,39045,33212,15022,20286,5833,127073,117484,86392,38577,9589,123092,116549,93826,31222,6543,81028,78716,74219,8444,2312,114436,22789,11616,22663,194,44779,44692,29074,44093,87,26285,26163,18604,25592,122,20389,20367,19528,19528,22,KY-02
462545,337786,41379,34402,13575,23018,6977,126759,114169,77787,42724,12590,107305,100303,75871,30839,7002,62343,59983,55196,6974,2360,124759,26281,12187,26049,290,51804,51719,31105,51213,85,28033,28001,18374,27673,32,18351,18306,17420,17420,45,KY-01
494236,380985,31374,26026,11858,15997,5348,97349,87171,59923,31938,10178,121806,113365,89220,30022,8441,130456,126626,119364,10332,3830,113251,15212,7929,14956,144,36624,36532,24569,35697,92,29960,29956,20867,29207,4,31311,31285,29843,29843,26,KY-03
495057,385199,33612,27258,13091,16139,6354,109831,100314,75032,31078,9517,121931,114374,95042,25688,7557,119825,116987,112365,7963,2838,109858,17182,8508,17030,119,41574,41563,26110,40932,11,26625,26577,18213,25894,48,24358,24295,23482,23482,63,KY-04
513158,405192,61809,45438,18999,29955,16371,123374,101086,67047,39915,22288,119514,103762,76662,33487,15752,100495,93520,85429,10687,6975,107966,24862,7028,24565,224,36612,36380,14600,35399,232,23965,23874,11704,22962,91,22303,22212,20521,20521,91,LA-02
499890,393399,38760,28566,15427,15009,10194,119557,101440,82393,23678,18117,111619,101836,89432,16966,9783,123463,117895,114016,7061,5568,106491,16527,6282,16294,41,37593,37358,19899,36246,235,26020,25983,15848,25169,37,26310,26259,24126,24126,51,LA-06
502517,394432,52812,38877,18200,22643,13935,144826,120872,89479,37347,23954,106672,94720,77868,21697,11952,90122,85343,80691,6989,4779,108085,23045,8923,22814,188,41164,41006,23303,40020,158,23249,23176,14756,22462,73,20439,20391,18914,18914,48,LA-03
483144,352419,17219,13100,7109,6995,4119,92677,78976,63212,19790,13701,102435,92700,81218,16441,9735,140088,134713,129785,8455,5375,130725,10921,5196,10704,13,38606,38527,22773,37581,79,31749,31729,19313,31111,20,49436,49371,47179,47179,65,ME-01
461485,342948,31262,21074,11857,11125,10188,100602,78571,60607,22920,22031,110214,94632,80817,20908,15582,100870,94409,90845,8255,6461,118537,14886,5712,14767,248,39453,39323,20668,38626,130,32742,32620,19566,32003,122,31208,30966,29764,29764,242,FL-03
468776,387598,29803,25073,9542,17312,4730,60428,56003,25519,33609,4425,59089,55704,35900,23084,3385,238278,233031,222391,14663,5247,81178,12215,4930,11781,232,17916,17816,10045,16730,100,14308,14212,9369,13208,96,36507,36385,32934,32934,122,DC-98
570601,327071,41887,26336,15355,12529,15551,121565,92963,67368,30818,28602,99543,84093,70546,18558,15450,64076,58532,54077,6875,5544,243530,25490,11801,25019,742,84507,84052,49078,82659,455,68434,68163,44845,67029,271,64357,64156,62179,62179,201,FL-17
555086,365360,31501,21210,13041,9607,10291,114200,88418,69991,23672,25782,133799,111939,95028,23028,21860,85860,77740,72702,8019,8120,189726,19954,8778,19650,296,61583,61225,33289,60380,358,58033,57880,32741,56688,153,49860,49772,48105,48105,88,FL-06
436921,346770,44281,31000,16290,17285,13281,113190,89460,64921,29550,23730,115457,98483,80313,26174,16974,73842,67661,63885,7500,6181,90151,15783,5085,15587,107,30919,30530,15496,29986,389,24455,24335,13762,23738,120,18887,18823,18098,18098,64,FL-05
492035,391882,66124,39108,24526,16168,27016,128010,83210,60303,25606,44800,111012,84382,71383,15614,26630,86736,73287,67830,6975,13449,100153,36990,4804,35770,1782,29241,28330,6021,26838,911,17091,16829,4904,16130,262,15049,14738,13911,13911,311,FL-24
587356,308802,33917,22695,12066,11884,11222,109665,85137,63536,26645,24528,106972,91983,74907,24392,14989,58248,53337,49613,7068,4911,278554,27882,11983,27666,183,94245,94030,54483,92907,215,85496,85372,52979,84352,124,70748,70594,69403,69403,154,FL-11
527114,398329,22846,15872,11763,4795,6974,82417,65271,57516,9597,17146,122939,105231,96738,11428,17708,170127,156364,151212,7817,13763,128785,17629,4751,16711,1179,37553,36584,12328,34655,969,31521,31090,12398,29545,431,40903,39969,36585,36585,934,FL-23
549191,362623,28178,19257,12465,8588,8921,98927,76404,60908,20633,22523,124790,107097,91472,23745,17693,110728,102042,96789,11012,8686,186568,18311,7890,18104,251,57802,57110,31566,56415,692,55414,55307,34115,54303,107,54790,54650,53133,53133,140,FL-08
561189,368445,34951,20756,14475,7636,14195,96464,73482,61613,15698,22982,119235,103840,92976,16349,15395,117795,107775,102853,8717,10020,192744,20351,8646,19840,528,54123,53613,29096,52719,510,53281,53090,30405,51573,191,64461,64080,62009,62009,381,FL-18
501513,399088,59830,34837,21583,15317,24993,127936,94508,73947,24032,33428,122985,99704,85770,18210,23281,88337,77159,72437,7125,11178,102425,25329,6036,24299,1551,34580,33616,11565,31890,964,21954,21562,9215,20377,392,19011,18418,17180,17180,593,FL-20
538778,395182,71675,40807,30225,11525,30868,120036,82987,69040,15867,37049,100305,77249,68269,11390,23056,103166,88037,83113,6365,15129,143596,47022,4653,46216,1712,36739,36063,10704,34935,676,25235,24803,10770,23875,432,32888,32434,30856,30856,454,FL-25
462448,333558,22480,17246,6731,11632,5234,117269,96591,69024,33563,20678,111286,99004,81510,24206,12282,82523,77914,73014,7703,4609,128890,17904,8131,17802,39,48288,48209,27671,47616,79,31968,31945,20517,31222,23,30691,30644,28743,28743,47,ME-02
493761,361258,27712,21976,11544,11900,5736,105400,96675,74894,26125,8725,105294,100358,85743,19260,4936,122852,120219,114711,8653,2633,132503,16422,9127,16179,105,46936,46789,32389,45832,147,32175,32100,24245,31319,75,36865,36813,35006,35006,52,MD-01
506796,396309,28192,20902,12921,9353,7290,73080,65069,50080,18720,8011,92553,86262,74049,16458,6291,202484,196433,188545,12651,6051,110487,12516,6726,12074,501,28518,28102,19676,27077,416,22649,22538,16646,21674,111,46303,46013,42760,42760,290,MD-03
498311,397812,49491,28367,20144,9573,21124,98264,84439,66767,21666,13825,109326,100072,85696,19170,9254,140731,134615,128045,11385,6116,100499,12974,7196,12152,816,29013,28663,20416,26861,350,26770,26517,21468,24496,253,30926,30694,28296,28296,232,MD-04
492983,393581,29032,20959,14329,7942,8073,102103,92298,78481,18737,9805,117671,111448,99943,18589,6223,144775,140886,135400,12502,3889,99402,12005,6500,11614,597,31458,31222,22998,29556,236,25297,25202,20974,23535,95,30045,29874,27829,27829,171,MD-05
477490,369466,33955,29159,10816,19870,4796,90455,80778,49987,35528,9677,92716,86107,65156,25696,6609,152340,147640,139032,12586,4700,108024,18199,7666,17715,434,29352,29229,17401,28182,123,24146,24005,16389,22930,141,35893,35656,33517,33517,237,MD-07
490506,391597,33868,27194,14303,14854,6674,104629,93455,68136,29888,11174,113200,106298,87682,25258,6902,139900,134721,128432,11449,5179,98909,17184,8424,16606,360,33159,32972,21251,31766,187,23829,23664,16682,22960,165,24377,24222,22673,22673,155,MD-02
499745,391534,32756,22777,14370,9845,9979,84500,74496,57126,21205,10004,96997,89573,75681,18380,7424,177281,171523,165178,10719,5758,108211,14003,6760,13301,445,30697,30325,19956,29594,372,22741,22579,16524,21659,162,40325,39943,36808,36808,382,MD-06
515346,394105,30880,19177,13580,6578,11703,60480,50942,41657,11021,9538,77652,71527,62631,11772,6125,225093,218544,212666,10083,6549,121241,12316,6162,11483,459,23605,23370,16809,22395,235,22200,22092,16890,20858,108,62661,62266,57114,57114,395,MD-08
503926,386777,18353,16842,9189,8908,1511,68818,65325,49588,20152,3493,86420,83915,70248,18650,2505,213186,210694,201665,13874,2492,117149,14015,8018,13722,128,30013,29950,20274,29078,63,24290,24232,18058,23349,58,48703,48581,43990,43990,122,MA-04
512811,428061,52196,47041,17442,31758,5155,89336,82300,43530,42955,7036,82349,77247,52392,28801,5102,204180,198854,182826,19656,5326,84750,24675,6220,24012,269,23757,23562,10361,22469,195,13656,13545,7368,12662,111,22393,22328,20069,20069,65,MA-07
488720,376159,25434,23875,9561,16046,1559,93144,88422,60452,32699,4722,99699,96566,75139,26499,3133,157882,155429,143719,15850,2453,112561,15479,7404,15216,41,35332,35269,22593,34223,63,25659,25609,17512,24620,50,36050,36009,32739,32739,41,MA-02
521154,364132,28455,25611,12319,15210,2844,103006,96312,67168,35192,6694,102876,99107,76269,28249,3769,129795,127380,117808,13195,2415,157022,19042,9947,18838,108,41230,41151,27977,40224,79,37415,37349,27040,36115,66,59227,59180,56161,56161,47,MA-09
529684,396075,24710,22917,10061,14277,1793,84771,80432,59467,25896,4339,92182,89312,73734,20165,2870,194412,191682,181843,13725,2730,133609,13310,6549,13105,100,40352,40281,27645,39128,71,32005,31957,24077,30660,48,47842,47731,44416,44416,111,MA-06
534473,415963,26352,24646,11676,14591,1706,79508,76088,54072,26461,3420,91725,88576,70724,22162,3149,218378,214666,203322,16372,3712,118510,14678,6162,14272,268,37157,37021,23778,35645,136,27227,27148,19426,25851,79,39180,39149,35591,35591,31,MA-08
489835,364025,37099,34105,12692,24001,2994,104883,98930,64861,39848,5953,108665,104737,76371,34592,3928,113378,110925,100003,14744,2453,125810,19254,8581,18955,62,41946,41896,27460,40925,50,29065,29043,19979,27843,22,35483,35369,32806,32806,114,MA-01
528222,410746,20211,17778,9020,9847,2433,67625,62942,43141,22786,4683,66459,63781,51169,15527,2678,256451,252628,239099,18040,3823,117476,12459,6091,12002,137,29484,29306,19293,28140,178,22184,21981,15093,20938,203,53212,52956,47447,47447,256,MA-05
486506,331880,20649,17205,7553,10999,3444,102748,90397,64312,32585,12351,122253,111854,89489,30113,10399,86230,82409,76791,8700,3821,154626,14198,8549,14124,116,54721,54623,39077,54134,98,43397,43329,31765,42908,68,42194,42138,41358,41358,56,MI-01
468863,356414,29233,24449,13534,12709,4784,106468,97095,74873,27359,9373,122335,114742,96590,23267,7593,98378,95381,91256,6754,2997,112449,13309,7246,13108,118,39549,39488,26318,38909,61,32492,32441,21770,31913,51,26981,26926,26189,26189,55,MI-02
450337,342631,38586,32165,10067,23905,6421,82888,71835,38930,37217,11053,111428,101693,71678,35946,9735,109729,105579,97206,11421,4150,107706,15145,8032,15018,138,28178,28061,18010,27432,117,29011,28951,20613,28076,60,35234,35126,33835,33835,108,MI-14
477983,372987,28978,22773,11402,12854,6205,97832,88222,66383,25995,9610,120151,112123,94617,22618,8028,126026,121973,117059,7468,4053,104996,10894,5430,10825,307,35030,34899,22853,34389,131,30154,30128,20845,29326,26,28611,28558,27625,27625,53,MI-03
455920,335749,29448,25487,9327,17689,3961,104730,94209,59683,41266,10521,132165,122927,90363,40692,9238,69406,66901,61070,8028,2505,120171,16440,11276,16306,21,46291,46234,35067,45729,57,36764,36726,29390,36190,38,20655,20655,20171,20171,0,MI-05
461432,333136,25237,20707,9363,12937,4530,106427,94714,68115,32740,11713,120925,112802,91192,28375,8123,80547,78068,73538,6673,2479,128296,14817,9890,14695,87,53280,53192,40332,52596,88,36617,36571,28430,36016,46,23495,23447,22933,22933,48,MI-04
,,,,,,,,,,,,,,,,,,,,,,,,,,,,,,,,,,,,,,,,,,MI-ZZ
500724,383835,32447,27943,12983,16824,4504,97335,87367,64064,28035,9968,127923,119581,100057,25180,8342,126130,122104,115740,9049,4026,116889,16270,9728,15900,138,40675,40512,30511,39818,163,32480,32364,25027,31486,116,27326,27078,26027,26027,248,MI-09
446171,347187,28234,24772,11815,14526,3462,83051,76393,55967,25121,6658,107957,101416,82297,24924,6541,127945,124419,117420,10096,3526,98984,14334,8377,14238,111,31322,31240,23372,30676,82,24761,24715,18977,23919,46,28456,28348,26646,26646,108,MI-12
435480,313448,20508,16086,8678,8329,4422,88274,80650,62188,22680,7624,129696,122890,103767,25011,6806,74970,72820,68423,6580,2150,122032,14174,9209,14038,74,51411,51336,36361,50715,75,32668,32632,23980,31895,36,23705,23668,23004,23004,37,MN-07
449182,362244,16037,14020,8753,5949,2017,86727,81609,67879,17603,5118,139493,133540,118991,20145,5953,119987,117863,113012,7965,2124,86938,8092,4950,7947,87,34248,34223,24819,33628,25,25047,25043,18607,24396,4,19464,19409,18628,18628,55,MN-06
451524,323328,17247,14842,7391,8443,2405,92978,85060,62169,28255,7918,133926,126217,101707,32139,7709,79177,76956,71341,8291,2221,128196,11781,7226,11687,45,49137,49044,34694,48567,93,38041,38012,28469,37368,29,29192,29166,28486,28486,26,MN-08
490372,382531,16473,13352,8351,5580,3121,56754,51987,41801,12467,4767,108278,103739,91082,16203,4539,201026,197504,191282,9069,3522,107841,5326,2787,5116,181,26954,26863,19140,26142,91,31585,31571,23600,30323,14,43795,43671,41806,41806,124,MN-03
468272,384975,33282,24862,10326,15792,8420,62033,53588,34495,21620,8445,102367,93036,69620,27146,9331,187293,182630,170945,15170,4663,83297,8228,3139,8002,304,20629,20509,13073,20106,120,21769,21732,13552,21059,37,32367,32349,30770,30770,18,MN-05
562840,462358,45574,26376,20473,6651,19198,95634,71280,63140,11712,24354,125915,108397,101657,11499,17518,195235,184695,181213,7618,10540,100482,12341,4723,11841,701,26087,25828,14742,24696,259,26944,26700,15764,25837,244,34409,34149,32421,32421,260,TX-10
497906,420953,81553,44674,29359,17547,36879,122159,86139,70362,20967,36020,120566,96229,84188,18837,24337,96675,86197,82943,7211,10478,76953,22279,6690,21560,1159,22305,21885,11770,20780,420,18543,18408,11249,17804,135,12667,12649,11806,11806,18,TX-35
567973,472073,35503,20397,16795,4445,15106,76647,58163,51873,8479,18484,131672,114634,108511,10070,17038,228251,216089,213014,6295,12162,95900,13277,4160,12552,1443,21565,20844,9966,19978,721,24741,24120,14106,22939,621,34874,33906,31362,31362,968,TX-22
413757,318109,48205,27144,19282,9063,21061,93415,68310,57414,14769,25105,98775,80684,72955,12071,18091,77714,72553,70643,4026,5161,95648,21575,7821,21203,301,26997,26858,16286,26455,139,25413,25398,16416,24825,15,21362,21280,20348,20348,82,TX-19
403020,325110,16717,10299,7955,2911,6418,51406,41324,35965,7149,10082,116295,103295,96274,10656,13000,140692,134682,130860,6326,6010,77910,4533,2120,4325,317,16208,16118,10004,15649,90,26025,25952,16161,25137,73,30827,30748,29186,29186,79,UT-03
458436,358457,34153,21942,16683,6204,12211,82682,65477,56620,11500,17205,121330,107378,97065,14654,13952,120292,113799,110432,6426,6493,99979,7058,3081,6787,858,24646,24480,15003,23920,166,35103,34963,23181,33889,140,32314,32275,30944,30944,39,UT-02
454046,356558,31092,21898,12469,11055,9194,98659,80310,63065,22599,18349,127506,113085,96428,25553,14421,99301,94496,90077,10041,4805,97488,16685,8652,16491,308,29928,29679,19115,28783,249,27201,27118,18644,26510,83,23366,23326,22515,22515,40,VA-03
492793,384708,38996,27387,15639,13532,11609,102037,86195,68276,22581,15842,119202,107532,92725,22133,11670,124473,117799,114180,9532,6674,108085,20682,10045,20281,280,32921,32717,21638,31996,204,27941,27921,19692,27059,20,26261,26243,25127,25127,18,VA-04
455312,349859,24054,16599,11654,6107,7455,76629,63889,55410,11898,12740,122747,110450,101447,16664,12297,126429,121030,117966,9143,5399,105453,11381,6982,11032,337,27778,27525,20350,26852,253,29859,29732,22910,28929,127,36098,35870,34626,34626,228,VA-02
490866,358453,36791,26240,16963,10759,10551,114759,95585,78590,21477,19174,102617,91362,81343,14890,11255,104286,99831,96367,6254,4455,132413,23253,12255,22947,195,44758,44607,28454,43779,151,31879,31795,21910,31032,84,32328,32184,31157,31157,144,VA-06
513163,410546,21928,16753,11376,6457,5175,74124,66244,55269,14036,7880,123544,115363,102410,17660,8181,190950,186412,179837,10088,4538,102617,7086,3564,6702,212,24164,24077,14701,23271,87,33550,33453,21698,32007,97,37605,37361,35241,35241,244,WA-01
460764,343814,22478,18715,8761,11101,3763,78142,69289,46942,26406,8853,136949,127529,95505,41649,9420,106245,102393,93249,13658,3852,116950,8619,3939,8443,145,30770,30672,17448,30117,98,42717,42535,24951,41627,182,34699,34655,33727,33727,44,WA-05
493380,377353,29933,22025,14482,8714,7908,85113,75013,59641,19743,10100,141785,130444,109598,28541,11341,120522,116029,108531,11601,4493,116027,9073,4113,8685,180,26893,26647,16753,26144,246,38632,38561,25280,37423,71,41249,41154,39536,39536,95,WA-02
483355,344136,24547,19406,9968,10385,5141,83759,74665,54019,25336,9094,130634,120805,95429,34476,9829,105196,101355,93564,12868,3841,139219,9278,5186,9194,200,33215,33192,22503,32446,23,50077,49911,34925,48614,166,46449,46383,44948,44948,66,WA-06
399460,283380,37852,33761,9790,26273,4091,118192,106256,63788,50349,11936,77005,70055,49091,26139,6950,50331,47413,42331,7645,2918,116080,28552,13516,28469,21,48360,48268,29410,47895,92,23256,23251,15537,22887,5,15891,15891,15451,15451,0,WV-03
480787,367258,26385,20533,12506,9090,5852,101036,91014,73902,21140,10022,125139,117816,102902,20406,7323,114698,111567,107560,6494,3131,113529,11027,6208,10875,140,44381,44292,29219,43582,89,31263,31236,20681,30763,27,26718,26686,25791,25791,32,WI-01
498093,374177,15805,13304,9256,4812,2501,86663,79688,68033,15497,6975,116915,110925,100400,14767,5990,154794,151714,147321,7160,3080,123916,10061,5728,9941,109,45364,45299,29509,44449,65,34165,34091,21977,33134,74,34217,34202,32872,32872,15,WI-05
491568,384579,19474,14777,9750,5781,4697,79064,71497,59204,15412,7567,113469,107032,94464,16940,6437,172572,168770,164186,7722,3802,106989,8115,4630,8065,199,35370,35200,25090,34504,170,26748,26700,19457,25834,48,36557,36475,35111,35111,82,WI-02
425759,338243,50321,26412,17428,10171,23909,78149,51910,41424,13007,26239,117160,90166,78835,17915,26994,92613,81452,78327,6811,11161,87516,33959,6339,33200,1223,20436,19813,8602,19102,623,17654,17422,9479,16778,232,14244,13994,13090,13090,250,TX-16
536171,452734,40485,21504,18270,3931,18981,75136,54018,49135,6450,21118,118662,100726,95510,8464,17936,218451,203124,200053,6270,15327,83437,8169,2750,7626,805,17755,17144,9115,16350,611,24565,24475,14397,23059,90,32143,31695,29281,29281,448,TX-24
415074,353768,142879,63086,47313,17161,79793,104783,62755,50492,14418,42028,68421,49691,41665,10223,18730,37685,30240,28265,2720,7445,61306,23776,5741,22730,2708,15989,15733,6154,15219,256,11379,11256,5619,10999,123,7454,7244,6710,6710,210,TX-33
477471,361725,58376,33992,27014,8417,24384,111459,80957,70234,14133,30502,114778,94703,87562,12540,20075,77112,71189,69580,3607,5923,115746,22246,8177,22038,399,32149,32005,19596,31116,144,33879,33780,21888,32997,99,27073,27037,25825,25825,36,TX-11
435395,349551,88140,33754,22457,12426,54386,91390,56034,46196,11726,35356,93862,66501,59333,10872,27361,76159,64903,63012,4901,11256,85844,36658,6793,35897,2397,18011,17720,9274,17208,291,15134,15062,8666,14565,72,13644,13290,12727,12727,354,TX-15
452035,353934,68547,38354,26801,12992,30193,97114,69540,58122,14440,27574,102160,83255,73691,15576,18905,86113,80329,78508,5874,5784,98101,34605,8142,34080,1063,22189,21972,10907,21203,217,21401,21258,13149,20526,143,18843,18646,17735,17735,197,TX-23
513110,412205,44690,26343,20094,7052,18347,105879,78243,68210,12814,27636,127587,106391,97388,14481,21196,134049,124808,121915,6409,9241,100905,12397,4138,12213,751,26794,26520,13289,25847,274,31116,30974,17895,30022,142,29847,29623,28315,28315,224,TX-12
528515,416382,49017,25016,20731,5278,24001,100782,75469,64732,14164,25313,124723,104904,96880,12895,19819,141860,134741,132191,5064,7119,112133,14573,5117,14212,423,32457,32066,16675,31102,391,33902,33565,18954,32732,337,30778,30696,28951,28951,82,TX-08
405317,310333,82514,35640,22480,14106,46874,91487,55406,42457,15235,36081,84781,60462,52362,10788,24319,51551,43519,41370,3223,8032,94984,40800,7724,40321,1931,21718,21246,8942,20877,472,17209,16982,9144,16469,227,13326,13100,12259,12259,226,TX-34
463796,386358,84388,42214,27074,16753,42174,107847,74181,56213,21359,33666,110595,89489,75916,18157,21106,83528,76427,73862,4989,7101,77438,18880,4108,18304,1225,21606,21293,7495,20658,313,20400,20326,10102,19455,74,15327,15111,14160,14160,216,TX-30
468997,396824,88822,42761,25157,18774,46061,108079,71582,53168,21299,36497,105954,81422,66175,19199,24532,93969,85857,82515,5271,8112,72173,18705,4376,18084,1928,20384,19825,7074,19268,559,16700,16463,7723,15975,237,14456,14215,13337,13337,241,TX-18
514622,425884,45073,23192,17066,7373,21881,80297,57609,49818,9639,22688,116716,97081,90529,11279,19635,183798,173605,170415,6764,10193,88738,10298,3033,9908,990,18845,18626,8862,17750,219,23929,23694,12527,22656,235,34676,34265,32378,32378,411,TX-02
483565,396421,65383,36705,23668,14974,28678,105646,76935,63225,18047,28711,125180,103290,90531,20358,21890,100212,91997,88218,8919,8215,87144,23526,7094,23125,933,22525,22061,11886,21380,464,22907,22766,13897,21771,141,17253,17075,16359,16359,178,TX-20
526102,427898,29797,18995,14503,5655,10802,92978,73126,62972,15109,19852,148510,129839,119434,22495,18671,156613,149376,145349,11618,7237,98204,10205,5405,9494,686,25189,24748,14958,24200,441,28379,28207,19847,27441,172,33745,33529,32265,32265,216,TX-31
491380,386070,31408,18173,13932,5036,13235,84721,63926,55748,11742,20795,111361,95847,87197,15978,15514,158580,151051,148236,7005,7529,105310,10921,4873,10633,181,26111,25993,15035,25412,118,29458,29291,19364,28537,167,38639,38526,36785,36785,113,TX-25
504755,410654,54116,26878,20935,6768,27238,67894,45360,40113,6898,22534,104934,85713,78778,9435,19221,183710,171562,168753,4946,12148,94101,9245,3120,8672,742,16668,16316,8980,15605,352,25319,25214,15629,24269,105,42127,41836,39092,39092,291,TX-32
544376,417816,26805,15264,11550,4345,11541,73673,55326,48142,10433,18347,118211,99498,92640,12859,18713,199127,186952,183205,9971,12175,126560,9421,4232,9020,403,26254,26000,15987,25319,254,36814,36655,25620,35702,159,53668,53564,51007,51007,104,TX-21
559386,466620,25084,11783,10110,2231,13301,59527,44647,41231,5184,14880,118270,103495,99824,6274,14775,263739,250187,247441,6220,13552,92766,6693,2690,6137,659,17483,16997,9486,16246,486,26162,25882,16196,24572,280,41769,40996,37682,37682,773,TX-03
482114,360899,42969,24721,17210,8827,18248,110560,82274,69585,16785,28286,122383,100492,89478,17624,21891,84987,77880,75320,4682,7107,121215,16656,7361,16308,534,41283,40941,23077,39920,342,36346,36148,22603,35272,198,26396,26319,25207,25207,77,TX-04
430502,326794,49716,28951,22246,7793,20765,97669,71270,59966,14628,26399,109005,90515,81505,14425,18490,70404,65370,63700,4214,5034,103708,17434,7874,17093,399,32310,32201,19901,31645,109,30516,30388,20820,29724,128,23049,22980,22086,22086,69,TX-13
548263,463539,31713,17992,15014,3779,13721,77555,62900,57868,7778,14655,138568,120875,116092,9360,17693,215703,204177,201715,6715,11526,84724,7807,3260,7484,391,20123,19896,10684,19323,227,25488,25425,15644,24579,63,30915,30552,28816,28816,363,TX-26
482233,405094,85644,40243,27462,13843,45401,108587,68770,53792,17864,39817,111221,83761,72800,14879,27460,99642,85732,81529,6505,13910,77139,16334,4111,15481,1496,19909,19057,7073,17812,852,19249,18952,8496,18312,297,20151,19806,17953,17953,345,TX-09
428654,314790,19605,17471,7361,11071,2134,88216,80573,54581,30178,7643,84338,79019,60702,22503,5319,122631,119245,107607,14979,3386,113864,10760,5192,10704,40,34788,34748,20423,34213,40,26605,26526,17046,25732,79,41671,41614,40109,40109,57,VT-00
427798,350143,25563,17162,13356,4778,8401,89788,76273,68074,11461,13515,124507,112919,105346,12897,11588,110285,105975,103354,5778,4310,77655,6315,3230,5909,191,21063,20927,12899,20159,136,27593,27485,19042,26524,108,22493,22426,21456,21456,67,UT-01
466568,392250,32671,19986,16000,4960,12685,91985,75820,68108,10050,16165,139416,125460,118470,11376,13956,128178,121178,118417,5699,7000,74318,6083,2891,5913,437,21121,20876,11714,20115,245,26087,25959,16450,25118,128,20590,20360,19351,19351,230,UT-04
513623,396342,30424,20670,15536,6167,9754,96005,80474,71949,12377,15531,116937,107535,100123,13737,9402,152976,148043,145864,10848,4933,117281,14318,8207,14028,191,33892,33693,24140,32920,199,30714,30580,23890,29319,134,38166,37983,36157,36157,183,VA-01
537908,437393,28558,17687,15397,2947,10871,62419,51037,46313,6408,11382,92651,83902,80293,6491,8749,253765,247221,244960,7991,6544,100515,9485,4758,8951,524,21659,21282,14529,20418,377,20956,20694,15936,19592,262,47891,47370,43906,43906,521,VA-10
495905,353090,35969,25719,16197,11260,10250,102000,83441,67766,19269,18559,108050,97380,85803,16181,10670,107071,102124,99359,5160,4947,142815,28510,13155,28215,223,43774,43696,27846,42889,78,33608,33547,22853,32808,61,36700,36532,35197,35197,168,VA-05
522038,401636,30555,20268,14253,7123,10287,91141,76361,66365,13464,14780,110271,99099,91286,12164,11172,169669,163503,160423,7332,6166,120402,14439,7473,14175,308,32738,32540,22588,31718,198,30539,30467,22482,29481,72,42378,42066,40283,40283,312,VA-07
513209,420761,34895,21087,18197,3758,13808,58789,45583,41602,6142,13206,84909,74650,70697,7382,10259,242168,231935,228331,10574,10233,92448,8305,3774,7728,1051,16014,15487,10281,14337,527,18867,18684,14917,17526,183,48211,47760,44566,44566,451,VA-11
473861,336587,39871,30712,14031,19247,9159,109567,90374,67051,29397,19193,108621,95268,78712,22868,13353,78528,74847,71303,5538,3681,137274,34661,15963,34514,69,47076,46783,26626,46274,293,33085,33028,21620,32322,57,22383,22333,21546,21546,50,VA-09
542220,451114,37227,20242,16172,4933,16985,53052,39164,34931,5481,13888,73846,62903,58471,7720,10943,286989,276178,273110,10498,10811,91106,8363,4121,7728,1072,14911,14367,9727,13395,544,17444,17113,13410,15670,331,49316,48973,44870,44870,343,VA-08
489904,366387,31407,24431,14534,11413,6976,93114,82595,62200,25668,10519,143180,133760,107600,34795,9420,98686,94779,88179,10401,3907,123517,10845,6104,10619,215,34449,34183,21774,33384,266,45890,45769,31031,44717,121,32118,32031,30904,30904,87,WA-03
474435,370528,31342,22697,13527,10687,8645,94038,82737,62428,25494,11301,140552,131479,109161,33553,9073,104596,100490,93539,13462,4106,103907,9180,4813,8948,77,27736,27647,18504,26824,89,34708,34630,25833,33835,78,32206,32128,30720,30720,78,WA-10
433815,335838,71118,41321,22238,21071,29797,88734,71891,51629,25059,16843,105147,95873,76232,25370,9274,70839,67012,62573,6995,3827,97977,15758,6232,15393,985,27110,27028,17172,26292,82,31413,31222,21296,30645,191,22711,22650,21777,21777,61,WA-04
560153,455397,19848,14239,8838,6102,5609,44664,38913,29825,10942,5751,100160,92372,76399,19724,7788,290725,282617,271188,15280,8108,104756,6991,2922,6718,226,14790,14636,8870,14185,154,28340,28240,18366,26928,100,54409,54330,51569,51569,79,WA-07
508485,412367,39003,28862,17432,12420,10141,74782,63627,46295,19979,11155,113741,104565,86267,22648,9176,184841,177603,167473,13344,7238,96118,11851,3666,11322,329,20642,20392,10611,19723,250,26904,26599,16463,25477,305,36392,36163,34281,34281,229,WA-09
492635,396035,33079,24578,16556,9780,8501,88793,79377,64785,18516,9416,128627,121730,106697,21808,6897,145536,141698,136270,8982,3838,96600,8923,4247,8662,351,27104,26988,17678,26472,116,31274,31156,21507,30105,118,28948,28751,27268,27268,197,WA-08
409234,296429,24193,20508,7669,14010,3685,111267,100009,69481,36235,11258,84106,76957,60764,21420,7149,76863,74087,69532,7134,2776,112805,16476,8249,16379,121,50218,49974,32874,49192,244,25512,25468,17666,25117,44,20478,20452,19860,19860,26,WV-01
429210,314802,31544,26299,11319,16589,5245,123703,110780,75983,40956,12923,87987,81707,65385,21186,6280,71568,68927,64488,7274,2641,114408,21259,10135,21162,121,47196,47136,29921,46345,60,23665,23574,16566,23168,91,22167,22055,21287,21287,112,WV-02
458078,337716,19880,14842,8370,7662,5038,100590,91390,74289,21597,9200,123576,115726,100509,21611,7850,93670,90830,86495,7278,2840,120362,12005,7033,11941,178,50697,50626,33754,49980,71,30412,30370,21025,29786,42,27070,27055,26350,26350,15,WI-03
435706,353834,47136,35346,14459,22446,11790,99022,83380,52662,35068,15642,105567,95306,70051,29953,10261,102109,97979,91757,8353,4130,81872,14272,4726,14031,620,26947,26850,13327,26181,97,19247,19229,10367,18765,18,20786,20711,19829,19829,75,WI-04
490558,353576,22748,17060,10226,7921,5688,111788,101034,82013,24414,10754,131366,123000,106493,22409,8366,87674,84905,80999,6338,2769,136982,14716,8575,14634,92,57355,57267,37913,56633,88,35108,35028,23927,34356,80,29711,29662,29031,29031,49,WI-07
475882,350784,20930,16862,11229,6507,4068,107979,100771,85826,19187,7208,120548,114874,102792,16706,5674,101327,99140,95812,5430,2187,125098,12764,7325,12669,81,53773,53704,32995,53078,69,30612,30586,18740,30016,26,27868,27864,26980,26980,4,WI-06
490244,372156,23116,18940,12305,7582,4176,112826,103130,86802,20637,9696,129247,121943,108393,18344,7304,106967,104434,101117,5659,2533,118088,11752,5739,11610,91,52363,52314,29306,51591,49,28925,28910,16867,28240,15,24957,24933,24392,24392,24,WI-08
2275283,1628853,248944,221591,32166,194405,27353,463328,412676,128726,297136,50652,431876,387607,191452,210171,44269,484705,448203,356650,105759,36502,646430,286018,43065,283824,2125,174031,172940,45551,169298,1091,79448,78955,30010,76702,493,104808,103625,93849,93849,1183,PR-98
485948,371155,50303,34869,19878,17100,15434,112656,90662,73209,22141,21994,125478,108997,96517,17507,16481,82718,78847,76348,4930,3871,114793,26485,9534,26332,150,40176,39999,22031,39339,177,28216,28191,17403,27455,25,19766,19753,19158,19158,13,MS-01
473150,358432,42483,28944,15941,15121,13539,98966,78406,60968,21598,20560,117656,101187,88978,17752,16469,99327,94775,92142,5954,4552,114718,21189,7069,21044,186,36359,36238,19584,35651,121,29632,29605,17675,28960,27,27352,27294,26449,26449,58,MS-03
488653,372348,44943,28866,15367,15264,16077,109739,80985,61500,24419,28754,134440,111519,94880,25003,22921,83226,76710,74493,6618,6516,116305,19091,7507,18986,145,38522,38317,21604,37847,205,33789,33763,21802,33131,26,24758,24732,24091,24091,26,MS-04
429809,327932,49409,34157,14646,21736,15252,103674,79128,53773,29624,24546,111509,93133,74817,23897,18376,63340,59234,55430,6363,4106,101877,27962,6830,27620,190,29542,29464,13602,28955,78,23357,23260,12936,22718,97,20826,20750,20279,20279,76,MS-02
475311,353316,16992,14445,6711,8845,2547,86255,77737,57457,25097,8518,99528,92933,75948,22347,6595,150541,145593,139092,9657,4948,121995,12052,6407,11831,56,48979,48909,32230,47936,70,28796,28748,19359,27881,48,32112,32004,30386,30386,108,PA-18
484693,362905,28967,23946,12945,12362,5021,112353,100778,79432,25817,11575,104935,97410,83928,17441,7525,116650,113055,108369,7421,3595,121788,19631,9909,19446,64,49526,49281,32856,48487,245,23134,23109,16100,22523,25,29433,29390,28215,28215,43,PA-07
467866,379241,65327,51544,18639,35341,13783,139388,119252,72084,52616,20136,90234,80982,61744,23954,9252,84292,76661,68922,10028,7631,88625,24322,7958,23576,247,34639,34505,19669,33544,134,15229,15180,9336,14678,49,14188,13957,13406,13406,231,PA-02
509651,376037,12595,10934,6056,5593,1661,85222,78848,62925,20381,6374,104542,98975,86113,17989,5567,173678,170169,165673,8390,3509,133614,11795,7030,11580,51,54300,54277,38700,53222,23,29848,29796,21388,28895,52,37620,37594,35605,35605,26,PA-17
493100,369320,17552,13415,9903,4253,4137,92904,85217,74052,14965,7687,92687,87364,79636,11087,5323,166177,162300,158689,6729,3877,123780,12588,7322,12434,206,44147,44043,31728,42942,104,26226,26154,18944,24974,72,40613,40514,38496,38496,99,PA-01
459517,333234,23683,18750,7961,12017,4933,120901,111574,84401,34166,9327,88368,83194,68762,19756,5174,100282,97615,92756,7987,2667,126283,14085,8032,13959,237,58982,58926,39122,58027,56,25873,25865,18038,25346,8,27106,27085,26250,26250,21,PA-16
472233,342317,27478,23342,11744,12999,4136,118556,107831,81326,32771,10725,103032,95852,80383,21022,7180,93251,89853,84458,8181,3398,129916,16413,9092,16248,219,57977,57726,39012,56583,251,29207,29116,21906,28398,91,26100,26090,25086,25086,10,PA-08
486924,367996,27904,23713,13616,11475,4191,114068,103549,84312,24022,10519,99492,93410,82153,16075,6082,126532,122380,118213,7274,4152,118928,15163,8695,14901,114,50099,49990,35626,48861,109,23643,23617,17782,22896,26,29909,29841,28577,28577,68,PA-10
476994,338600,29259,22241,13438,10561,7018,146115,133516,107392,33640,12599,89937,84388,72623,16595,5549,73289,70864,67350,5793,2425,138394,20039,12068,19804,474,67696,67359,47346,66300,337,26095,26073,19531,25428,22,24090,24059,23451,23451,31,PA-13
484343,359211,42015,27651,18032,11447,14364,126434,114805,98224,21763,11629,90358,83764,74312,13485,6594,100404,96761,92998,5877,3643,125132,21137,11623,20777,1434,51407,51078,33653,49666,329,23164,23101,15595,22564,63,27990,27946,27255,27255,44,PA-11
476046,345835,28944,23254,14364,10484,5690,139440,128773,106754,28654,10667,94929,88957,76846,16737,5972,82522,80309,76840,5879,2213,130211,20385,12124,20081,192,64937,64677,44941,63729,260,23863,23848,16775,23247,15,20834,20813,20255,20255,21,PA-09
492719,371264,14738,11371,7669,4566,3367,78732,72328,61630,14449,6404,84478,79995,72232,10627,4483,193316,189563,185096,7350,3753,121455,11134,7042,10893,75,38989,38913,27544,37826,76,25155,25111,18639,24257,44,46102,45983,43610,43610,119,PA-04
460442,328586,22406,17707,9023,10060,4699,143089,132903,103739,37185,10186,87947,83404,71079,17846,4543,75144,73056,69244,6461,2088,131856,17612,10203,17449,66,70727,70567,48099,69618,160,22992,22962,16354,22537,30,20459,20451,19790,19790,8,PA-15
470784,360216,25643,20923,11074,11235,4720,101432,90742,67614,28519,10690,88725,81935,67909,18060,6790,144416,139442,133171,8649,4974,110568,13659,6762,13347,141,41499,41248,26038,39986,251,20930,20904,15021,20028,26,34339,34204,32226,32226,135,PA-05
478618,378450,33974,28816,11584,20147,5158,96949,84366,47522,42394,12583,86539,77420,55310,26971,9119,160988,154271,145552,12011,6717,100168,19641,7623,19196,286,33719,33455,16192,32834,264,19522,19449,11569,18928,73,27000,26967,25759,25759,33,PA-03
501691,371656,38241,25106,14834,11469,13135,113213,90899,73235,21950,22314,123257,105121,92072,19534,18136,96945,91146,87895,6165,5799,130035,16437,7075,16278,262,47601,47427,25917,46778,174,38646,38586,22951,37896,60,27089,27049,26204,26204,40,MO-07
493086,372827,25219,17512,11269,7096,7707,114541,97715,84443,18100,16826,114017,103065,94455,13398,10952,119050,115136,112734,5402,3914,120259,14179,7676,13941,277,49906,49757,31711,49024,149,30067,30028,20853,29501,39,25830,25812,24623,24623,18,MO-06
481990,351809,47178,33256,15911,19296,13922,129397,104211,78676,31763,25186,111688,95598,79736,22100,16090,63546,59746,57094,4572,3800,130181,28881,12676,28808,239,54014,53833,30819,53302,181,29245,29086,18706,28698,159,17802,17758,17245,17245,44,MO-08
518541,397051,30484,22439,15626,7874,8045,115492,99985,88599,16065,15507,135168,122701,113120,14350,12467,115907,112083,109883,4635,3824,121490,15791,8034,15628,88,48656,48555,28014,47626,101,31339,31312,19469,30655,27,25616,25563,24537,24537,53,MO-03
473600,352623,32123,21874,13372,10123,10249,112781,92631,76406,21455,20150,111969,98317,85124,20254,13652,95750,91151,88012,6174,4599,120977,16049,8034,15927,454,48292,48107,29122,47528,185,30747,30695,20098,30316,52,25435,25367,24628,24628,68,MO-04
698847,512864,28309,21651,11224,11925,6658,141388,116993,89433,34313,24395,173246,151583,126642,35465,21663,169921,160178,150971,14912,9743,185983,15161,7598,15020,124,58568,58381,35168,57718,187,55450,55268,34515,54173,182,56680,56573,55089,55089,107,MT-00
388587,279644,25366,18355,14620,4829,7011,78785,67003,59147,10941,11782,108159,97086,89370,12108,11073,67334,64395,62659,3534,2939,108943,11377,6102,11181,180,42633,42538,27494,41791,95,33408,33296,21810,32537,112,21345,21321,20574,20574,24,NE-03
451630,358050,83633,50844,34825,17914,32789,116092,88441,64817,27441,27651,103929,86611,63710,26963,17318,54396,47017,39902,8814,7379,93580,17021,4960,16377,1537,28674,28058,11421,26831,616,27765,27497,12767,26395,268,18583,18208,17350,17350,375,NV-01
564397,435983,27210,21993,16525,6273,5217,107004,93674,78426,19125,13330,155467,139591,123335,22462,15876,146302,138289,131316,11390,8013,128414,10941,4346,10482,605,35308,34956,16694,33838,352,41539,41216,22770,39777,323,40021,39633,37969,37969,388,NV-03
482123,362148,42966,30781,22007,10131,12185,94284,80124,62697,21463,14160,128788,115485,99464,22972,13303,96110,91594,87486,7248,4516,119975,11558,4763,11131,374,29486,29373,15768,28681,113,43569,43346,26666,42193,223,34988,34855,33522,33522,133,NV-02
461832,345224,19817,16143,9988,7198,3674,93335,81778,65745,19495,11557,101128,92722,81226,15406,8406,130944,127013,122184,7975,3931,116608,11481,5843,11380,32,35442,35230,22275,34547,212,29864,29789,20466,28908,75,39789,39703,37690,37690,86,NH-02
484339,374962,30494,23897,12481,13082,6597,106424,95048,72148,27616,11376,108973,100283,83783,21514,8690,129071,124958,118544,9007,4113,109377,16522,8121,16298,241,42056,41938,27073,40817,118,23021,22832,15831,21855,189,27537,27285,25651,25651,252,NJ-01
483055,391019,42809,30691,15240,16789,12118,116925,92763,60569,35868,24162,105473,89876,68007,24583,15597,125812,115398,105744,12084,10414,92036,22786,7407,22088,909,30632,29954,13701,28549,678,16253,15974,8726,14840,279,21456,21323,19623,19623,133,NJ-10
498922,375196,17295,12521,8782,4450,4774,75892,67174,57859,11885,8718,86337,80733,73659,9574,5604,195672,188929,183433,8077,6743,123726,12768,5964,12396,284,37979,37564,22657,36513,415,25287,25236,16822,24393,51,47408,47023,44151,44151,385,NJ-05
502338,387273,16484,11728,8749,3571,4756,69287,60000,52438,10102,9287,78728,73550,66655,9123,5178,222774,217894,213186,7361,4880,115065,10838,5825,10474,432,32932,32668,21043,31669,264,22221,22148,15398,21207,73,48642,48375,45275,45275,267,NJ-07
505502,395172,45664,29299,15263,14899,16365,118253,90089,63738,28836,28164,85995,73543,60785,14999,12452,145260,133072,123658,11012,12188,110330,25147,7967,24198,692,39102,38233,16920,36369,869,17348,17204,10135,16198,144,28041,27392,25248,25248,649,NJ-09
479318,381187,36261,24755,15850,10053,11506,92398,78460,63908,17859,13938,87951,80403,70812,12383,7548,164577,157802,150982,9235,6775,98131,16749,6185,16159,555,32951,32699,19962,31546,252,18536,18394,12277,17320,142,29340,29033,27443,27443,307,NJ-06
499814,385361,33538,20006,12441,8503,13532,82674,68670,54577,17246,14004,79702,72738,62978,12710,6964,189447,182538,176697,8263,6909,114453,14198,6583,13484,425,35092,34609,20907,33561,483,21397,21267,14282,20527,130,43341,43085,40034,40034,256,NJ-12
465669,353673,39986,27343,11526,17217,12643,84592,72413,45398,31513,12179,112416,101218,73821,34378,11198,116679,112129,100830,15611,4550,111996,13009,4064,12687,543,26533,26376,12882,25827,157,30972,30792,17871,29932,180,40939,40743,38957,38957,196,NM-01
454567,334557,40045,27418,10136,18777,12627,92015,73227,44439,33537,18788,115697,101026,72906,35309,14671,86800,82063,75097,10502,4737,120010,17753,4854,17564,526,29233,28986,14555,28376,247,32627,32298,17912,31342,329,39871,39722,38286,38286,149,NM-03
476436,373045,37404,31561,20967,12599,5843,100170,91383,74766,21431,8787,106924,101530,89702,16793,5394,128547,124759,118110,9714,3788,103391,14364,7434,13866,276,42311,42148,28363,40689,163,23922,23861,17571,22737,61,22518,22336,21090,21090,182,NY-02
475182,359162,30917,28433,11222,19414,2484,76300,71144,47766,27314,5156,106226,101005,79897,26690,5221,145719,142343,133143,12599,3376,116020,14956,7535,14522,114,34037,34006,23318,33157,31,28412,28331,19848,27666,81,38501,38436,37146,37146,65,NY-25
503759,362529,19618,15205,9621,6745,4413,56696,51473,41879,11952,5223,74420,70260,62718,9853,4160,211795,206200,196071,13106,5595,141230,13371,6457,12774,351,38134,37935,23339,36754,199,28476,28385,19785,27011,91,60898,60679,57093,57093,219,NY-03
511786,400271,38331,30736,11479,21066,7595,53812,47437,25979,24045,6375,47555,43009,30833,14071,4546,260573,250800,235470,18899,9773,111515,21753,5802,21242,159,18925,18678,7003,17952,247,16558,16405,8157,15567,153,54120,53595,49525,49525,525,NY-10
514980,421043,87909,71062,22642,52892,16847,96420,81241,40641,44511,15179,92372,83135,50326,36643,9237,144342,134213,115425,21870,10129,93937,41609,7530,40892,909,21334,21046,7194,20113,288,12481,12377,5558,11757,104,17604,17471,16109,16109,133,NY-13
475033,358555,29444,27048,9100,19823,2396,92854,86795,56188,36081,6059,113497,107827,79377,34398,5670,122760,119121,108324,14313,3639,116478,16692,8206,16362,89,40658,40612,27077,40095,46,30384,30373,21127,29604,11,28655,28589,27319,27319,66,NY-26
492710,388034,42507,35872,15218,23277,6635,96637,81402,47710,36873,15235,86670,77810,53696,27622,8860,162220,153466,135726,20388,8754,104676,24851,6946,24139,632,31385,30921,11851,28869,464,18667,18587,9719,17092,80,29141,28995,26539,26539,146,NY-09
485848,361967,26593,20639,12432,9755,5954,93151,84686,69170,20213,8465,105476,99758,88485,15616,5718,136747,132136,125741,9166,4611,123881,12452,6977,12176,241,41211,41129,27146,40076,82,29595,29529,21883,28525,66,40382,40250,38365,38365,132,NY-01
478531,395633,87272,68055,22843,49335,19217,91544,77565,42552,38968,13979,66074,58127,40160,20953,7947,150743,139986,124649,17581,10757,82898,39786,7165,39072,850,20401,20088,6408,19012,313,7969,7860,3639,7410,109,13892,13709,12679,12679,183,NY-07
475476,360269,38209,26315,13990,13266,11894,65357,56362,40080,18856,8995,79473,73056,60113,15651,6417,177230,171190,162223,12403,6040,115207,14461,6829,13992,352,29449,29281,18812,28257,168,22779,22693,15860,21867,86,48166,48013,45508,45508,153,NY-17
524767,401760,54438,39629,19527,21994,14809,97748,79224,53462,28922,18524,90957,80356,62878,20113,10601,158617,146865,129783,19726,11752,123007,31024,7363,30297,1197,35460,34783,13720,33279,677,21558,21279,11079,19999,279,33768,33423,31356,31356,345,NY-06
509893,404423,61474,49811,24010,28005,11663,114024,100489,67395,36878,13535,116248,105822,81045,28691,10426,112677,105446,90395,17367,7231,105470,28101,7819,26689,795,33918,33397,15752,30994,521,21270,21033,11460,19289,237,21386,21034,19196,19196,352,NY-05
495820,373464,45953,37548,19793,21044,8405,79592,68573,48066,25356,11019,88101,80735,63062,22031,7366,159818,153416,142017,15187,6402,122356,26878,10927,26110,446,32268,31941,18507,30667,327,21427,21293,13493,20366,134,41337,41115,38035,38035,222,NY-16
497592,381468,41468,33429,15789,19076,8039,99569,90350,65272,28870,9219,91368,86067,70697,18464,5301,149063,141876,126152,18980,7187,116124,24517,7112,23870,445,41422,41167,19650,39792,255,20339,20181,11558,19109,158,29401,29310,27403,27403,91,NY-11
437046,364313,109902,88555,26908,69267,21347,104063,87541,41074,53159,16522,95973,85526,45535,45994,10447,54375,49065,34211,17476,5310,72733,37747,8234,36924,1009,18267,17947,6305,17245,320,9449,9294,4359,8764,155,6261,6080,5776,5776,181,NY-15
452057,329506,27875,22244,9611,14226,5631,105923,97630,66649,37077,8293,104057,98621,77611,27066,5436,91651,89488,82407,9880,2163,122551,14340,7358,14230,162,45987,45939,30118,45250,48,32121,32084,21811,31469,37,29941,29891,28735,28735,50,NY-23
519646,409601,50456,44122,17658,29708,6334,114366,101839,62306,44585,12527,95893,87741,62454,29395,8152,148886,139932,123524,19281,8954,110045,27090,7788,26243,618,37831,37352,14573,35402,479,18643,18489,9018,17598,154,25863,25694,23958,23958,169,NY-08
549142,437571,17821,15223,6331,9717,2598,36059,31711,21028,12696,4348,47602,43440,34608,10518,4162,336089,322561,310979,15042,13528,111571,13732,3510,13462,201,17981,17801,8481,16843,180,16778,16632,8501,15828,146,62879,62659,57313,57313,220,NY-12
463598,356692,26761,22301,11657,12089,4460,89171,80528,62003,22807,8643,104378,97844,83194,19748,6534,136382,132677,125275,10649,3705,106906,13302,6741,13038,97,33178,33104,20544,32258,74,26358,26253,18836,25214,105,33971,33902,31999,31999,69,NY-18
484592,367434,50618,31814,17290,16941,18804,98460,76728,57896,24091,21732,106038,90924,76008,20891,15114,112318,106254,102433,7344,6064,117158,26207,9412,25984,450,36089,35920,21035,34977,169,27226,27055,17806,26290,171,27186,27145,25884,25884,41,NC-01
535668,385280,46897,28355,16483,14087,18542,103644,80903,61453,24602,22741,131968,112555,95997,24656,19413,102771,96176,92656,7687,6595,150388,20572,9525,20102,381,47204,47059,28457,46685,145,42645,42429,29778,41728,216,39586,39525,38757,38757,61,NC-07
541276,429815,33628,19899,12245,9001,13729,91275,74845,61381,18056,16430,136511,121340,110358,18125,15171,168401,161347,158179,7972,7054,111461,16989,7618,16758,288,34244,33939,21516,33515,305,30529,30371,21070,29608,158,29411,29349,28418,28418,62,NC-02
513681,384087,51076,32312,21206,13118,18764,104645,84814,69261,20476,19831,128658,112125,98565,19181,16533,99708,95026,91803,6293,4682,129594,22587,9747,22325,346,43327,43155,23355,42363,172,34138,34083,21038,33353,55,29196,29106,28031,28031,90,NC-06
464420,339508,34497,22032,12832,10892,12465,93842,74253,59023,21689,19589,128089,110965,96204,24529,17124,83080,78811,76389,7184,4269,124912,18617,9485,18342,224,39115,39019,25872,38421,96,36635,36541,26944,36066,94,30321,30278,29437,29437,43,NC-03
518649,384959,46239,32205,18798,15700,14034,109929,87527,70474,22656,22402,129948,112079,98586,19832,17869,98843,93001,89473,6213,5842,133690,23024,9753,22841,91,42901,42817,23624,42269,84,37164,37007,21949,36428,157,30510,30445,29639,29639,65,NC-10
547415,454891,31328,15134,10663,5431,16194,58294,43788,36714,9423,14506,104285,90218,81216,13973,14067,260984,250209,245341,9549,10775,92524,8854,3929,8477,246,19347,19130,11887,18735,217,22646,22512,14922,21867,134,41431,41291,39249,39249,140,NC-04
501502,369720,46012,28518,17527,12638,17494,99437,78706,63781,19255,20731,119995,103466,91637,17729,16529,104276,98636,95546,5849,5640,131782,22946,11750,22770,326,44047,43959,26922,43317,88,33218,33110,21188,32509,108,31245,31113,30117,30117,132,NC-05
537081,371303,46272,28889,15961,14946,17383,102541,79856,63585,20579,22685,127927,106969,92313,21770,20958,94563,87640,84014,7036,6923,165778,24432,11562,24182,211,50600,50514,29804,50041,86,44694,44599,28427,43946,95,45841,45761,45083,45083,80,NC-11
481673,369931,36400,24306,15139,11014,12094,95027,76490,61376,19906,18537,134728,117990,100757,29467,16738,103776,98608,94450,10621,5168,111742,16922,7917,16761,175,36198,36006,22110,35216,192,32700,32645,21892,32087,55,25747,25699,25010,25010,48,NC-08
551865,470984,49979,24894,16979,8919,25085,80816,59504,48164,14170,21312,138617,116287,102731,18449,22330,201572,188610,183461,8885,12962,80881,11841,4619,11394,569,21819,21502,10808,20774,317,23435,23203,13668,22576,232,23217,22854,21683,21683,363,NC-12
469073,366163,26297,21000,9014,12815,5297,96727,86165,64011,25452,10562,103526,96335,77737,22478,7191,139613,135544,130021,7944,4069,102910,13769,6113,13623,116,34737,34573,19683,33511,164,24933,24843,14986,24081,90,29355,29298,28021,28021,57,OH-01
482047,354854,37354,23824,13979,11241,13530,129229,116895,91805,30441,12334,108319,101664,84099,22207,6655,79952,77611,74587,4851,2341,127193,17269,9463,16950,1061,59174,58944,37355,57887,230,28073,28053,18804,27315,20,21616,21528,20314,20314,88,OH-07
494193,357893,22565,16686,10005,7660,5879,96403,87296,70304,20222,9107,101604,95992,83931,15764,5612,137321,134805,130221,6824,2516,136300,14257,7607,13933,250,48707,48570,29582,47421,137,35895,35837,23608,34735,58,37191,37124,35342,35342,67,OH-14
485874,406688,45113,33110,11641,22752,12003,116232,96696,63931,36296,19536,123586,109423,82469,31562,14163,121757,115034,106376,10908,6723,79186,12755,4485,12606,324,28776,28373,15424,27541,403,20296,20158,12178,19316,138,17035,16715,15487,15487,320,OH-03
471797,350847,26957,22449,9363,14060,4508,90008,79497,55533,28128,10511,123868,113097,88408,30527,10771,110014,105963,100654,9464,4051,120950,15514,6877,15292,184,40478,40411,22797,39754,67,32721,32664,19828,31662,57,32053,31960,30444,30444,93,OH-10
473686,353619,19296,15953,8632,8117,3343,114191,104803,85866,23882,9388,117757,110898,95708,19712,6859,102375,99821,95899,5513,2554,120067,13654,8268,13576,77,51628,51580,36700,50755,48,28992,28964,20916,28313,28,25716,25629,24496,24496,87,OH-05
474170,348019,28664,23717,9928,14919,4947,125191,111145,75889,40499,14046,108562,100779,75541,29983,7783,85602,82065,75791,8123,3537,126151,16869,8044,16749,187,55777,55648,31011,54679,129,28566,28487,17689,27628,79,24752,24678,23412,23412,74,OH-13
494895,384960,26007,22212,10375,13149,3795,113130,101992,76515,30322,11138,108487,101366,84166,21698,7121,137336,133732,128344,8264,3604,109935,14955,7154,14724,330,45140,44985,28007,44002,155,23035,22929,14814,22290,106,26475,26409,25094,25094,66,OH-15
464473,356025,40711,34517,12557,23312,6194,110412,97880,64228,37688,12532,119686,109158,79577,34963,10528,85216,81795,75508,8190,3421,108448,19098,8827,18886,122,40671,40537,25260,39913,134,27745,27668,17904,26845,77,20812,20637,19863,19863,175,OH-09
512175,396678,20872,17269,8464,9705,3603,89773,79925,61036,22473,9848,105713,98121,84157,18148,7592,180320,175316,170563,7776,5004,115497,11435,6226,11309,241,40867,40752,24445,39952,115,27058,26987,18124,26224,71,35896,35693,33467,33467,203,OH-12
481526,348030,44631,27182,14441,14399,17449,129314,91632,69844,26897,37682,112499,88509,73213,21170,23990,61586,55798,52940,5503,5788,133496,24004,10050,23749,351,48767,48529,26625,47984,238,36386,36213,22105,35737,173,23988,23914,23417,23417,74,OK-02
478800,361177,39892,25222,18300,7914,14670,122319,94789,78995,20030,27530,113594,95216,85020,15365,18378,85372,79935,77682,4957,5437,117623,15092,7777,14730,129,42393,42291,25565,41623,102,33691,33581,22991,32811,110,26318,26267,25381,25381,51,OK-03
485618,373934,32630,21713,14711,8072,10917,117072,91851,77184,20495,25221,124762,107087,96604,18448,17675,99470,93205,90670,7618,6265,111684,14730,7260,14354,366,38042,37875,24036,37194,167,32715,32597,23440,31650,118,25831,25812,25006,25006,19,OK-04
567540,447617,35552,25954,16042,11498,9598,78793,69431,53915,19684,9362,137868,127815,108035,27217,10053,195404,189622,181052,13680,5782,119923,8357,4115,7907,195,27230,27080,16176,26195,150,40116,39993,25911,38616,123,44025,43950,41884,41884,75,OR-01
549243,407409,43811,31892,18765,14792,11919,92105,80659,59848,25827,11446,142295,131322,106288,33062,10973,129198,124676,117326,11536,4522,141834,11377,5944,11115,325,35276,35183,22626,34613,93,49700,49539,32489,48590,161,45156,45096,43364,43364,60,OR-05
556244,392401,42658,33256,16650,18788,9402,103305,89699,60574,34995,13606,146803,130813,97704,43098,15990,99635,94394,85361,12806,5241,163843,15716,7853,15618,281,46932,46709,28448,46217,223,56559,56293,35582,55307,266,44355,44254,43055,43055,101,OR-02
353334,266097,19131,16481,8796,8926,2650,71369,66340,49118,20737,5029,78016,74139,61758,16145,3877,97581,95164,90650,7183,2417,87237,11960,5376,11873,149,28964,28903,15709,28052,61,20094,20094,13247,19307,0,26070,26029,24691,24691,41,RI-02
534016,396208,26888,17565,11947,7377,9323,88527,69697,57871,16761,18830,121747,106229,95646,18425,15518,159046,151301,146792,10622,7745,137808,10478,5171,10294,81,33150,32882,21087,32215,268,37777,37627,26868,36989,150,56322,56232,54611,54611,90,SC-01
476400,363889,40514,25507,14566,12866,15007,87675,69049,56160,16485,18626,113114,99324,87919,16829,13790,122586,115845,112808,6036,6741,112511,19001,7141,18860,135,31913,31811,17428,31188,102,30024,29951,18109,29394,73,31438,31298,30272,30272,140,SC-04
473558,357492,39355,27446,16064,13487,11909,107019,86695,69833,21552,20324,118761,105774,93569,19430,12987,92357,88178,85332,6513,4179,116066,20925,9382,20744,85,39856,39767,23004,39051,89,30380,30239,20247,29582,141,24820,24792,24269,24269,28,SC-05
466302,357402,30400,17894,10489,8487,12506,92122,74778,60348,18885,17344,110113,98413,87222,18125,11700,124767,119195,115857,8236,5572,108900,13848,5944,13672,198,31456,31407,19591,30930,49,29192,29062,20696,28310,130,34206,34080,33068,33068,126,SC-02
546967,411887,28983,19126,12699,7402,9857,115291,94767,82256,17378,20524,142261,126421,115361,18100,15840,125352,119660,116926,7383,5692,135080,14110,7023,13835,146,49164,49079,29791,48310,85,37290,37184,23678,36426,106,34370,34340,33051,33051,30,SD-00
495168,355095,43383,30531,14077,18865,12852,131597,105373,76724,35708,26224,104011,91214,74320,24034,12797,76104,71434,67124,7082,4670,140073,29166,13214,29063,135,51219,51058,27736,50239,161,34187,34162,20842,33716,25,25366,25329,24631,24631,37,TN-01
507413,414454,44126,27003,16172,12708,17123,94393,72668,57503,19039,21725,105756,90887,77673,17364,14869,170179,160291,154626,9354,9888,92959,13199,5504,12749,525,27935,27692,14881,27249,243,22918,22783,13168,21773,135,28382,28291,26726,26726,91,TN-05
483832,373996,32323,23595,13323,12019,8728,112924,94060,73076,27784,18864,104063,94255,80085,22709,9808,124686,120449,116504,9017,4237,109836,20457,9003,20283,195,38715,38609,22311,38107,106,24928,24906,15839,24317,22,25541,25499,24516,24516,42,TN-07
496319,368396,32663,22267,11497,12215,10396,103991,86522,66592,24398,17469,110346,97382,84139,18713,12964,121396,115979,112293,6465,5417,127923,19013,7846,18821,150,41712,41519,24790,40906,193,32226,32147,21158,31345,79,34822,34725,33355,33355,97,TN-02
431519,349165,43730,26144,12974,15638,17586,108795,81395,58860,28525,27400,107835,91715,72998,24699,16120,88805,82758,78343,7353,6047,82354,16418,5862,16190,430,25517,25222,12361,24590,295,21973,21824,13183,20846,149,18016,17979,17025,17025,37,TN-09
422430,338709,82142,37106,24090,14359,45036,96865,61702,49889,14810,35163,91250,69060,61844,12103,22190,68452,59635,57754,5212,8817,83721,32172,6973,31802,1884,19085,18660,9890,18171,425,17180,17132,10285,16740,48,13400,13193,12370,12370,207,TX-28
448320,333414,53263,29205,19566,10683,24058,94481,67119,53022,17359,27362,115246,93708,82933,15478,21538,70424,64703,62400,4547,5721,114906,17473,7345,17303,542,33467,33283,19784,32879,184,36229,36171,23608,35179,58,27195,27136,26275,26275,59,TX-01
510621,424650,47170,21660,16026,6612,25510,67354,45264,38304,8656,22090,99793,79825,73733,8851,19968,210333,195445,191430,7374,14888,85971,7105,2062,6753,1103,13366,12950,5942,12411,416,21001,20617,11523,19700,384,43396,43060,39996,39996,336,TX-07
488954,399839,43742,24950,20002,6010,18792,94432,72186,62458,12434,22246,137946,116755,107952,14861,21191,123719,114784,111814,6520,8935,89115,11731,4195,11473,564,24323,24148,12514,23416,175,27079,26891,15348,25981,188,25418,25185,23758,23758,233,TX-06
451625,359919,45698,25701,18492,8301,19997,86361,65233,53954,14664,21128,109552,93169,83786,14523,16383,118308,111625,109306,4973,6683,91706,13736,6546,13330,582,26289,26155,16281,25663,134,25541,25462,18003,24555,79,25558,25370,23948,23948,188,TX-17
464290,362017,52337,28834,20162,10177,23503,115699,83263,69957,17146,32436,123864,103018,93460,14989,20846,70117,64896,62622,3734,5221,102273,17942,6567,17702,841,35053,34772,17589,34187,281,28365,28238,16889,27396,127,20072,20016,19137,19137,56,TX-36
375276,286228,18026,11147,7989,3709,6879,80598,64223,56114,11069,16375,107824,93420,85689,12540,14404,79780,74848,72679,4781,4932,89048,7010,4045,6915,61,27809,27724,16898,27233,85,29641,29556,19458,28829,85,24527,24492,23822,23822,35,WY-00
484321,344048,18731,16628,8254,9701,2103,121988,112734,86995,32918,9254,99506,94149,79446,19890,5357,103823,101605,97421,6828,2218,140273,15378,9293,15188,57,67642,67573,46806,66413,69,28522,28462,20287,27701,60,28674,28644,27747,27747,30,PA-14
475659,364119,30794,21947,12646,10079,8847,80826,72716,58909,17163,8110,78431,73353,63768,12755,5078,174068,170466,165864,7254,3602,111540,12502,5814,12252,104,35092,34948,23606,33844,144,22290,22229,15825,21436,61,41552,41395,39270,39270,157,PA-06
453540,325832,28395,20218,12163,9434,8177,131946,120026,96352,30989,11920,82427,76891,65873,15816,5536,83064,80615,77065,6019,2449,127708,17817,10655,17640,573,61395,61238,43027,60195,157,23542,23514,17156,23122,28,24381,24365,23559,23559,16,PA-12
527954,389302,14108,10691,7778,3423,3417,59551,52648,47741,6776,6903,104992,98353,93080,8371,6639,210651,206532,203704,5759,4119,138652,9194,4357,9029,163,37217,37042,21295,36261,175,37393,37316,22677,36479,77,54685,54584,51794,51794,101,MO-02
473866,378081,35087,26064,13072,14988,9023,93403,75701,55565,24183,17702,120730,104980,87594,22962,15750,128861,122104,118078,6738,6757,95785,16062,5583,15960,252,29336,29189,13840,28650,147,25368,25111,13322,24255,257,24767,24684,23341,23341,83,MO-01
505014,392972,37357,23856,14242,10730,13501,114334,91710,74864,21170,22624,123206,105237,92156,18629,17969,118075,111555,108532,5652,6520,112042,13014,6206,12793,444,40716,40458,24486,39606,258,30948,30861,19434,29836,87,26920,26879,25686,25686,41,MO-05
393806,300352,21084,14477,11149,4053,6607,69623,59003,51913,9810,10620,108015,98194,90921,11716,9821,101630,98454,96494,5130,3176,93454,7938,4424,7693,164,33637,33588,21843,33027,49,26624,26584,18450,25862,40,25091,25015,24035,24035,76,NE-01
416963,337202,28505,18483,13650,5563,10022,63469,51757,44493,9369,11712,101154,90546,83537,11271,10608,144074,139294,136970,5867,4780,79761,5987,2309,5837,243,24000,23923,13017,23439,77,23990,23981,14880,23297,9,25541,25423,24026,24026,118,NE-02
473217,362357,51328,34441,23249,12678,16887,108195,90607,69367,25448,17588,125691,113645,94389,27155,12046,77143,72910,67649,9310,4233,110860,13699,4925,13332,808,32878,32553,16314,31655,325,38323,38204,21558,37047,119,25152,24977,24051,24051,175,NV-04
466542,355467,20646,16611,9448,8144,4035,89637,77878,63195,18133,11759,106557,97307,86003,15247,9250,138627,133500,128984,8061,5127,111075,10033,5247,9897,68,33743,33726,23356,32881,17,29264,29235,20604,28360,29,37967,37879,36218,36218,88,NH-01
504114,364803,17994,14401,9014,6206,3593,101173,90994,75865,20034,10179,107636,101159,89080,17065,6477,138000,133558,128424,8700,4442,139311,15250,8910,14877,124,54178,54116,39520,52761,62,32858,32774,24470,31541,84,36901,36755,35450,35450,146,NJ-03
487702,353089,21292,13950,8680,6012,7342,80350,70132,57446,16139,10218,92106,85645,74408,15335,6461,159341,153733,145578,11269,5608,134613,12516,7086,12349,158,46740,46532,32212,45696,208,30465,30390,21559,29463,75,44734,44585,42610,42610,149,NJ-04
478014,349963,37584,26896,14193,14380,10688,111550,98036,75495,27464,13514,99824,91449,76522,19792,8375,101005,96747,91293,7780,4258,128051,20370,9467,20197,228,48159,47687,31660,46939,472,28070,28041,19530,27402,29,31224,31032,29844,29844,192,NJ-02
505891,379182,12687,9641,7231,2859,3046,66213,58869,50936,9980,7344,74501,70133,63857,8262,4368,225781,219679,213958,8194,6102,126709,11609,5949,11323,347,38165,37837,23489,36599,328,22802,22670,15607,21689,132,53786,53441,50391,50391,345,NJ-11
509686,430338,71068,40592,22849,19322,30476,117233,85122,57459,30322,32111,83044,67580,51913,17562,15464,158993,146764,138313,9979,12229,79348,30305,8497,29510,1375,25224,24525,9996,23183,699,9398,9204,4683,8670,194,13046,12773,11605,11605,273,NJ-08
426156,310612,52782,38690,14471,26192,14092,92440,77708,47461,35643,14732,102133,91261,64114,34093,10872,63257,59294,52027,10271,3963,115544,25790,7450,25477,536,31351,31194,17804,30502,157,31071,30848,19474,30230,223,26796,26675,25972,25972,121,NM-02
478053,361694,25012,22542,10053,14128,2470,80074,73390,53448,24794,6684,108480,103436,86439,22253,5044,148128,144630,136786,10942,3498,116359,12464,6913,12250,86,37713,37668,27804,36854,45,28188,28142,21910,27218,46,37908,37810,36085,36085,98,NY-20
455597,335906,28668,24412,10335,15655,4256,114372,105144,74598,36943,9228,107789,102359,82681,26232,5430,85077,82820,77069,8624,2257,119691,16044,8640,15908,64,45755,45676,30883,45014,79,29881,29845,22011,29337,36,27947,27933,27395,27395,14,NY-21
484509,366322,34529,26450,17147,11105,8079,75947,67842,54636,16613,8105,87014,81290,71981,12668,5724,168832,163640,155506,11230,5192,118187,15207,6957,14689,240,38322,38122,25333,36598,200,24595,24436,17485,23030,159,39823,39692,36981,36981,131,NY-04
454913,331911,30389,26735,11401,17293,3654,102698,95532,66126,35045,7166,109206,103796,83330,26473,5410,89618,87570,80332,9928,2048,123002,15033,7177,14863,54,47824,47741,30147,46993,83,33006,32960,23253,32352,46,27085,27009,26162,26162,76,NY-22
481714,345975,28419,23971,12040,13380,4448,105167,96053,71220,29991,9114,105295,98105,80391,22943,7190,107094,103029,94362,11716,4065,135739,16457,8302,16247,137,46005,45888,29760,44900,117,33727,33636,23745,32595,91,39413,39355,37939,37939,58,NY-19
491470,360904,17519,15548,8343,8666,1971,97652,91361,72813,23830,6291,121164,116364,99076,23630,4800,124569,122095,115615,10024,2474,130566,13277,7934,13205,11,50491,50433,35957,49575,58,33676,33627,24444,33001,49,33111,33074,32043,32043,37,NY-27
475387,382060,71815,49712,25026,29592,22103,112187,86933,54609,38213,25254,85058,75699,56115,24311,9359,113000,105051,90895,17450,7949,93327,31803,9978,30830,760,31400,31045,12215,29891,355,13864,13775,6886,13042,89,15500,15296,14151,14151,204,NY-14
466388,351456,29168,25489,11875,16290,3679,92859,86153,63247,29158,6706,113389,107365,87556,26588,6024,116040,113568,106704,10302,2472,114932,14675,7493,14572,64,39349,39242,25612,38405,107,29925,29911,21363,29170,14,30919,30834,29721,29721,85,NY-24
512170,389027,42666,27662,17937,11316,15004,99045,80276,66198,18636,18769,128059,111178,97114,20505,16881,119257,113067,109235,7570,6190,123143,19353,8047,19164,246,39590,39395,21190,38773,195,32943,32866,20017,32138,77,31011,30910,29939,29939,101,NC-13
504536,389874,40999,26071,14675,13026,14928,88395,70749,55723,19632,17646,114268,100343,87214,19255,13925,146212,140714,137955,6417,5498,114662,19038,7563,18842,251,32829,32684,18795,32092,145,31368,31258,20573,30571,110,31176,31075,29885,29885,101,NC-09
470243,363486,19028,14642,9754,5618,4386,88421,77092,66672,14026,11329,137505,126091,115215,16664,11414,118532,114420,111656,6007,4112,106757,14087,9371,13866,94,35470,35367,25297,34598,103,32836,32788,24098,32098,48,24270,24154,23151,23151,116,ND-00
490358,375261,30680,25330,9785,16647,5350,110176,97975,69889,32364,12201,105111,97892,78409,23914,7219,129294,126010,121550,7325,3284,115097,17758,8434,17464,104,41063,41004,24150,40140,59,26921,26853,16516,26111,68,29251,29161,27471,27471,90,OH-02
473578,341032,31594,26312,10726,16840,5282,140925,126329,90675,41721,14596,107456,99505,79932,24694,7951,61057,58728,55276,5325,2329,132546,20446,10023,20221,121,65011,64858,39413,63520,153,28330,28303,18176,27684,27,18638,18574,17682,17682,64,OH-06
460194,342663,25585,21547,11296,11693,4038,132593,120913,96793,29565,11680,115084,107962,90729,22174,7122,69401,67482,64491,4631,1919,117531,15376,8634,15209,68,56068,56009,37357,54886,59,27204,27150,18957,26666,54,18815,18742,18009,18009,73,OH-04
495235,359360,17324,12218,7679,5187,5106,97017,88740,73360,18689,8277,109085,102552,90836,15654,6533,135934,132609,127560,7502,3325,135875,12414,7182,12228,387,52166,52081,33393,51295,85,35427,35333,23469,34517,94,35481,35389,33623,33623,92,OH-16
450012,340515,36111,31164,8711,23664,4947,95240,83403,45803,41127,11837,111361,102909,66576,41242,8452,97803,94765,87443,9625,3038,109497,19581,7676,19084,128,35031,34873,18381,33952,158,28148,28044,15746,27161,104,26609,26493,24998,24998,116,OH-11
467921,352720,27233,22170,10905,12429,5063,122832,110446,85547,29185,12386,108225,100911,83859,22093,7314,94430,92089,88417,5995,2341,115201,16381,8369,16093,206,47323,47257,29325,46214,66,28282,28248,18434,27445,34,23009,22897,21670,21670,112,OH-08
513540,399536,40642,23078,16286,7892,17564,102856,76598,63549,16679,26258,131524,110103,97898,17634,21421,124514,116703,113324,6371,7811,114004,11803,5938,11595,345,34178,33906,21147,33218,272,33937,33771,21569,32993,166,33741,33604,32140,32140,137,OK-01
511500,403284,52861,28412,19349,10765,24449,103733,75084,59755,19115,28649,119159,98217,86213,17749,20942,127531,120287,116902,7609,7244,108216,12905,5433,12569,478,30818,30599,18407,29713,219,32119,32013,21299,31196,106,31896,31854,30509,30509,42,OK-05
588815,479154,41412,31708,16671,16664,9704,83650,72986,51501,25731,10664,145726,132907,104087,35732,12819,208366,199359,184270,20038,9007,109661,10706,4182,10577,476,25768,25505,14573,24833,263,33108,32859,20410,31680,249,39603,39471,37739,37739,132,OR-03
545979,382307,34429,27728,13650,15813,6701,93051,81239,53518,32954,11812,150282,136738,99539,47592,13544,104545,99438,88048,15477,5107,163672,13800,6911,13679,174,45335,45146,25937,44423,189,59792,59655,35902,58612,137,44571,44385,43130,43130,186,OR-04
354116,270359,29937,25837,12418,14820,4100,74395,67120,45492,25043,7275,70787,66918,52385,18391,3869,95240,92383,86100,9095,2857,83757,16558,7159,16308,166,25261,25120,13985,24543,141,17303,17270,11338,16593,33,24469,24415,23157,23157,54,RI-01
454195,332295,46482,31190,17315,16124,15292,100906,82613,65912,22399,18293,108386,95079,82801,18277,13307,76521,72320,69865,4905,4201,121900,23436,10270,23285,144,40849,40646,22946,40004,203,30872,30755,19471,30179,117,26599,26555,25978,25978,44,SC-03
498674,351066,44309,27884,13324,16190,16425,120178,92396,70137,27920,27782,111368,94939,78490,22357,16429,75211,69377,65527,6358,5834,147608,24653,9811,24537,124,49254,49125,29544,48534,129,41003,40950,28419,40462,53,32574,32566,31820,31820,8,SC-07
405571,304537,40154,25554,13207,14216,14600,103858,80191,58671,27233,23667,94350,80796,65290,22117,13554,66175,61419,57841,7169,4756,101034,23830,8144,23563,196,34263,34061,17630,33220,202,24685,24573,14856,23813,112,18060,17987,17421,17421,73,SC-06
505788,393824,44190,29992,17623,14405,14198,131456,109585,88401,27731,21871,119492,107391,95056,18816,12101,98686,92870,89160,7480,5816,111964,21046,9283,20788,114,41604,41484,24376,40805,120,27603,27543,17815,26911,60,21597,21490,20924,20924,107,TN-04
464121,345885,30426,21980,11653,12068,8446,107145,90171,70003,25281,16974,99226,89395,77532,16943,9831,109088,105830,102937,5712,3258,118236,19354,8487,19081,144,40237,40153,24528,39310,84,28470,28438,19710,27473,32,30031,29779,28460,28460,252,TN-08
517885,385608,40896,30151,17638,14196,10745,136379,114697,91587,28997,21682,112447,101323,88441,18559,11124,95886,91392,87900,6835,4494,132277,25066,10514,24890,220,50460,50322,28086,49623,138,31885,31852,20126,31215,33,24646,24556,23759,23759,90,TN-06
423872,362433,131934,60534,39671,22043,71400,110047,61871,48369,14907,48176,81072,59528,51082,10680,21544,39380,32937,30877,2692,6443,61439,27041,5379,26111,3270,15652,15110,5589,14595,542,10518,10366,5024,10003,152,4958,4862,4543,4543,96,TX-29
465590,354098,55942,31376,21346,11628,24566,110826,80143,65731,17661,30683,117051,96064,85241,15895,20987,70279,64652,62552,4528,5627,111492,25913,8744,25479,392,31775,31606,16814,30831,169,29722,29673,18673,28896,49,23690,23599,22743,22743,91,TX-27
462929,363011,45569,22346,16452,6898,23223,99568,71226,59841,14445,28342,122888,101564,91694,14477,21324,94986,88251,86397,4179,6735,99918,13875,5339,13698,689,30079,29943,16374,29229,136,30412,30262,19314,29529,150,24863,24848,23822,23822,15,TX-14
458160,359519,70008,34960,24128,12067,35048,105689,74619,60799,17851,31070,108981,87448,77057,15464,21533,74841,67889,65242,4681,6952,98641,16384,6259,16015,630,31292,31090,16639,30427,202,28634,28427,17505,27842,207,21701,21377,20306,20306,324,TX-05
495734,361499,61086,36164,25324,13043,24922,111814,84610,71158,17691,27204,103694,86477,77329,13595,17217,84905,79304,76810,4995,5601,134235,23017,10223,22854,390,44300,43980,26237,43253,320,33581,33536,21438,32946,45,32947,32853,31826,31826,94,GA-09
504788,412050,25812,9226,7414,2339,16586,45165,31930,28748,4219,13235,75470,65409,61636,5780,10061,265603,253497,250823,5990,12106,92738,4386,2144,4021,303,16036,15675,9001,14883,361,22379,22142,14249,21168,237,49634,49361,46718,46718,273,GA-06
456524,351657,38622,22252,13112,10536,16370,102808,77766,63491,18829,25042,117436,96666,83711,19921,20770,92791,86286,82889,7925,6505,104867,15590,6537,15392,118,33679,33567,18412,32765,112,27717,27579,16520,27159,138,27763,27747,26325,26325,16,GA-01
440155,335226,41187,24669,13576,13161,16518,109734,81389,64355,22415,28345,104786,87908,77590,16688,16878,79519,74042,71619,6252,5477,104929,21076,8863,20785,264,39734,39397,22821,38115,337,24014,23955,16499,23289,59,19841,19727,19070,19070,114,GA-08
504151,389283,36605,22686,16278,7672,13919,96774,75388,64680,14994,21386,137592,119859,107689,19519,17733,118312,111598,108562,6592,6714,114868,10757,5316,10625,133,31652,31494,18894,30923,158,39736,39642,25626,38738,94,32590,32466,31412,31412,124,ID-02
461518,353059,32179,26016,11675,15557,6163,87309,75964,51939,27341,11345,123279,112900,84355,33657,10379,110292,105207,97610,10183,5085,108459,16570,6582,16145,248,34796,34743,18794,33645,53,32227,32047,19443,30648,180,24618,24487,22988,22988,131,IL-01
478251,386493,40299,30485,11804,19798,9814,78511,65180,36267,31599,13331,85095,77103,52450,28373,7992,182588,176240,169239,9248,6348,91758,20847,4354,20345,462,24427,24112,8906,22998,315,19777,19693,9583,18856,84,26245,25955,23917,23917,290,IL-07
517488,425195,24312,18174,12273,6429,6138,62661,51928,41867,11275,10733,84098,74592,64735,11608,9506,254124,244130,237233,9288,9994,92293,16025,6209,15507,189,25816,25474,12654,24669,342,19741,19679,11500,18751,62,30522,30391,27809,27809,131,IL-05
432951,325297,21435,18365,8369,10825,3070,90204,81836,59318,25738,8368,106100,99923,81035,23424,6177,107558,104703,99596,7501,2855,107654,10919,5472,10855,59,42061,41931,28262,41229,130,27490,27327,19547,26424,163,27125,26977,25188,25188,148,IL-13
486612,376809,16172,11854,9136,2964,4318,53245,47945,42620,6999,5300,94453,88991,81196,10051,5462,212939,207300,202853,7303,5639,109803,7529,4024,7293,161,26473,26298,16839,25658,175,29058,28944,19845,27656,114,46582,46294,43510,43510,288,IL-06
452915,351240,35798,22330,15125,7887,13468,67977,55355,44956,12432,12622,81564,73973,64117,12437,7591,165901,159754,154469,7583,6147,101675,11759,4770,11308,447,23317,23041,13488,22336,276,23932,23789,14996,22969,143,42220,41883,39017,39017,337,IL-10
497889,377077,26854,19191,10404,9614,7663,54436,44860,33105,13165,9576,77324,69065,57672,13515,8259,218463,208615,198645,12533,9848,120812,14197,5354,13768,513,24690,24443,14044,23220,247,25844,25741,16524,24521,103,55568,55174,51492,51492,394,IL-09
451751,339055,26356,22536,8843,14800,3820,97212,86895,59236,32004,10317,129672,120673,94251,33923,8999,85815,82334,77636,8270,3481,112696,15589,7953,15455,177,42529,42431,26924,42027,98,32206,32142,21506,31452,64,22195,22154,20867,20867,41,IL-12
482451,369548,31654,24518,13657,12632,7136,116166,102146,82976,24334,14020,115101,106086,92857,18782,9015,106627,102386,97956,7369,4241,112903,16392,9108,16250,129,45620,45491,30671,44754,129,26181,26057,17577,25558,124,24581,24476,23361,23361,105,IN-09
464886,347161,33490,25365,14159,12914,8125,116323,102555,82029,25586,13768,116720,107053,93025,19941,9667,80628,77881,74546,5310,2747,117725,14978,7961,14805,376,52533,52482,32896,51839,51,28521,28465,18948,27870,56,21317,21266,20765,20765,51,IN-08
506845,396495,19694,14585,8198,7144,5109,79016,67544,55079,15642,11472,99212,90333,79560,14759,8879,198573,192680,187867,8001,5893,110350,10090,5664,9964,52,34232,34190,23769,33609,42,27104,27023,17926,26418,81,38872,38773,37179,37179,99,IN-05
468825,384016,60066,41663,21295,23382,18403,115370,94825,67887,31351,20545,110420,97138,77325,25305,13282,98160,91876,86415,8396,6284,84809,16377,7106,16180,372,31989,31730,17637,30877,259,21112,21085,12850,20215,27,14959,14923,14183,14183,36,IN-07
498900,367752,40424,27538,13186,16166,12886,118441,97130,73626,29457,21311,114605,102556,86154,21975,12049,94282,90163,86541,5888,4119,131148,24601,11043,24456,210,46597,46425,24971,46082,172,32241,32217,21498,31352,24,27499,27439,26444,26444,60,TN-03
501012,375090,25139,20124,11845,9264,5015,107896,97814,76285,26649,10082,128025,120571,101159,25162,7454,114030,111133,105834,8239,2897,125922,13048,7641,12943,71,50608,50454,35134,49781,154,32856,32725,23113,32183,131,29339,29194,28114,28114,145,IA-02
420022,312165,35733,23949,19558,5349,11784,80037,66917,58672,11806,13120,113534,102008,93861,13512,11526,82861,79532,77914,4380,3329,107857,11554,6408,11139,187,39024,38947,25886,38253,77,32720,32626,23484,31966,94,24372,24263,23346,23346,109,KS-01
446602,331829,22477,16245,9738,7754,6232,92038,79149,67133,17178,12889,113862,101828,91110,16916,12034,103452,99458,96788,6967,3994,114773,10281,5963,10193,20,44228,44064,29923,43420,164,31454,31441,22353,30869,13,28790,28709,27809,27809,81,KS-02
491514,382827,39211,30906,12961,19750,8305,102957,91959,64706,33066,10998,113110,105019,81531,28824,8091,127549,123335,116379,10245,4214,108687,18660,8625,18493,386,34730,34667,22239,34087,63,25617,25562,17690,25151,55,29294,29275,28041,28041,19,KY-06
460257,343907,65400,58578,14473,47683,6822,131447,120304,64379,64618,11143,96401,89183,58083,38166,7218,50659,48509,43417,6981,2150,116350,40233,14623,40048,75,42145,42074,22095,41710,71,20478,20420,12794,20037,58,13419,13377,12712,12712,42,KY-05
465307,350561,45050,33645,14596,21217,11405,126385,104560,72452,38408,21825,107646,94891,77987,23848,12755,71480,67934,63888,7122,3546,114746,20918,7851,20706,96,44613,44329,25871,43468,284,27343,27306,18330,26533,37,21776,21740,20138,20138,36,LA-04
534230,408313,47591,32500,16015,18887,15091,113110,92227,70950,25457,20883,116665,103126,85461,23187,13539,130947,124745,118943,9454,6202,125917,17982,6670,17831,90,43410,43091,21774,42135,319,29413,29344,16204,28555,69,35022,34903,32680,32680,119,LA-01
451607,337641,51867,39493,15570,26418,12374,129953,107261,75076,38897,22692,91718,80094,62225,22783,11624,64103,60708,56736,6643,3395,113966,23590,8479,23104,125,43323,43079,22858,41764,244,25323,25211,15997,24592,112,21605,21567,19991,19991,38,LA-05
643630,473488,42370,31973,17182,16864,10397,143334,129405,96129,40434,13929,128981,121105,101628,26032,7876,158803,153624,146127,12044,5179,170142,19258,9864,18794,394,58071,57582,38418,56474,489,42495,42329,30930,41360,166,49924,49791,48424,48424,133,DE-00
521300,420696,40408,25994,14111,13128,14414,107591,80718,60232,23849,26873,110736,92942,79234,18857,17794,161961,149219,143506,9802,12742,100604,17580,4115,17064,616,29106,28904,10831,28016,202,23746,23609,11353,22964,137,29556,29219,27811,27811,337,FL-14
601853,386344,39831,22775,15019,9125,17056,106637,79755,65810,18574,26882,118366,100082,89140,16372,18284,121510,113031,108840,8445,8479,215509,17137,7427,16477,649,61367,60856,33534,59425,511,59481,59145,35471,57361,336,76875,76374,73799,73799,501,FL-16
527025,401216,45113,29648,18334,12976,15465,118888,95134,75035,24923,23754,128562,111475,96459,20862,17087,108653,99990,95270,8974,8663,125809,17785,6321,17208,497,45133,44715,21571,43585,418,34622,34364,18956,33348,258,27772,27211,26188,26188,561,FL-15
556569,372377,29650,20448,11582,10073,9202,104981,80263,61323,24121,24718,123985,105618,91599,20086,18367,113761,105796,101269,8358,7965,184192,20537,8463,19952,247,65790,65251,31022,64115,539,54498,54274,29080,53161,224,43120,42749,41077,41077,371,FL-12
468592,329660,35379,22947,11749,12662,12432,104982,81105,61563,24771,23877,105940,90193,76418,21443,15747,83359,78503,75545,6359,4856,138932,17217,8238,17064,332,47436,47200,27883,46545,236,39469,39346,24826,38884,123,34478,34412,33380,33380,66,FL-02
561818,363844,45490,23702,16703,8246,21788,84515,62243,51358,13108,22272,104973,87560,77968,13370,17413,128866,116623,111918,7694,12243,197974,19236,6543,18598,1315,50550,49864,23408,48702,686,52051,51590,27711,50152,461,74822,74362,71772,71772,460,FL-21
502872,398789,37366,33390,13355,21918,3976,100356,94217,63100,36378,6139,99928,95270,74399,25730,4658,161139,158729,149689,12574,2410,104083,17041,6789,16795,198,29718,29600,18621,28459,118,22992,22950,16196,22039,42,34134,34011,31439,31439,123,MA-03
469203,347125,23314,18929,9299,10864,4385,102488,92709,71704,26752,9779,127093,119337,102307,23686,7756,94230,91750,88003,6471,2480,122078,13034,8173,12896,73,46217,46141,33771,45473,76,36158,36096,27846,35414,62,26596,26588,25829,25829,8,MI-07
465066,346877,29662,23589,11125,13941,6073,95241,85605,64662,25851,9636,121008,111345,92993,24148,9663,100966,96984,92336,6993,3982,118189,13300,7178,13183,106,39596,39518,26451,39005,78,33082,33030,24182,32500,52,32105,31983,30930,30930,122,MI-06
492707,367480,26526,21959,12663,10776,4567,104970,95005,75804,24478,9965,140373,132110,115021,23845,8263,95611,92698,89131,6172,2913,125227,15413,10370,15255,157,49623,49562,38116,49005,61,37857,37789,30369,37102,68,22177,22123,21596,21596,54,MI-10
428069,335005,54308,44991,13730,33358,9317,108791,95130,51658,49295,13661,116393,106175,70188,42971,10218,55513,51912,44727,9744,3601,93064,19444,9272,19112,303,35379,35003,21559,34188,376,25706,25589,17251,24832,117,12232,12152,11661,11661,80,MI-13
504486,386803,14496,11988,7591,5437,2508,60443,54753,44916,12694,5690,109988,102852,92825,13816,7136,201876,197628,193056,7250,4248,117683,10016,6275,9680,148,32646,32476,24004,31681,170,33666,33605,26059,32759,61,41207,40971,39009,39009,236,MI-11
474363,366694,16624,14354,7481,7896,2270,72632,65408,50884,18128,7224,117978,110198,93798,21337,7780,159460,155386,149921,8641,4074,107669,8436,5753,8332,62,30198,30116,22624,29784,82,32340,32291,24947,31556,49,36633,36600,35029,35029,33,MI-08
456621,364411,16054,12652,8241,5089,3402,71557,65992,53354,15398,5565,123592,118297,105319,17312,5295,153208,150470,145170,8728,2738,92210,6535,3697,6366,105,29373,29298,21183,28668,75,27313,27258,20772,26476,55,28884,28870,27561,27561,14,MN-02
432821,322836,21793,16840,9700,7943,4953,82784,75204,58583,20286,7580,115994,109966,94568,20351,6028,102265,100047,95076,7766,2218,109985,10746,6182,10637,59,43695,43655,30528,43135,40,28925,28911,21312,28240,14,26560,26537,25699,25699,23,MN-01
458760,360665,29678,24629,9545,16139,5049,65230,58433,40371,20545,6797,100948,95140,76112,23342,5808,164809,160829,151526,12353,3980,98095,8215,3140,8059,157,27211,27184,18851,26705,27,25126,25073,18105,24220,53,37386,37304,35755,35755,82,MN-04
