total,hasInternet,dialUp,anyBroadband,cellPlanTotal,cellPlanOnly,cableFiberOpticOrDslTotal,cableFiberOpticOrDslOnly,satelliteTotal,satelliteOnly,otherNoOtherService,internetNoSubscription,noInternet,stateId
277973,239646,432,239214,192936,21988,211134,43280,14332,1086,247,6255,32072,FL-10
308034,274521,955,273566,213241,29598,235832,55786,17805,1744,322,8439,25074,FL-04
307711,254830,911,253919,199075,24882,224954,51834,8844,784,277,9966,42915,FL-13
224524,187316,420,186896,139174,25030,156054,43706,14950,2212,87,9206,28002,FL-26
306533,268958,722,268236,225325,25846,235942,38579,18807,1040,197,9645,27930,FL-22
277191,220350,981,219369,173163,27518,184568,42616,13297,1793,208,18969,37872,FL-09
318832,274364,1470,272894,220965,28345,237042,46654,17526,1630,224,12264,32204,FL-19
293443,248222,976,247246,199993,22091,215387,42582,17679,2116,148,11042,34179,FL-01
285812,255677,678,254999,198757,20292,230404,53329,11212,828,257,5992,24143,FL-07
279809,220667,515,220152,176126,21557,193606,40772,12947,981,299,13688,45454,FL-27
266634,217033,731,216302,173722,26495,177720,36196,20916,2727,684,9238,40363,GA-03
264227,210166,661,209505,167399,24392,172858,35990,23862,3145,399,8218,45843,GA-10
262142,221933,406,221527,183805,29393,182197,32983,19933,1688,533,7709,32500,GA-04
309717,249077,452,248625,206235,34333,207158,38987,15294,1286,275,16720,43920,GA-05
262472,221979,501,221478,180152,24794,187058,36879,19451,1889,425,13534,26959,GA-13
264582,238505,473,238032,200247,16413,215301,33435,20653,1375,307,4217,21860,GA-07
247748,173298,693,172605,136281,34135,124341,30039,19481,3372,532,9328,65122,GA-02
255889,203788,879,202909,156825,34834,158885,41374,16671,2023,387,7913,44188,GA-14
287030,259255,571,258684,216611,22682,228748,38060,17807,1600,261,5786,21989,GA-11
251385,185332,819,184513,145839,31165,142498,33504,17698,2489,358,9256,56797,GA-12
327185,270816,2145,268671,216157,33530,207432,40979,38682,7613,759,11403,44966,ID-01
235539,203700,486,203214,168577,19567,180848,32828,6880,378,197,6331,25508,HI-01
223885,187283,937,186346,153051,18118,162575,30316,9483,1304,135,7654,28948,HI-02
282439,231787,1468,230319,176388,30301,184437,47011,22121,3676,508,8530,42122,IL-18
257991,204979,680,204299,165138,31759,162876,34016,21368,1966,346,7171,45841,IL-02
257263,237902,913,236989,202214,19706,206797,31112,18820,1786,391,3520,15841,IL-14
275337,231662,925,230737,187400,31130,180486,36232,24951,4464,533,7332,36343,IL-16
,,,,,,,,,,,,,IL-ZZ
281314,219778,1510,218268,173329,39472,164156,38486,18818,3506,504,8945,52591,IL-17
244873,203284,1094,202190,166760,24261,171889,32509,13299,1000,274,8570,33019,IL-03
223993,174593,682,173911,138093,27391,140064,31409,11169,1449,760,10010,39390,IL-04
248456,219860,442,219418,180957,21032,192924,35865,12654,1207,87,4797,23799,IL-11
277682,215568,1616,213952,170241,39009,152814,35646,28383,5236,617,8164,53950,IL-15
253229,223664,772,222892,190594,21294,196111,29229,11757,1014,460,4484,25081,IL-08
270905,212616,1879,210737,156223,30155,166161,47760,20595,3412,675,9818,48471,IN-02
281903,219802,1784,218018,170081,33569,164825,40146,25333,4773,615,10860,51241,IN-06
274204,222674,1336,221338,169633,24122,185307,47071,17406,2608,510,6839,44691,IN-01
287165,232795,1623,231172,187035,37045,179553,38189,18711,3137,631,8908,45462,IN-03
288763,239555,1267,238288,190146,31147,191098,41009,24649,3798,660,10436,38772,IN-04
311269,254650,2258,252392,193573,31289,204113,51558,23343,3956,489,9911,46708,IA-01
312649,248021,2202,245819,192271,38053,188788,45049,26299,4826,432,14447,50181,IA-04
328983,275757,1749,274008,226457,35880,221850,41704,25825,3202,369,11510,41716,IA-03
293153,261625,699,260926,222026,23358,232228,36189,10423,1087,203,6651,24877,KS-03
279531,227680,1092,226588,180120,28807,183942,40721,20898,3226,656,8390,43461,KS-04
289932,232272,1433,230839,183777,31276,185234,41606,20996,3205,322,10278,47382,KY-02
281287,208292,1555,206737,153097,41666,148416,44213,25030,5326,358,8502,64493,KY-01
304254,253560,514,253046,213690,36991,209677,36642,13282,1018,175,10090,40604,KY-03
282546,234717,1520,233197,188029,28464,191711,39993,18473,2883,381,8123,39706,KY-04
294506,212175,401,211774,165902,34806,168575,40783,21848,2057,217,10392,71939,LA-02
292100,246335,548,245787,192807,28512,207131,48831,18761,1925,247,9211,36554,LA-06
295361,231939,470,231469,182084,33781,186661,44344,18365,2680,480,7456,55966,LA-03
287512,246947,1952,244995,186458,19013,219024,54933,9584,1278,268,8704,31861,ME-01
268720,224317,1133,223184,178698,26552,185685,39650,16818,2507,283,7171,37232,FL-03
284386,235534,564,234970,199039,21161,208755,33075,9452,1131,277,8859,39993,DC-98
299581,235553,1618,233935,177011,30678,192171,50174,19069,2996,271,13350,50678,FL-17
305829,246361,1236,245125,178112,36912,191942,57876,17284,2341,3699,12831,46637,FL-06
271047,210193,646,209547,165551,37912,163295,39512,13769,1940,296,10724,50130,FL-05
242695,168853,432,168421,115614,19647,142591,48364,15085,1729,189,12547,61295,FL-24
325031,274222,1928,272294,203862,25341,233432,60319,21448,3107,777,9000,41809,FL-11
276571,239326,471,238855,196346,21204,212636,38963,16599,1168,155,9687,27558,FL-23
294132,254767,1268,253499,194046,20114,225505,54606,15623,1830,163,6666,32699,FL-08
298967,260304,858,259446,208312,27896,224730,47256,18185,1235,260,8197,30466,FL-18
249684,192129,517,191612,154359,29065,156410,33211,15339,1264,318,12980,44575,FL-20
244224,194623,542,194081,150472,26047,162560,39323,20456,1596,195,6635,42966,FL-25
272409,217061,2485,214576,150045,21394,181127,57568,14490,3679,563,10746,44602,ME-02
275556,234284,1073,233211,186551,31816,188762,41764,16759,2809,367,6292,34980,MD-01
288373,254168,698,253470,210726,20586,228764,40170,8138,673,490,8015,26190,MD-03
266987,233804,459,233345,189741,21442,207610,40714,11058,730,167,6019,27164,MD-04
262068,233731,766,232965,184898,17920,208461,44670,13422,1538,129,5834,22503,MD-05
271303,215232,887,214345,178332,30419,178485,32787,9439,1057,285,12446,43625,MD-07
283829,245529,776,244753,199723,24009,216225,42619,9817,692,155,6401,31899,MD-02
275462,239550,765,238785,195401,20259,210431,39067,15155,1799,207,6608,29304,MD-06
281626,255659,940,254719,212582,21569,227224,38633,10806,991,469,5910,20057,MD-08
279355,250814,568,250246,201913,17026,230794,46292,5565,368,297,6122,22419,MA-04
300941,255171,460,254711,211651,26467,223136,39981,8959,581,687,7273,38497,MA-07
282251,242768,1088,241680,192305,21019,214456,45929,9528,1380,252,7151,32332,MA-02
297961,254213,859,253354,202439,19246,229082,47685,8056,820,245,8159,35589,MA-09
291496,258409,673,257736,209708,18796,236491,46188,6220,273,113,5583,27504,MA-06
302222,266934,627,266307,219136,20281,242154,44425,8111,786,443,6323,28965,MA-08
287856,233850,1396,232454,169719,25028,200505,57411,8697,1447,533,9869,44137,MA-01
296823,266998,911,266087,212169,16741,246411,51683,6264,480,354,5578,24247,MA-05
292829,231483,1914,229569,170955,36395,168599,47279,26888,7662,729,10594,50752,MI-01
276923,229747,1233,228514,179119,33021,180926,42188,18973,4200,631,8302,38874,MI-02
272640,209096,741,208355,166179,32787,168154,37449,15110,2025,226,11589,51955,MI-14
280214,235988,1041,234947,193774,35543,184539,35796,18902,3137,432,6902,37324,MI-03
282975,220788,1132,219656,163600,30343,179724,50946,13945,2525,329,9251,52936,MI-05
274675,216392,1729,214663,160436,36931,153786,43891,26890,6830,825,10527,47756,MI-04
,,,,,,,,,,,,,MI-ZZ
301074,258238,644,257594,202441,26685,224937,51413,11433,1538,292,6577,36259,MI-09
275837,232944,1019,231925,178594,20034,206217,49899,11326,1401,171,14101,28792,MI-12
271508,212505,2335,210170,158356,30059,162214,44627,22179,3999,693,11368,47635,MN-07
256280,226482,1580,224902,183942,30530,182394,36415,18131,2334,422,7284,22514,MN-06
276072,221543,2327,219216,170713,37551,160855,39787,26608,5446,473,8371,46158,MN-08
279446,254067,993,253074,207220,17387,228807,42088,15300,1311,313,5970,19409,MN-03
299431,253724,1126,252598,211190,24228,220524,38007,11874,1260,685,11696,34011,MN-05
306132,265525,896,264629,223664,32600,217208,35379,23505,3014,567,7113,33494,TX-10
275111,210147,424,209723,165825,35515,167913,40492,12694,1256,475,15842,49122,TX-35
293484,270538,537,270001,233954,24275,236880,32647,25364,1526,289,4254,18692,TX-22
258329,199488,867,198621,166749,32986,152751,27069,21621,2610,346,10336,48505,TX-19
228917,199523,755,198768,166878,14373,173506,27486,20365,2085,322,15813,13581,UT-03
258564,224790,1049,223741,180359,26114,181477,36434,23794,4524,551,9524,24250,UT-02
285446,231412,822,230590,194914,40103,183758,33298,11987,766,163,13884,40150,VA-03
287284,228493,1028,227465,186961,34590,181353,35797,15623,2375,520,9853,48938,VA-04
276827,242836,528,242308,201703,21743,214493,37955,10908,996,45,7574,26417,VA-02
292428,227413,1591,225822,178540,34363,176470,40485,18099,3883,426,10052,54963,VA-06
278978,257170,571,256599,219469,17757,229852,33827,13909,1598,257,5075,16733,WA-01
284463,243047,1451,241596,196320,27611,195413,37250,21705,4615,766,8182,33234,WA-05
289803,260018,919,259099,212966,23043,228258,42727,13685,1438,296,7509,22276,WA-02
286198,251510,1165,250345,204529,25339,214434,40702,15985,2560,272,7158,27530,WA-06
240803,175341,971,174370,118428,20324,143756,47847,15161,4443,216,9035,56427,WV-03
281055,240509,1305,239204,193546,25591,203481,41081,17093,1931,342,7744,32802,WI-01
296155,255769,1316,254453,207787,24849,217766,41761,17840,2276,522,6911,33475,WI-05
314079,271307,1620,269687,215819,25228,230813,48622,19956,2896,451,11560,31212,WI-02
240954,190203,412,189791,156490,33853,147794,30235,16629,1636,150,8816,41935,TX-16
314343,282984,314,282670,234808,25804,246948,35732,15511,1039,1408,4885,26474,TX-24
220783,157119,973,156146,129449,42470,108880,23103,9510,1290,268,9386,54278,TX-33
272282,216903,793,216110,172593,40857,152639,33962,28465,6113,592,8530,46849,TX-11
227863,166111,499,165612,131318,39468,112508,26841,20844,4685,365,8263,53489,TX-15
232304,177389,456,176933,141263,28835,135968,30207,20967,3244,303,8052,46863,TX-23
290833,255536,600,254936,218996,34631,202838,30404,29564,3064,606,7935,27362,TX-12
292291,255358,988,254370,216065,37951,200687,31175,31304,4626,365,5976,30957,TX-08
214304,129119,613,128506,97685,31791,86372,25188,15716,3177,251,19772,65413,TX-34
268565,194718,749,193969,160970,35601,151241,28424,17011,1655,430,8477,65370,TX-30
270022,210051,661,209390,174928,38515,163398,30656,18359,1853,231,7454,52517,TX-18
289834,261534,742,260792,221911,32740,220054,34309,22515,1946,397,6183,22117,TX-02
254402,203171,483,202688,162080,28847,167450,35637,16810,1618,405,10431,40800,TX-20
289471,259062,499,258563,208460,27755,219616,46162,21220,1783,276,6310,24099,TX-31
275511,241176,790,240386,197324,42460,177677,34950,27054,5409,574,7011,27324,TX-25
293899,263940,395,263545,222481,26585,227960,35731,16360,1290,270,6625,23334,TX-32
321068,282734,865,281869,236141,31303,238638,40593,23471,2891,471,10667,27667,TX-21
308181,286993,344,286649,227860,16597,261723,52969,19965,1609,294,4577,16611,TX-03
271782,209881,1012,208869,171650,48472,134190,27705,38100,6113,574,9824,52077,TX-04
258587,202013,701,201312,163501,38337,145318,30699,25514,3847,448,9326,47248,TX-13
292489,271400,414,270986,234779,19202,242341,32099,21978,1614,245,6459,14630,TX-26
265623,215611,741,214870,179546,40192,166490,31269,23646,1435,264,7357,42655,TX-09
260029,213861,1893,211968,141987,16756,184458,63191,13522,3523,566,12203,33965,VT-00
240686,213776,901,212875,171750,22248,173534,35179,26383,3965,273,6905,20005,UT-01
249146,220787,990,219797,183881,22089,186125,30763,21600,2309,235,10692,17667,UT-04
279120,242408,1053,241355,198187,26061,199250,37306,20392,3608,391,6562,30150,VA-01
276145,255304,513,254791,216287,16624,228420,34889,15249,1607,443,5905,14936,VA-10
290479,218144,2029,216115,170039,45770,142883,34770,29950,7474,925,9846,62489,VA-05
289450,254352,879,253473,210485,24955,214973,38020,18307,3087,349,5688,29410,VA-07
271501,256217,723,255494,220984,12394,239847,32277,10508,613,151,4663,10621,VA-11
282884,205982,1661,204321,149540,30307,156112,45025,22774,6021,602,11927,64975,VA-09
319481,293570,727,292843,251106,21403,267351,39122,10156,729,151,5772,20139,VA-08
277003,242349,1425,240924,191651,25237,200849,41889,21184,4412,308,6895,27759,WA-03
278895,244775,1011,243764,198296,21554,215965,41348,12656,1877,157,7905,26215,WA-10
246812,203890,1058,202832,160089,29601,155803,34434,23210,4860,951,8828,34094,WA-04
354931,324129,628,323501,281133,22831,295304,39525,9413,998,362,9478,21324,WA-07
282932,256793,685,256108,224030,23660,228043,29700,9499,776,192,4979,21160,WA-09
268381,242220,803,241417,206423,18806,213726,31342,14886,1663,267,5998,20163,WA-08
242119,190136,1003,189133,133456,22272,156970,49460,13200,4023,258,7238,44745,WV-01
249663,194270,1084,193186,144362,22456,158606,40930,17317,4686,329,8154,47239,WV-02
289763,238007,2087,235920,178898,29850,190371,49413,21817,4166,544,7334,44422,WI-03
279614,215156,829,214327,181180,34583,174149,30075,11097,1216,308,8219,56239,WI-04
301672,240744,3139,237605,180441,36755,178996,47783,25765,5637,537,9036,51892,WI-07
295725,245857,2057,243800,187548,29596,197611,49531,21060,3922,493,8335,41533,WI-06
300093,252730,1962,250768,198389,32474,200814,45386,21795,3754,521,6763,40600,WI-08
1192654,731369,11090,720279,606627,267891,407526,95420,58269,9882,919,28108,433177,PR-98
280331,209183,802,208381,172139,55808,134059,28011,28137,5184,807,10637,60511,MS-01
281084,200679,1119,199560,162836,42492,136053,28911,28722,4812,389,11481,68924,MS-03
287065,215072,1147,213925,170789,45460,151157,36728,25523,4399,267,8788,63205,MS-04
255914,168850,679,168171,136939,47032,104233,23282,23232,4456,463,9755,77309,MS-02
313079,258268,1021,257247,205882,27905,224420,48459,8598,802,350,7684,47127,PA-18
272852,227959,1532,226427,173995,20120,200554,48779,11840,1474,197,7456,37437,PA-07
257502,201049,807,200242,157249,28324,167314,39831,12687,1056,287,8337,48116,PA-02
307679,263609,1279,262330,208953,21865,235824,50295,7962,1094,212,6097,37973,PA-17
270538,240928,767,240161,198675,15533,221816,38846,6225,494,264,5023,24587,PA-01
282320,229370,2115,227255,172920,27567,191633,49680,11841,2131,303,7153,45797,PA-16
273716,221162,2133,219029,167423,24030,187648,47048,12864,1403,401,5983,46571,PA-08
291601,242583,1433,241150,190387,24428,210357,47417,10610,1141,296,8155,40863,PA-10
281836,220625,2394,218231,162187,26286,181476,50314,14442,2692,427,7390,53821,PA-13
275913,221798,1977,219821,171546,23822,188074,44017,10933,1818,392,10854,43261,PA-11
277178,221880,2052,219828,169174,25058,185785,46150,12966,2011,254,6628,48670,PA-09
279310,250120,812,249308,209746,17222,229450,37453,5895,371,112,5085,24105,PA-04
277573,214246,2391,211855,152773,24820,173858,51795,16920,4109,466,8715,54612,PA-15
264915,223607,767,222840,179231,21443,198221,41317,7228,429,183,6644,34664,PA-05
299398,230426,727,229699,187606,28048,195544,38272,12394,1350,499,11983,56989,PA-03
311608,240485,1510,238975,193468,48614,168406,37251,27959,5068,700,16849,54274,MO-07
290741,238134,1433,236701,194300,32875,186855,36053,23044,3776,294,7682,44925,MO-06
287695,215133,1426,213707,166909,45848,140050,35867,32381,8153,540,8239,64323,MO-08
296472,244685,1607,243078,194010,30632,193352,41716,26971,4660,520,10476,41311,MO-03
291155,229344,1829,227515,181358,37570,166130,37098,28860,5937,694,11924,49887,MO-04
427871,348515,3353,345162,260132,40522,275252,71983,36480,7960,991,13257,66099,MT-00
247955,197512,1726,195786,149627,31606,146374,38840,22158,4820,613,7292,43151,NE-03
250878,185600,800,184800,143603,30143,149317,38490,12593,1050,166,9492,55786,NV-01
304987,272855,812,272043,224554,23964,240927,43259,20691,1543,242,7653,24479,NV-03
283873,242597,768,241829,187092,28968,200633,48538,22775,3209,372,8538,32738,NV-02
261772,228215,1461,226754,165016,16027,203232,57002,10454,2367,270,7203,26354,NH-02
269628,229186,797,228389,187879,22123,203019,38781,7776,394,108,5338,35104,NJ-01
271406,216923,642,216281,175287,27077,183254,38019,7996,605,269,8567,45916,NJ-10
264072,240707,800,239907,194333,17642,218218,43159,8845,823,163,4056,19309,NJ-05
266812,243259,837,242422,197695,16525,222202,42300,9188,731,180,4544,19009,NJ-07
266144,220792,545,220247,172166,21020,194123,43847,15467,2490,165,4400,40952,NJ-09
253291,215779,838,214941,175643,17787,193366,36717,9081,670,54,11084,26428,NJ-06
266925,230369,566,229803,183706,20455,206401,43805,7803,594,113,8039,28517,NJ-12
275764,219985,1739,218246,166493,29376,178603,43930,18842,3368,406,10592,45187,NM-01
254679,186515,1842,184673,141774,28338,140336,33623,22441,5948,566,7271,60893,NM-03
221377,197944,343,197601,152574,14622,180056,41348,6703,553,709,5223,18210,NY-02
291634,245623,1354,244269,189085,24767,214446,51979,9668,1050,262,8687,37324,NY-25
252586,228475,649,227826,180669,17001,208385,44756,8338,497,108,5511,18600,NY-03
313435,271025,762,270263,221960,20762,245310,45366,7414,617,578,6771,35639,NY-10
290298,229854,475,229379,187069,32901,192402,39153,6910,957,244,8073,52371,NY-13
307164,244307,824,243483,186834,30046,209014,51130,10486,1015,401,10214,52643,NY-26
280147,227311,471,226840,176092,23228,199212,46903,8950,1050,257,6445,46391,NY-09
248200,216987,534,216453,155134,12817,199717,55180,7871,631,1310,6278,24935,NY-01
255113,194545,883,193662,146277,20414,169990,45187,6658,546,309,9273,51295,NY-07
247248,214630,748,213882,176437,14798,197249,35385,5781,336,129,4916,27702,NY-17
266803,223611,623,222988,171855,29242,190823,48976,6924,312,264,4615,38577,NY-06
229613,192032,443,191589,130591,30999,157719,57350,7038,644,410,4627,32954,NY-05
273005,221518,479,221039,175687,23727,193129,41837,11756,999,237,13252,38235,NY-16
261245,217759,1022,216737,154380,18941,193301,56614,9911,1014,595,6100,37386,NY-11
254112,183205,332,182873,150008,29914,149746,30711,7416,443,210,10456,60451,NY-15
278814,221214,1895,219319,158104,27450,175508,53076,20013,4987,329,10111,47489,NY-23
294143,236387,670,235717,180086,24091,207410,52361,12691,857,148,7348,50408,NY-08
364957,325137,689,324448,269855,22647,298130,52025,8349,555,270,11347,28473,NY-12
251917,214902,508,214394,170230,14823,196805,41587,7903,443,100,9576,27439,NY-18
297036,223400,735,222665,180781,34453,178538,37215,17291,2199,159,11554,62082,NC-01
314873,248140,1195,246945,193296,34035,202105,48697,17162,2544,371,9561,57172,NC-07
300948,257389,1125,256264,205743,21378,225728,45676,18456,2494,245,7188,36371,NC-02
300522,226718,1297,225421,178434,26130,189437,41795,17427,2547,265,14901,58903,NC-06
292768,238655,1282,237373,186498,31850,194561,45305,18948,2573,339,8549,45564,NC-03
300144,235834,889,234945,188315,32017,190037,40930,20931,2953,408,9577,54733,NC-10
331638,301416,850,300566,255911,22613,269958,40639,17089,1252,471,9847,20375,NC-04
302444,234313,1512,232801,161511,30319,193662,66006,15399,2532,449,10929,57202,NC-05
314196,240790,1439,239351,184502,32955,188277,46086,24436,5389,467,9947,63459,NC-11
292658,248161,1222,246939,200001,27264,209855,41657,17918,2736,340,6483,38014,NC-08
329935,287038,475,286563,221855,31452,247253,59517,15209,1321,2255,6511,36386,NC-12
294829,251654,901,250753,201987,28631,214824,44578,13336,1487,635,7391,35784,OH-01
282759,226600,1391,225209,176535,29751,182730,43170,18413,2820,588,8399,47760,OH-07
287860,243433,1080,242353,187877,18019,216064,50061,15735,1803,259,6709,37718,OH-14
307154,257364,647,256717,209288,34007,216826,44712,10824,786,285,7558,42232,OH-03
299954,252362,752,251610,205307,32850,209767,41620,16567,1765,181,7737,39855,OH-10
292298,245330,1634,243696,193291,25446,201678,43968,22533,3959,398,8179,38789,OH-05
301089,239549,1147,238402,175016,28843,202412,58851,13583,1746,262,11324,50216,OH-13
289973,246049,1123,244926,194452,29982,200931,44112,19699,3914,338,8611,35313,OH-15
299005,237544,1102,236442,185576,32394,195771,45763,15452,1751,526,12464,48997,OH-09
295100,260709,953,259756,210369,21775,229360,45294,14948,1884,322,5734,28657,OH-12
282828,196313,1164,195149,153657,54752,108855,27147,35286,9853,1075,11419,75096,OK-02
282186,217291,1064,216227,173347,42552,150812,32637,28825,6011,818,10307,54588,OK-03
291928,238355,800,237555,199872,44137,173354,30190,25747,4681,639,10544,43029,OK-04
320812,287020,1105,285915,240064,23682,249902,40910,17162,2442,423,10040,23752,OR-01
309012,269402,1454,267948,218244,29751,224565,43263,19993,3482,563,8929,30681,OR-05
325080,270625,1564,269061,207663,34007,209485,49132,31558,8111,919,10620,43835,OR-02
203962,174725,313,174412,138927,15374,156367,33661,5254,295,188,4901,24336,RI-02
300322,252142,782,251360,209503,24614,218804,37809,17415,1729,279,17287,30893,SC-01
278887,228970,591,228379,186828,28066,192274,37318,17404,1486,225,6876,43041,SC-04
274331,213092,842,212250,170055,34229,166681,36688,18689,2787,370,9769,51470,SC-05
274607,228812,885,227927,187334,30058,188126,35810,18247,2022,509,5766,40029,SC-02
344397,279329,1551,277778,210013,31619,231947,60338,19679,3602,627,11376,53692,SD-00
291974,219114,1116,217998,165595,35236,169724,45398,16925,3950,491,11928,60932,TN-01
312581,263997,577,263420,225871,37187,217587,33562,16006,1878,351,10209,38375,TN-05
282209,229256,1034,228222,192696,34189,176151,29115,24456,4482,282,6740,46213,TN-07
298909,239831,634,239197,168952,30006,200015,65203,15545,2705,339,9750,49328,TN-02
268304,189957,694,189263,155977,36448,143954,29494,15570,1708,375,9697,68650,TN-09
217725,157750,659,157091,118374,27301,116745,33223,18923,3363,260,7058,52917,TX-28
255476,197746,1411,196335,158312,47861,129248,30038,27358,5144,599,8143,49587,TX-01
299661,262290,412,261878,224400,34614,221115,34272,18175,1006,155,6658,30713,TX-07
267728,235828,667,235161,197607,32164,186931,32006,27660,3292,401,6920,24980,TX-06
281649,226841,717,226124,186270,35495,173201,32573,24059,4375,595,13798,41010,TX-17
261352,214983,762,214221,181457,46411,149958,26407,25248,3978,425,7585,38784,TX-36
230101,193139,1133,192006,139121,22803,150256,44204,23167,6157,655,7931,29031,WY-00
289020,232638,1660,230978,176237,27166,195518,50190,11948,2304,215,7186,49196,PA-14
267671,233172,957,232215,186232,21094,207397,43874,6843,566,163,5160,29339,PA-06
271005,212724,2634,210090,151852,20894,177340,51192,15118,3743,466,8615,49666,PA-12
307330,277022,958,276064,227719,20278,247965,43816,19221,1777,252,5381,24927,MO-02
311231,245828,637,245191,199707,35089,202002,40864,16415,1866,353,10826,54577,MO-01
318289,256604,1047,255557,208727,39172,206139,41949,16096,2244,202,13190,48495,MO-05
254307,216179,1222,214957,173460,23184,178799,36526,18078,2810,467,7149,30979,NE-01
256914,223018,899,222119,181442,21799,195497,38232,9118,903,257,5923,27973,NE-02
258864,215989,878,215111,175212,23397,181220,35283,20542,2059,184,10291,32584,NV-04
270265,240778,735,240043,190838,17317,218602,46596,7691,877,120,6316,23171,NH-01
281264,247280,1111,246169,195586,17023,225518,47923,9192,684,221,5621,28363,NJ-03
271302,232333,848,231485,184300,17070,211135,44134,7916,864,159,6219,32750,NJ-04
267867,224369,947,223422,161835,18355,200130,58214,9798,1099,232,7064,36434,NJ-02
270210,248553,761,247792,201595,14916,229946,44012,7688,577,158,3904,17753,NJ-11
282953,233539,588,232951,191608,25716,200959,39032,10021,742,207,7541,41873,NJ-08
249806,180234,1079,179155,143566,31608,132484,27872,19658,3740,917,9961,59611,NM-02
290880,247233,865,246368,191555,21054,220225,51738,7726,1142,248,9728,33919,NY-20
277969,226877,1571,225306,161013,23104,188556,54940,16877,4231,849,8100,42992,NY-21
235762,210755,409,210346,162635,13979,194062,45185,5844,643,231,5427,19580,NY-04
274376,222833,1467,221366,163638,24554,187814,52759,12346,2282,286,9637,41906,NY-22
270885,224320,1639,222681,153825,19382,189163,61226,16916,4789,414,7243,39322,NY-19
289388,243398,1644,241754,181682,27462,204907,54503,14633,2623,299,7305,38685,NY-27
240363,195692,494,195198,145400,24071,167332,47094,8082,784,225,8524,36147,NY-14
281800,228749,1247,227502,171737,22790,197409,51831,10554,1910,267,11182,41869,NY-24
304074,241286,849,240437,186345,27448,205525,49476,14008,2126,441,16250,46538,NC-13
284246,232495,650,231845,187338,26486,195066,39209,17129,2418,795,5376,46375,NC-09
318322,257877,1063,256814,205992,26364,221145,46004,16849,2041,317,16025,44420,ND-00
297806,245071,1588,243483,193008,25690,206837,44527,16352,3181,424,8054,44681,OH-02
276755,209919,1834,208085,152779,33402,153878,45645,24266,6726,367,8669,58167,OH-06
279926,228597,1592,227005,173856,28458,184294,47186,18871,3273,383,8854,42475,OH-04
290991,251042,1040,250002,198502,21523,221691,47918,13590,1333,260,6869,33080,OH-16
302701,222639,895,221744,170286,32649,180924,46561,14868,1924,368,10636,69426,OH-11
278158,235751,1074,234677,190231,28688,194957,40312,16381,1922,394,7154,35253,OH-08
311732,262988,729,262259,221443,38667,212729,35839,19833,2213,260,7747,40997,OK-01
311387,253574,711,252863,208819,44538,197094,39282,17292,2257,533,9744,48069,OK-05
329685,289459,1205,288254,247224,31524,248784,37563,12497,1482,388,8784,31442,OR-03
327393,275827,1919,273908,219550,31147,222214,45524,26146,5542,441,11961,39605,OR-04
206527,171104,850,170254,136368,19867,146928,31996,6419,504,265,5204,30219,RI-01
265808,201723,977,200746,159393,34280,154158,35342,19960,3609,279,9141,54944,SC-03
280024,212264,829,211435,156732,28115,169858,45252,17278,5115,1740,12033,55727,SC-07
247883,171815,981,170834,137127,32478,127383,28347,19721,2672,424,11532,64536,SC-06
289286,229319,874,228445,189743,35731,180430,34030,20230,2388,327,11459,48508,TN-04
267656,212344,888,211456,178600,31154,166928,27737,21064,2954,335,8371,46941,TN-08
295245,233495,1122,232373,182362,32897,187678,44394,21951,2754,296,9821,51929,TN-06
222570,164601,401,164200,137582,39969,119219,24377,10344,1172,97,6470,51499,TX-29
262738,203360,730,202630,164897,38834,145744,30361,24711,4925,657,7541,51837,TX-27
269223,217893,733,217160,175416,37821,168362,37328,17952,1923,551,6924,44406,TX-14
255078,201170,753,200417,164387,39138,142843,28416,32055,4271,461,8698,45210,TX-05
267076,212257,1165,211092,169889,30211,169776,35783,20856,2372,370,7046,47773,GA-09
285608,264053,392,263661,222609,20681,237559,38632,14530,846,317,5945,15610,GA-06
274542,221656,776,220880,176274,30649,181703,39988,17210,2326,235,9474,43412,GA-01
259746,188329,923,187406,142294,30350,145607,38859,18610,3519,230,11716,59701,GA-08
302823,254076,1710,252366,200682,33187,195249,42174,32342,6954,427,10215,38532,ID-02
267298,206836,877,205959,163269,29789,168107,39028,15916,1564,303,11424,49038,IL-01
300591,234654,381,234273,199505,31209,195785,29910,15816,939,870,16413,49524,IL-07
305206,263651,1011,262640,213021,20798,234326,42932,14383,1118,1690,8174,33381,IL-05
284343,227390,1442,225948,168991,27850,183693,50043,20778,3538,537,14006,42947,IL-13
266341,244573,610,243963,210682,16232,221813,30288,13368,1283,263,4206,17562,IL-06
251276,223196,725,222471,189574,22709,194483,29838,12732,1051,216,4746,23334,IL-10
289525,246607,895,245712,196558,21237,219326,45470,11851,1044,421,9955,32963,IL-09
278977,215836,1583,214253,171283,39857,158174,36528,21072,3478,751,9411,53730,IL-12
285570,227844,1384,226460,180495,28411,181241,39570,22487,3932,401,8562,49164,IN-09
286852,226216,1516,224700,170410,37114,168966,45934,22888,5053,723,6851,53785,IN-08
305718,267175,914,266261,223658,30215,226045,38154,18997,2144,349,7782,30761,IN-05
289339,223232,655,222577,179147,39187,176082,39335,15309,1435,195,9636,56471,IN-07
291128,225776,821,224955,177493,37383,174032,42550,16447,2646,360,7886,57466,TN-03
312572,252192,1923,250269,199399,35063,197946,43607,22961,4310,397,9227,51153,IA-02
274107,220565,1285,219280,174444,34587,170304,38142,18650,3614,810,8924,44618,KS-01
282436,218535,1305,217230,167881,30717,165839,40568,25510,5367,873,13145,50756,KS-02
304472,250196,897,249299,208626,37943,199084,36055,19223,2541,314,10074,44202,KY-06
272127,188400,1114,187286,136054,20372,155198,43874,17812,3872,234,9868,73859,KY-05
284922,191034,1575,189459,144967,41845,127828,35465,27746,6193,196,15954,77934,LA-04
303088,249858,647,249211,200838,28124,212633,41779,19350,2047,228,6690,46540,LA-01
269520,186630,1408,185222,148901,41256,120349,27228,29766,5671,586,9275,73615,LA-05
363322,309672,1020,308652,247342,29578,270419,56383,13972,2096,222,10712,42938,DE-00
302503,262590,528,262062,216423,27936,229506,42949,9128,863,232,7525,32388,FL-14
322102,276120,697,275423,224605,26059,243190,46934,11417,1517,226,12282,33700,FL-16
278529,231351,682,230669,189607,27194,197528,37711,11088,1232,113,13806,33372,FL-15
308167,257396,959,256437,193046,20113,230715,59752,11154,1382,167,11968,38803,FL-12
272653,220192,1483,218709,173369,32340,169838,37914,22790,4489,325,7944,44517,FL-02
296014,251720,1266,250454,195411,27210,216233,50915,15452,1657,239,9290,35004,FL-21
278592,239315,633,238682,189920,16583,219033,46237,6405,664,175,6263,33014,MA-03
276246,227983,1495,226488,180701,32465,177642,39634,20460,3321,425,8450,39813,MI-07
284044,230688,1353,229335,184711,39392,173856,37981,20462,4126,455,10486,42870,MI-06
283163,238984,1127,237857,188688,32592,186651,41567,23125,4503,574,7567,36612,MI-10
265169,185690,678,185012,140156,33410,145445,41334,12775,1258,195,14768,64711,MI-13
287463,261348,831,260517,215179,19152,235663,42224,12479,1390,180,4653,21462,MI-11
281789,245286,881,244405,202661,21001,213265,37678,16343,1928,284,8564,27939,MI-08
262516,234550,967,233583,196087,17896,206724,33848,16601,1883,234,5743,22223,MN-02
269287,224794,1812,222982,172901,26807,181244,43935,19353,3642,399,8171,36322,MN-01
271063,238010,1156,236854,198078,26588,203574,35050,12187,1149,349,7198,25855,MN-04
