total,belowPovertyLevel,belowPovertyLevelMarried,belowPovertyLevelMarriedNoHighSchoolGrad,belowPovertyLevelMarriedHighSchoolGrad,belowPovertyLevelMarriedSomeCollege,belowPovertyLevelMarriedBachelorsOrHigher,belowPovertyLevelSingleParent,belowPovertyLevelSingleParentDad,belowPovertyLevelSingleParentDadNoHighSchoolGrad,belowPovertyLevelSingleParentDadHighSchoolGrad,belowPovertyLevelSingleParentDadSomeCollege,belowPovertyLevelSingleParentDadBachelorsOrHigher,belowPovertyLevelSingleParentMom,belowPovertyLevelSingleParentMomNoHighSchoolGrad,belowPovertyLevelSingleParentMomHighSchoolGrad,belowPovertyLevelSingleParentMomSomeCollege,belowPovertyLevelSingleParentMomBachelorsOrHigher,atOrAbovePovertyLevel,atOrAbovePovertyLevelMarried,atOrAbovePovertyLevelMarriedNoHighSchoolGrad,atOrAbovePovertyLevelMarriedHighSchoolGrad,atOrAbovePovertyLevelMarriedSomeCollege,atOrAbovePovertyLevelMarriedBachelorsOrHigher,atOrAbovePovertyLevelSingleParent,atOrAbovePovertyLevelSingleParentDad,atOrAbovePovertyLevelSingleParentDadNoHighSchoolGrad,atOrAbovePovertyLevelSingleParentDadHighSchoolGrad,atOrAbovePovertyLevelSingleParentDadSomeCollege,atOrAbovePovertyLevelSingleParentDadBachelorsOrHigher,atOrAbovePovertyLevelSingleParentMom,atOrAbovePovertyLevelSingleParentMomNoHighSchoolGrad,atOrAbovePovertyLevelSingleParentMomHighSchoolGrad,atOrAbovePovertyLevelSingleParentMomSomeCollege,atOrAbovePovertyLevelSingleParentMomBachelorsOrHigher,stateId
190089,22969,8978,1611,2278,2781,2308,13991,2011,621,698,469,223,11980,2847,3971,3700,1462,167120,119113,8949,22417,36568,51179,48007,14462,2320,3980,4530,3632,33545,3871,8158,12111,9405,FL-10
203334,11765,5138,753,1249,1447,1689,6627,962,252,466,189,55,5665,1273,1589,1527,1276,191569,154732,4770,26069,45170,78723,36837,11415,1282,2780,3803,3550,25422,1403,6130,8962,8927,FL-04
168849,14376,5242,1008,1656,1704,874,9134,1662,400,610,365,287,7472,1678,2624,2487,683,154473,116589,5942,24058,36848,49741,37884,11061,1483,3119,3795,2664,26823,2098,8027,10266,6432,FL-13
175610,21977,9274,2701,3091,2009,1473,12703,1981,666,485,488,342,10722,3205,3573,2979,965,153633,107136,11680,25343,31517,38596,46497,14496,2424,4678,4124,3270,32001,4310,8089,10272,9330,FL-26
175134,13571,6516,1234,1986,1529,1767,7055,1410,476,333,397,204,5645,925,1860,1976,884,161563,124761,6534,22461,32517,63249,36802,11169,1291,3419,3308,3151,25633,2388,5994,9282,7969,FL-22
198157,22812,9327,1539,2895,2882,2011,13485,2761,998,921,560,282,10724,2284,3625,3824,991,175345,131172,11580,31529,43713,44350,44173,13934,1883,4659,5062,2330,30239,3210,7568,11113,8348,FL-09
206487,15925,7685,1434,2385,1865,2001,8240,1628,560,553,269,246,6612,1857,2493,1752,510,190562,159415,8629,31816,48390,70580,31147,11075,1891,3839,2880,2465,20072,2150,5834,7231,4857,FL-19
190081,15635,5582,1069,1785,1796,932,10053,1738,575,605,455,103,8315,1900,2878,2957,580,174446,136366,5148,26526,53610,51082,38080,11486,1017,3412,4513,2544,26594,2482,6780,11675,5657,FL-01
179268,15827,6331,897,1482,1825,2127,9496,1645,177,620,536,312,7851,1130,2134,3430,1157,163441,125280,4117,18773,37022,65368,38161,11467,703,2786,4297,3681,26694,1617,5274,10388,9415,FL-07
170786,18742,8753,3004,2398,1453,1898,9989,1986,606,615,416,349,8003,1715,2961,1949,1378,152044,108500,9159,18083,22964,58294,43544,14660,2170,4062,3929,4499,28884,3827,7488,7877,9692,FL-27
189810,18821,6392,1835,2441,1469,647,12429,1512,449,644,276,143,10917,2361,3925,3862,769,170989,133221,8777,31420,43375,49649,37768,10195,1660,3761,2883,1891,27573,3239,7769,9558,7007,GA-03
184422,19667,5997,1587,2377,1129,904,13670,1808,390,967,353,98,11862,2692,4499,4021,650,164755,130777,8878,33380,39303,49216,33978,9837,1847,3808,2334,1848,24141,3327,7684,7590,5540,GA-10
175236,21450,6765,2158,1900,1574,1133,14685,2332,439,921,850,122,12353,2898,3912,4566,977,153786,101026,8737,20034,29142,43113,52760,12185,1649,3794,4304,2438,40575,2606,8169,15724,14076,GA-04
145203,22731,4172,968,1473,843,888,18559,2203,590,755,673,185,16356,4394,5583,5046,1333,122472,74552,4757,11213,14160,44422,47920,11469,1817,3259,2973,3420,36451,3514,9155,12383,11399,GA-05
183462,19633,5928,1460,2354,1337,777,13705,2031,637,639,499,256,11674,1534,4210,4603,1327,163829,108215,8277,25305,33242,41391,55614,13610,1955,4591,4147,2917,42004,2785,9355,16037,13827,GA-13
201302,14718,7896,2269,2041,1774,1812,6822,1045,263,256,391,135,5777,1098,1484,2303,892,186584,149240,9680,21154,36526,81880,37344,11090,1571,2414,3896,3209,26254,1657,4776,9417,10404,GA-07
158331,32177,7376,2039,2849,2092,396,24801,3535,1226,1404,725,180,21266,4608,7162,8222,1274,126154,87475,7310,25480,30653,24032,38679,9233,1807,2832,3238,1356,29446,4389,8037,11348,5672,GA-02
184951,19833,8256,3043,2974,1627,612,11577,2079,708,778,404,189,9498,2755,3246,2838,659,165118,128839,16895,39009,41971,30964,36279,12439,2720,4598,3552,1569,23840,3757,7027,8375,4681,GA-14
193178,12640,5775,1533,1338,1631,1273,6865,1161,522,199,331,109,5704,1134,1663,1970,937,180538,144380,7633,21849,39457,75441,36158,10243,1880,2865,2789,2709,25915,2103,5304,9460,9048,GA-11
167005,25117,6861,2095,2501,1700,565,18256,2314,801,920,496,97,15942,4639,5550,5067,686,141888,106070,9268,29853,33606,33343,35818,9162,1707,3525,2265,1665,26656,3210,8588,9612,5246,GA-12
224755,18368,8224,1356,2319,3173,1376,10144,1852,365,701,657,129,8292,1509,2718,3403,662,206387,171805,9869,37227,65231,59478,34582,12887,1448,4411,4560,2468,21695,2085,5574,9503,4533,ID-01
159141,8060,3806,919,1121,991,775,4254,505,73,287,128,17,3749,518,1171,1398,662,151081,114597,5323,18867,37413,52994,36484,12141,722,3584,4191,3644,24343,2306,6103,8420,7514,HI-01
160207,12462,4693,445,1474,1731,1043,7769,1758,456,737,400,165,6011,923,2186,2098,804,147745,114297,4803,25782,40168,43544,33448,11749,879,4301,4147,2422,21699,2090,6091,8303,5215,HI-02
185889,11118,4196,636,1612,1340,608,6922,1445,383,540,432,90,5477,747,2124,2147,459,174771,146906,4742,34106,45642,62416,27865,8539,732,2826,3077,1904,19326,989,5202,7781,5354,IL-18
161463,23004,5046,1178,1849,1409,610,17958,2326,525,761,854,186,15632,2442,5184,6902,1104,138459,83490,7091,20882,30122,25395,54969,11776,1366,3913,4581,1916,43193,3393,10034,19172,10594,IL-02
195511,7680,3512,604,921,1043,944,4168,558,209,191,70,88,3610,596,1224,1203,587,187831,159814,5534,24831,46908,82541,28017,9342,908,2764,3224,2446,18675,1130,4655,6780,6110,IL-14
182579,14533,5211,973,2053,1494,691,9322,1657,497,651,454,55,7665,1139,2898,3330,298,168046,134781,8939,37250,49378,39214,33265,11845,1213,4794,3986,1852,21420,1744,6304,9020,4352,IL-16
,,,,,,,,,,,,,,,,,,,,,,,,,,,,,,,,,,,IL-ZZ
172559,21240,5803,1389,1966,1905,543,15437,2152,818,782,509,43,13285,2872,4835,4967,611,151319,115613,8097,33009,43605,30902,35706,11391,1396,4676,3937,1382,24315,2800,6921,10640,3954,IL-17
172986,13696,6305,1932,2052,1236,1085,7391,1460,351,664,358,87,5931,1216,2141,2051,523,159290,124024,13270,30248,35691,44815,35266,12540,1896,4223,4058,2363,22726,2293,6219,8452,5762,IL-03
150124,20172,8408,3674,3108,1022,604,11764,2150,849,752,459,90,9614,3348,3139,2692,435,129952,88707,22102,22520,18434,25651,41245,15588,4403,5256,3701,2228,25657,6325,6876,7277,5179,IL-04
175537,11711,4499,1846,1162,832,659,7212,963,265,352,191,155,6249,1496,1878,2265,610,163826,128635,13010,22114,34626,58885,35191,11455,1891,3555,3850,2159,23736,2442,5638,9329,6327,IL-11
183148,17934,6575,1292,2808,1894,581,11359,2032,538,648,790,56,9327,1574,3213,4029,511,165214,135750,7704,37892,53197,36957,29464,9813,917,3939,3539,1418,19651,1459,6182,8661,3349,IL-15
175829,12034,4988,1468,1220,993,1307,7046,1342,438,386,456,62,5704,1445,1704,2050,505,163795,129232,13868,24702,36459,54203,34563,11045,1843,3651,2863,2688,23518,2993,6227,8285,6013,IL-08
180302,17530,5872,1635,2127,1414,696,11658,2121,732,891,434,64,9537,2552,2863,3653,469,162772,129741,12184,39843,38513,39201,33031,11030,1671,4763,3047,1549,22001,2960,7735,7568,3738,IN-02
187261,18002,6657,1616,2650,1807,584,11345,2086,474,991,553,68,9259,1120,3832,3782,525,169259,135463,8638,45923,41465,39437,33796,12330,1311,5396,3831,1792,21466,1844,7529,7770,4323,IN-06
180704,19610,5131,975,1723,1937,496,14479,2227,583,914,529,201,12252,2221,4296,4807,928,161094,120488,6722,36888,39333,37545,40606,12769,1558,5070,3682,2459,27837,2535,8573,10939,5790,IN-01
192224,15915,5731,1894,2008,1338,491,10184,1634,432,703,430,69,8550,1636,3034,3223,657,176309,140729,13151,38931,44991,43656,35580,13022,1793,4955,4366,1908,22558,2656,7278,8518,4106,IN-03
189406,13608,4703,1027,1648,1157,871,8905,1587,392,477,631,87,7318,1661,2623,2685,349,175798,141292,8166,39743,44285,49098,34506,12314,1527,5128,3687,1972,22192,1922,7762,7408,5100,IN-04
197942,14252,4549,740,1459,1660,690,9703,1726,288,526,769,143,7977,1431,2546,3375,625,183690,152802,7324,41905,51839,51734,30888,11903,847,4390,4414,2252,18985,1178,4681,8938,4188,IA-01
196627,13878,5022,986,1626,1727,683,8856,1185,284,407,424,70,7671,1489,2625,3260,297,182749,152343,8216,41348,54710,48069,30406,11833,1717,3985,4810,1321,18573,1430,5622,7722,3799,IA-04
211916,13917,5064,1201,1591,1464,808,8853,1692,374,660,561,97,7161,1528,2308,2812,513,197999,158409,7244,32454,50200,68511,39590,12897,1400,4079,4617,2801,26693,2218,6208,10438,7829,IA-03
197822,11702,4043,1072,971,1155,845,7659,1127,388,293,362,84,6532,1494,2006,2414,618,186120,151848,6440,18123,35020,92265,34272,11145,1666,2326,3103,4050,23127,2112,4197,8349,8469,KS-03
180801,16460,5909,1315,2000,1704,890,10551,1914,448,656,660,150,8637,1849,2870,3284,634,164341,130460,7339,27355,45105,50661,33881,11558,1578,3332,4007,2641,22323,1984,5082,9540,5717,KS-04
197452,21822,8662,2492,3025,2259,886,13160,2741,858,1051,689,143,10419,1743,4079,4163,434,175630,140213,10949,44528,45348,39388,35417,12287,1481,5664,3768,1374,23130,2203,7160,9138,4629,KY-02
185339,24832,10190,2706,4030,2636,818,14642,2712,727,1382,517,86,11930,2446,4961,3936,587,160507,130621,11845,45510,42563,30703,29886,10567,1600,4786,2837,1344,19319,2077,6819,7516,2907,KY-01
179413,18818,4758,898,1703,1251,906,14060,1764,461,544,603,156,12296,2668,3747,4952,929,160595,116782,5977,23897,33873,53035,43813,12959,1238,4611,4034,3076,30854,2625,7571,13076,7582,KY-03
195877,17746,6061,1816,2299,1414,532,11685,2234,778,808,516,132,9451,2115,3110,3697,529,178131,144164,7830,35241,45331,55762,33967,11558,1372,4172,3710,2304,22409,2243,6351,8171,5644,KY-04
166755,30810,6569,2266,2056,1732,515,24241,3057,1004,1211,620,222,21184,5485,7932,6842,925,135945,85389,8172,23054,26023,28140,50556,12295,2192,4606,3404,2093,38261,5286,10419,13631,8925,LA-02
193600,17084,4296,1166,1499,1150,481,12788,2142,737,516,776,113,10646,2498,3643,3668,837,176516,136325,8673,37827,38305,51520,40191,12579,1891,4258,3845,2585,27612,2381,7589,9421,8221,LA-06
193982,27480,7951,2575,2892,1855,629,19529,2824,1054,1106,469,195,16705,3993,6954,4877,881,166502,127081,11465,42064,35530,38022,39421,12464,2338,5120,3251,1755,26957,3521,9821,8771,4844,LA-03
176292,9981,3701,493,1516,820,872,6280,1201,359,324,426,92,5079,573,1708,2194,604,166311,136259,4011,27927,38690,65631,30052,10100,696,3422,3468,2514,19952,1261,5846,6441,6404,ME-01
167499,19186,7375,1365,2750,2150,1110,11811,1877,425,553,781,118,9934,1730,3587,4014,603,148313,114328,6400,27083,36842,44003,33985,10290,1019,3572,3591,2108,23695,1563,6705,9296,6131,FL-03
123683,15141,2005,571,502,558,374,13136,1398,348,674,112,264,11738,3143,5053,2841,701,108542,71879,3222,5447,6985,56225,36663,8569,1106,2161,1995,3307,28094,3223,8405,8166,8300,DC-98
198571,18327,10241,2456,4086,2202,1497,8086,1391,313,683,247,148,6695,1452,2759,2160,324,180244,149073,10709,43602,47895,46867,31171,9730,1845,3690,2478,1717,21441,1997,7698,7885,3861,FL-17
193267,17337,7150,1084,2350,2369,1347,10187,2418,638,1006,560,214,7769,1195,2709,3114,751,175930,138656,8707,35617,49797,44535,37274,12573,1375,4585,4360,2253,24701,2208,7295,10106,5092,FL-06
161489,26591,6458,1591,2385,1937,545,20133,2578,557,1121,754,146,17555,4241,6460,6071,783,134898,85762,7222,23021,30672,24847,49136,12221,2134,4089,4285,1713,36915,3498,10345,14700,8372,FL-05
156954,27553,8809,2626,2916,1613,1654,18744,2978,964,1290,560,164,15766,4191,6411,3891,1273,129401,74479,11953,21287,20310,20929,54922,15516,3245,5099,4239,2933,39406,6619,11037,13884,7866,FL-24
214215,18712,8735,1463,3164,2820,1288,9977,1881,370,783,633,95,8096,1788,2928,2791,589,195503,162629,10217,44732,59411,48269,32874,10063,1652,3423,3453,1535,22811,2204,7813,8800,3994,FL-11
183773,14188,6780,820,1530,1760,2670,7408,768,139,107,243,279,6640,995,1633,2409,1603,169585,127005,5487,19920,35667,65931,42580,12188,1079,2831,4220,4058,30392,2099,6402,10645,11246,FL-23
186027,14277,6249,1099,2078,1716,1356,8028,1703,337,838,433,95,6325,848,2109,2530,838,171750,139592,6474,29594,46955,56569,32158,9278,904,2492,3693,2189,22880,1925,5721,8901,6333,FL-08
192517,13817,6518,1443,2132,1666,1277,7299,1226,238,553,233,202,6073,1406,1742,2160,765,178700,143219,8723,29327,45436,59733,35481,10652,1706,3309,2834,2803,24829,2770,6072,8810,7177,FL-18
165739,24984,8106,2727,2508,1823,1048,16878,2884,999,1131,443,311,13994,3852,4925,4232,985,140755,85403,9950,23093,25949,26411,55352,15977,2690,5358,5172,2757,39375,5066,11861,14241,8207,FL-20
183032,24352,10940,4154,2585,1986,2215,13412,2781,947,859,493,482,10631,2674,3755,2733,1469,158680,112750,16545,27682,28469,40054,45930,14977,3249,4481,3959,3288,30953,5477,9046,9186,7244,FL-25
170759,15517,6004,1130,2472,1708,694,9513,2352,445,1042,734,131,7161,740,3036,2900,485,155242,126169,5904,37363,43041,39861,29073,10612,1003,4620,3337,1652,18461,882,4866,7595,5118,ME-02
192989,11000,4117,858,1331,1069,859,6883,1217,369,430,293,125,5666,1293,1747,2138,488,181989,146707,7052,34591,42799,62265,35282,11260,1358,4288,3258,2356,24022,2104,6712,8908,6298,MD-01
180486,9250,3128,573,848,597,1110,6122,640,202,211,95,132,5482,1169,1882,1704,727,171236,131350,5937,17800,26973,80640,39886,11454,1347,3315,3075,3717,28432,2218,5967,9658,10589,MD-03
176925,10109,2670,734,687,607,642,7439,1527,401,554,377,195,5912,1626,1942,1796,548,166816,109750,9852,19227,28431,52240,57066,15628,3569,4190,4316,3553,41438,2978,11195,15185,12080,MD-04
186892,7992,2537,659,825,517,536,5455,936,226,498,123,89,4519,612,1613,1819,475,178900,135129,7108,27241,40209,60571,43771,10708,1112,3354,3637,2605,33063,1940,8010,12540,10573,MD-05
160868,17300,3094,656,895,657,886,14206,1837,671,535,462,169,12369,3097,4891,3419,962,143568,95464,4079,13948,19460,57977,48104,10107,1274,3180,3031,2622,37997,3775,9957,13321,10944,MD-07
184339,13905,3869,660,1509,849,851,10036,1426,246,586,394,200,8610,1477,3672,2826,635,170434,118104,7259,24791,34304,51750,52330,14460,1697,4395,4629,3739,37870,2614,9495,13906,11855,MD-02
193478,12193,4755,1156,1233,1195,1171,7438,1335,226,411,562,136,6103,1358,2149,2227,369,181285,142856,7823,23704,32579,78750,38429,11370,1207,2963,3540,3660,27059,2457,5808,8150,10644,MD-06
192189,7859,3214,718,755,549,1192,4645,771,299,167,225,80,3874,764,1304,1028,778,184330,151851,7796,16381,26023,101651,32479,10690,1716,2443,2238,4293,21789,1969,4145,6184,9491,MD-08
195401,8841,3337,517,594,984,1242,5504,516,104,81,240,91,4988,627,1490,1968,903,186560,154976,5446,20239,31468,97823,31584,9195,1061,2579,2497,3058,22389,1523,4757,6805,9304,MA-04
152939,21701,5202,2060,1417,746,979,16499,1830,675,516,460,179,14669,3672,5454,4372,1171,131238,83313,9090,14975,14960,44288,47925,13738,2542,4542,3301,3353,34187,5061,9263,11271,8592,MA-07
177449,11607,3989,873,1143,997,976,7618,874,244,317,258,55,6744,1547,2451,2000,746,165842,129187,5181,26061,32658,65287,36655,10475,886,3563,3088,2938,26180,2022,6574,8652,8932,MA-02
194272,12272,3975,763,1341,979,892,8297,1388,474,662,202,50,6909,1260,2659,2388,602,182000,142755,8584,30595,38637,64939,39245,11043,1212,4188,2917,2726,28202,2597,7602,9742,8261,MA-09
197629,10048,3141,547,930,561,1103,6907,1119,246,446,284,143,5788,984,2022,2059,723,187581,151833,6590,24747,33284,87212,35748,10405,1183,3032,2365,3825,25343,2105,6258,8419,8561,MA-06
182315,10306,3340,918,962,593,867,6966,984,195,300,335,154,5982,1390,2024,1834,734,172009,134892,6695,22192,29081,76924,37117,10609,1101,2644,2948,3916,26508,2169,6207,8796,9336,MA-08
180696,18495,4856,1318,1422,1374,742,13639,1491,456,621,348,66,12148,3671,3801,3987,689,162201,117315,6654,27748,34964,47949,44886,13401,1694,5225,3985,2497,31485,3129,8557,11995,7804,MA-01
187651,8747,3601,653,931,741,1276,5146,832,220,163,206,243,4314,809,1556,1139,810,178904,146969,5355,19038,21070,101506,31935,10407,1019,2845,2176,4367,21528,1860,4554,5763,9351,MA-05
184932,15699,6513,658,2395,2536,924,9186,1988,508,725,667,88,7198,1349,2540,2777,532,169233,141381,5834,37486,49601,48460,27852,10565,773,4257,3738,1797,17287,1244,5183,7083,3777,MI-01
188240,15003,5218,1060,1708,1569,881,9785,1446,295,713,392,46,8339,1592,2958,3297,492,173237,139242,7131,34690,47752,49669,33995,11715,1813,3897,3959,2046,22280,1793,6212,10067,4208,MI-02
158467,26404,6935,1754,2013,1815,1353,19469,3005,823,1150,1006,26,16464,3953,5460,6140,911,132063,82489,5039,12176,22861,42413,49574,12034,1619,3365,4338,2712,37540,3325,8858,16309,9048,MI-14
186504,15820,5173,1113,1681,1529,850,10647,2091,574,807,649,61,8556,1970,2944,3309,333,170684,137062,6316,28862,43801,58083,33622,12093,1461,3907,4310,2415,21529,1780,6111,7995,5643,MI-03
177621,25145,6636,1281,2625,2107,623,18509,3381,986,1255,949,191,15128,2645,5901,5965,617,152476,113637,5847,29804,46354,31632,38839,11747,1170,4610,4063,1904,27092,2606,7173,12405,4908,MI-05
181195,16762,6745,1179,2691,2153,722,10017,2002,481,915,563,43,8015,1150,2867,3517,481,164433,135476,7228,37879,49654,40715,28957,10628,1220,4333,3529,1546,18329,1329,5497,7677,3826,MI-04
,,,,,,,,,,,,,,,,,,,,,,,,,,,,,,,,,,,MI-ZZ
181104,16004,6121,1804,1833,1560,924,9883,1709,273,782,424,230,8174,1483,2727,3311,653,165100,122140,7356,25980,40492,48312,42960,13449,1537,4111,4786,3015,29511,2546,8032,12368,6565,MI-09
165304,16879,7539,2024,1982,2151,1382,9340,1504,396,549,332,227,7836,1711,2513,2803,809,148425,112816,6516,22233,33244,50823,35609,10852,1102,3460,3637,2653,24757,2136,6455,9810,6356,MI-12
176210,11837,4521,854,1694,1368,605,7316,1507,349,568,504,86,5809,1324,1619,2570,296,164373,138420,6849,37103,54121,40347,25953,10409,1322,4255,3747,1085,15544,1293,4174,7118,2959,MN-07
184691,7425,2863,638,797,815,613,4562,626,100,183,289,54,3936,851,1229,1464,392,177266,147701,4379,30325,55140,57857,29565,11832,813,3989,4810,2220,17733,1091,4158,8096,4388,MN-06
175651,12081,4296,528,1561,1633,574,7785,1351,261,404,534,152,6434,1085,1816,3174,359,163570,135353,5017,34487,53742,42107,28217,11494,844,4116,4811,1723,16723,927,4228,8331,3237,MN-08
190830,5990,2444,417,610,631,786,3546,615,23,214,220,158,2931,733,596,1254,348,184840,154412,2902,17270,39887,94353,30428,9716,590,2106,3297,3723,20712,1308,3643,7838,7923,MN-03
147665,13731,3897,1249,977,964,707,9834,1328,411,174,581,162,8506,2585,2382,2886,653,133934,101373,4878,11935,23035,61525,32561,10858,1237,2578,3674,3369,21703,2420,4562,8449,6272,MN-05
210445,13567,6653,2174,1733,1195,1551,6914,704,117,239,250,98,6210,1649,2051,1801,709,196878,161157,10838,26775,42372,81172,35721,11695,1793,3104,3733,3065,24026,2538,5380,8146,7962,TX-10
171701,26022,9224,3654,3031,1836,703,16798,2519,901,707,792,119,14279,5010,4520,4091,658,145679,99625,17760,25758,28706,27401,46054,14576,3254,4630,4357,2335,31478,5846,8973,10616,6043,TX-35
232335,13296,6763,1530,1401,1452,2380,6533,1096,429,313,186,168,5437,1150,1580,1978,729,219039,183335,9671,22067,45065,106532,35704,10740,1200,2480,3231,3829,24964,1762,3527,9924,9751,TX-22
169150,19422,6970,2296,2026,1696,952,12452,1619,619,443,509,48,10833,3161,3437,3764,471,149728,116065,13977,27941,36965,37182,33663,11189,2438,3952,3252,1547,22474,3147,6611,8742,3974,TX-19
178490,12437,7666,761,1204,3461,2240,4771,973,236,274,347,116,3798,357,1065,1799,577,166053,143955,4210,16292,49913,73540,22098,7353,634,1740,2965,2014,14745,903,2830,6141,4871,UT-03
178216,13635,6498,1070,1552,2379,1497,7137,1262,422,400,293,147,5875,1232,1798,2152,693,164581,137324,7871,24061,49304,56088,27257,10221,1670,3030,3579,1942,17036,1822,4378,6523,4313,UT-02
176465,20291,4268,784,1492,1400,592,16023,1736,615,565,466,90,14287,2735,4549,5969,1034,156174,106588,5176,22856,39678,38878,49586,12902,1706,4346,4461,2389,36684,3295,9151,15793,8445,VA-03
176091,17248,3549,921,1113,1050,465,13699,1447,522,457,388,80,12252,2926,4557,3940,829,158843,114807,6705,22877,36544,48681,44036,11194,1826,3670,3768,1930,32842,3457,9192,11862,8331,VA-04
186117,11256,3526,682,1071,1057,716,7730,1000,200,375,336,89,6730,1043,1834,3222,631,174861,135166,4925,21910,47697,60634,39695,12203,1521,3195,4978,2509,27492,1973,5538,11285,8696,VA-02
187322,15983,5418,1087,2013,1440,878,10565,1805,596,804,244,161,8760,2041,3530,2678,511,171339,134541,10026,35656,38833,50026,36798,12117,2150,5029,2778,2160,24681,2735,7708,8416,5822,VA-06
199867,7888,3218,512,612,995,1099,4670,940,281,373,221,65,3730,671,1061,1544,454,191979,164134,4904,21556,47864,89810,27845,10707,1244,2783,3547,3133,17138,1016,3312,6988,5822,WA-01
177976,15060,5788,747,1667,2393,981,9272,2157,435,684,901,137,7115,947,1844,3597,727,162916,129932,5109,22936,50500,51387,32984,11080,1055,3416,4398,2211,21904,1322,4722,10277,5583,WA-05
184718,11626,4404,677,1126,1481,1120,7222,1238,75,332,612,219,5984,1372,1480,2593,539,173092,138455,6579,23554,50897,57425,34637,12253,1234,3676,4640,2703,22384,1623,5161,9923,5677,WA-02
181462,12622,4415,673,1062,1837,843,8207,1483,208,480,656,139,6724,768,1845,3167,944,168840,136592,4603,24005,53674,54310,32248,11186,1193,3550,4080,2363,21062,1474,5068,9409,5111,WA-06
157190,25780,10984,3194,4886,2428,476,14796,3320,989,1615,632,84,11476,2165,4901,3979,431,131410,105043,10817,41243,29170,23813,26367,9414,2131,4235,1972,1076,16953,3143,5699,5216,2895,WV-03
190267,12263,3644,495,1294,1150,705,8619,1503,186,803,380,134,7116,1449,2324,3000,343,178004,144128,6872,33498,48563,55195,33876,12141,1296,4410,4191,2244,21735,1674,6006,9270,4785,WI-01
191462,7783,3174,624,891,938,721,4609,645,158,210,251,26,3964,251,1488,1899,326,183679,153562,4657,29396,45947,73562,30117,10548,727,3720,3524,2577,19569,1103,4811,7664,5991,WI-05
185940,10540,3726,620,1022,1106,978,6814,1200,166,643,335,56,5614,656,1921,2502,535,175400,142858,4751,26203,39005,72899,32542,11149,956,3047,3899,3247,21393,1562,5022,8141,6668,WI-02
172480,27731,11157,4256,2903,2921,1077,16574,1928,699,638,533,58,14646,4378,4153,5067,1048,144749,102921,12898,20364,35865,33794,41828,12633,1871,2951,5136,2675,29195,5474,6002,9825,7894,TX-16
198144,11692,5902,1225,1170,1222,2285,5790,585,234,96,187,68,5205,1426,1440,1712,627,186452,144476,9372,17288,34933,82883,41976,13545,1961,2926,4001,4657,28431,2760,6078,10349,9244,TX-24
159494,31363,12585,7223,3036,1519,807,18778,2817,1406,911,379,121,15961,7095,5137,3198,531,128131,83164,35123,21587,15693,10761,44967,16791,7621,4627,3499,1044,28176,8799,8694,7910,2773,TX-33
183696,16255,6618,2487,2027,1502,602,9637,1311,376,508,353,74,8326,2464,2490,2908,464,167441,132918,16464,33194,45037,38223,34523,12164,1831,4076,4317,1940,22359,3820,6190,8676,3673,TX-11
179218,39409,19112,10941,3825,2982,1364,20297,2875,1139,955,643,138,17422,8218,4458,3987,759,139809,103273,21577,23108,28865,29723,36536,9574,2022,2458,2983,2111,26962,7526,6169,7208,6059,TX-15
174475,24997,11088,5712,2640,2148,588,13909,2083,821,545,582,135,11826,4205,3502,3586,533,149478,116127,19711,24375,33596,38445,33351,9754,2182,3164,2954,1454,23597,5362,6183,7352,4700,TX-23
197445,13806,5030,1477,1394,1329,830,8776,1269,423,379,360,107,7507,1559,2406,3111,431,183639,143468,10818,29057,45236,58357,40171,12567,1786,4229,4111,2441,27604,2623,7543,10294,7144,TX-12
213468,16111,7399,2503,2049,1937,910,8712,1379,321,544,451,63,7333,1851,2747,2086,649,197357,162925,14017,31434,49082,68392,34432,11228,2056,3580,3011,2581,23204,2108,6074,9026,5996,TX-08
164896,39148,18049,9659,4619,2890,881,21099,3118,1337,992,661,128,17981,7334,5629,4397,621,125748,92624,22059,23388,26632,20545,33124,9758,2242,3221,3058,1237,23366,6666,5781,7250,3669,TX-34
173263,28900,9385,4804,2409,1455,717,19515,2743,903,1066,700,74,16772,5023,5749,5303,697,144363,91964,19197,19966,27829,24972,52399,13611,3333,4317,3814,2147,38788,5325,10787,15454,7222,TX-30
171047,32254,10223,4686,2746,1996,795,22031,2785,1260,973,470,82,19246,6396,6535,5562,753,138793,88577,17675,20610,22749,27543,50216,14656,3774,4848,4117,1917,35560,6285,9608,13026,6641,TX-18
194588,15346,6723,2152,1758,1344,1469,8623,1396,495,236,597,68,7227,1799,2398,2305,725,179242,140946,9768,19626,38023,73529,38296,11719,2142,3535,3148,2894,26577,2341,5080,10797,8359,TX-02
169598,23265,9015,3505,2717,1904,889,14250,2104,528,729,632,215,12146,4772,3422,3245,707,146333,101169,12722,20056,33868,34523,45164,12728,2535,3441,4494,2258,32436,5460,8240,11686,7050,TX-20
204908,13894,5056,1006,1265,1748,1037,8838,1045,206,362,278,199,7793,1815,2338,2776,864,191014,154163,6418,24188,51993,71564,36851,11041,931,3069,4669,2372,25810,1574,5497,11324,7415,TX-31
194111,13850,6691,1743,1526,2148,1274,7159,1215,248,468,454,45,5944,1385,1785,2095,679,180261,149745,8259,25876,42671,72939,30516,9569,1057,3007,3178,2327,20947,1829,4992,8033,6093,TX-25
184346,14348,6341,2299,1095,1222,1725,8007,1185,341,255,476,113,6822,2400,1626,2038,758,169998,133568,13259,15855,32104,72350,36430,12640,1939,3122,4000,3579,23790,2911,4546,8854,7479,TX-32
189642,11546,4767,1008,1206,1313,1240,6779,939,137,273,391,138,5840,1405,1736,1732,967,178096,146142,5191,20378,38864,81709,31954,10559,1069,2642,3373,3475,21395,1691,4252,7727,7725,TX-21
225226,9799,4633,1051,742,1070,1770,5166,777,145,223,217,192,4389,793,1331,1423,842,215427,180445,5283,14136,41354,119672,34982,10597,1005,1962,3461,4169,24385,1276,3574,8763,10772,TX-03
193568,19578,7586,2260,2278,2389,659,11992,2256,579,931,637,109,9736,1998,3495,3669,574,173990,140803,11484,36423,49529,43367,33187,10357,1635,3663,3369,1690,22830,2601,6789,9224,4216,TX-04
174251,19350,7824,2785,2510,1940,589,11526,1882,512,802,523,45,9644,2553,2928,3808,355,154901,123971,14518,31115,42566,35772,30930,10803,1747,3767,4143,1146,20127,2470,6222,7594,3841,TX-13
218610,9017,4145,1021,748,1011,1365,4872,694,106,288,148,152,4178,815,1210,1418,735,209593,173880,7130,21009,49134,96607,35713,10756,1034,2449,3229,4044,24957,1757,4662,9203,9335,TX-26
180653,29494,11430,3974,3261,2263,1932,18064,2455,844,765,471,375,15609,4838,5368,4081,1322,151159,96470,19064,22332,24671,30403,54689,16397,4040,4502,4674,3181,38292,5753,9325,13339,9875,TX-09
156384,10278,3964,706,1383,942,933,6314,1008,203,432,255,118,5306,829,1823,1911,743,146106,119229,4931,27321,31783,55194,26877,9722,1098,3394,2898,2332,17155,804,4285,6130,5936,VT-00
184871,12883,5948,684,1806,2139,1319,6935,1078,284,335,408,51,5857,1548,1719,2126,464,171988,145745,6794,27439,54391,57121,26243,10040,1150,3232,3851,1807,16203,1254,4559,6933,3457,UT-01
187606,10880,5065,926,1220,1580,1339,5815,985,322,308,289,66,4830,1291,1451,1738,350,176726,143898,7803,25634,53769,56692,32828,11230,1116,3971,4228,1915,21598,1863,6018,8624,5093,UT-04
206376,9892,4076,1007,1212,974,883,5816,826,268,285,158,115,4990,1216,1857,1387,530,196484,162211,8913,28808,46719,77771,34273,11192,1623,3660,3236,2673,23081,2349,6065,7845,6822,VA-01
215504,6189,3065,709,616,799,941,3124,580,173,228,115,64,2544,537,434,804,769,209315,179760,7487,17608,32412,122253,29555,9459,1084,1944,2496,3935,20096,1600,3599,6084,8813,VA-10
190172,17678,6286,1615,2425,1430,816,11392,1888,538,727,531,92,9504,1979,3560,3364,601,172494,135444,10627,32273,41258,51286,37050,10975,2002,3440,3533,2000,26075,3399,7369,10007,5300,VA-05
203450,9849,3845,733,1101,841,1170,6004,1000,290,282,271,157,5004,1216,1545,1628,615,193601,154467,7714,25993,40318,80442,39134,12307,1532,3976,3390,3409,26827,2542,5947,9860,8478,VA-07
190684,8513,3727,803,718,557,1649,4786,809,180,315,188,126,3977,824,884,1240,1029,182171,148369,7684,14094,23134,103457,33802,10819,1214,1633,2629,5343,22983,2112,3832,6610,10429,VA-11
178872,21564,9072,2860,3261,2356,595,12492,2485,741,1030,623,91,10007,2069,3840,3490,608,157308,127476,12777,36311,42257,36131,29832,9093,1794,3431,2700,1168,20739,3288,5764,8306,3381,VA-09
180881,10346,4408,1230,958,846,1374,5938,817,325,159,104,229,5121,1919,1286,1158,758,170535,136425,7145,10476,18675,100129,34110,11583,2016,1873,2622,5072,22527,2387,3635,6107,10398,VA-08
188882,13154,5251,861,1634,1949,807,7903,1442,288,460,547,147,6461,831,2007,3162,461,175728,141724,7325,27527,57029,49843,34004,12907,1629,4043,4885,2350,21097,1809,4751,10492,4045,WA-03
187195,15057,5426,1081,1627,1790,928,9631,1786,330,694,582,180,7845,1461,2165,3580,639,172138,134515,5720,24976,52835,50984,37623,11960,1302,3473,5054,2131,25663,1557,6258,11655,6193,WA-10
176372,20089,7363,3280,1815,1716,552,12726,2005,859,520,489,137,10721,4213,3221,2782,505,156283,121103,18415,26272,40958,35458,35180,12907,3721,3960,3666,1560,22273,4232,5417,8774,3850,WA-04
171150,7561,3067,545,251,1024,1247,4494,940,158,199,391,192,3554,729,602,1419,804,163589,135430,3334,8939,24946,98211,28159,10237,860,1764,3007,4606,17922,1596,2098,5318,8910,WA-07
179285,13496,5401,1556,952,1678,1215,8095,1755,338,522,507,388,6340,1689,1645,2230,776,165789,127209,7587,16592,31412,71618,38580,13388,1719,2917,4633,4119,25192,2328,4989,9992,7883,WA-09
195047,10566,4410,1160,1377,834,1039,6156,827,176,276,232,143,5329,1360,1768,1633,568,184481,152623,7256,26574,49944,68849,31858,11205,1346,3164,4031,2664,20653,1704,5496,8515,4938,WA-08
151177,15809,6029,1366,2665,1430,568,9780,1909,566,818,495,30,7871,1299,3298,2945,329,135368,108992,6352,37400,31454,33786,26376,9617,1040,4464,2632,1481,16759,1586,6186,5392,3595,WV-01
165489,18783,7040,1655,3069,1715,601,11743,2423,574,1257,436,156,9320,1946,4105,2970,299,146706,117936,9091,40757,33509,34579,28770,9569,1448,4658,2130,1333,19201,1794,7193,6207,4007,WV-02
177808,11769,4995,1091,1656,1527,721,6774,1659,271,577,745,66,5115,728,1756,2264,367,166039,137417,5815,37742,48189,45671,28622,11439,1039,4532,4317,1551,17183,970,4750,7389,4074,WI-03
154026,27927,6355,2264,2127,1383,581,21572,3432,1040,1273,1022,97,18140,4211,6858,6182,889,126099,79004,7485,17434,22634,31451,47095,12573,2130,3990,4642,1811,34522,3936,9433,13581,7572,WI-04
197555,12949,5616,1079,2039,1834,664,7333,1679,352,728,484,115,5654,565,2119,2518,452,184606,155071,7672,44416,54898,48085,29535,11697,1197,4811,4095,1594,17838,1195,5291,7995,3357,WI-07
188314,10318,4051,595,1378,1263,815,6267,1172,248,462,409,53,5095,743,1809,2092,451,177996,147565,6806,41410,48773,50576,30431,11795,1117,4438,4388,1852,18636,1420,5696,7302,4218,WI-06
196841,12666,4467,793,1716,1290,668,8199,1546,380,671,385,110,6653,1006,2343,2788,516,184175,153211,6690,42326,50887,53308,30964,12294,1012,4748,4465,2069,18670,1424,5697,7189,4360,WI-08
809328,326456,126632,48661,42722,23964,11285,199824,37752,11928,15176,7989,2659,162072,39158,57538,46043,19333,482872,324646,42820,78610,79597,123619,158226,41714,7231,11176,11693,11614,116512,17367,20603,27299,51243,PR-98
191019,22777,7733,2716,2403,1886,728,15044,1892,712,672,411,97,13152,3047,4328,5003,774,168242,128649,13251,33092,45741,36565,39593,11520,2369,4233,3473,1445,28073,3812,8083,10358,5820,MS-01
186062,26047,8287,2528,2837,2091,831,17760,2285,608,1117,474,86,15475,3754,5044,5649,1028,160015,122996,9361,28045,39733,45857,37019,9212,1782,3102,2642,1686,27807,3087,6672,11542,6506,MS-03
191671,29664,8311,1389,2872,3157,893,21353,2861,713,1120,958,70,18492,4360,5963,7414,755,162007,123971,9467,31033,45796,37675,38036,11129,1577,3732,4299,1521,26907,2611,7112,11395,5789,MS-04
165229,35325,6937,1611,2355,2291,680,28388,3137,1017,1322,638,160,25251,5490,9282,9232,1247,129904,83884,9054,21131,28715,24984,46020,10154,2338,3221,3295,1300,35866,5889,8789,13784,7404,MS-02
162997,15949,3959,520,1495,1014,930,11990,1715,236,814,516,149,10275,1418,3659,4431,767,147048,108943,3425,23001,29207,53310,38105,10723,866,3821,3067,2969,27382,1520,8256,10163,7443,PA-18
185668,14229,4865,1033,1764,1330,738,9364,1677,454,597,521,105,7687,1968,2770,2550,399,171439,132601,7867,36193,35332,53209,38838,12743,1427,5159,3696,2461,26095,2757,8275,9221,5842,PA-07
161531,32760,9770,3183,3641,1415,1531,22990,4092,1503,1764,578,247,18898,5414,8295,4020,1169,128771,77160,9565,25646,19479,22470,51611,14218,3042,5139,3662,2375,37393,5470,13996,11542,6385,PA-02
190973,9661,3438,303,1278,1169,688,6223,1107,133,411,383,180,5116,639,1771,2088,618,181312,148455,3804,29659,36690,78302,32857,10161,631,2970,3387,3173,22696,1006,6913,7699,7078,PA-17
190306,7171,3292,589,959,785,959,3879,563,33,197,213,120,3316,323,1218,1282,493,183135,151314,5332,31698,35150,79134,31821,10412,853,3301,2782,3476,21409,1353,6378,6688,6990,PA-01
180424,17000,4935,1033,2256,1089,557,12065,2097,497,1055,412,133,9968,1850,4247,3198,673,163424,129996,6407,42599,33689,47301,33428,11810,1048,5296,3165,2301,21618,1604,7957,6994,5063,PA-16
175288,17900,5564,1270,2413,1267,614,12336,2160,644,889,526,101,10176,2013,4560,2876,727,157388,121676,6380,38452,37380,39464,35712,12263,1467,4594,3720,2482,23449,2184,8216,7757,5292,PA-08
187094,13707,3744,675,1620,939,510,9963,1201,249,560,341,51,8762,1771,3399,2787,805,173387,135765,6651,36723,34844,57547,37622,11256,1245,4737,3099,2175,26366,1889,9113,9048,6316,PA-10
188075,15204,5657,1271,2966,920,500,9547,1799,373,878,474,74,7748,1182,3597,2419,550,172871,142219,10200,57518,37389,37112,30652,10783,1299,5269,2756,1459,19869,1982,8194,6029,3664,PA-13
194286,11758,4835,1608,1634,1036,557,6923,1086,215,342,423,106,5837,1336,2361,1869,271,182528,151007,15912,46705,37780,50610,31521,10589,1602,5158,2194,1635,20932,2852,8000,5901,4179,PA-11
185347,13326,4557,1078,2029,984,466,8769,1749,509,685,436,119,7020,1359,3019,2223,419,172021,137421,9946,52104,36547,38824,34600,12410,1326,6497,2774,1813,22190,2064,8903,7308,3915,PA-09
193388,7957,2988,486,853,800,849,4969,671,194,122,239,116,4298,575,1631,1520,572,185431,152419,4661,27241,30882,89635,33012,9630,908,2910,2395,3417,23382,1258,5640,7230,9254,PA-04
179891,14455,5738,1331,2741,1233,433,8717,2123,357,1220,387,159,6594,919,3192,2020,463,165436,136465,7380,57391,35804,35890,28971,11518,1015,6042,2826,1635,17453,1345,7646,5216,3246,PA-15
173307,15197,4596,668,1746,1174,1008,10601,1301,280,606,270,145,9300,1411,4270,2855,764,158110,115413,4689,25032,25364,60328,42697,11854,1208,4564,3193,2889,30843,2508,10177,9588,8570,PA-05
138442,24527,4689,1123,1668,1089,809,19838,2840,832,1167,620,221,16998,3410,6914,5518,1156,113915,65392,3853,10742,12472,38325,48523,10478,1110,3792,3015,2561,38045,3572,12261,13013,9199,PA-03
202466,20946,9335,1980,2991,3224,1140,11611,2427,624,981,775,47,9184,1817,3247,3257,863,181520,147789,10222,39732,50587,47248,33731,11924,1210,4398,4072,2244,21807,2294,6118,8887,4508,MO-07
194682,14035,5545,1457,1770,1595,723,8490,1470,309,690,335,136,7020,1314,2680,2580,446,180647,148404,6959,40683,44118,56644,32243,11294,1009,4244,3689,2352,20949,1257,6089,8083,5520,MO-06
192107,26889,10950,2651,4247,3383,669,15939,3681,1239,1603,691,148,12258,3042,4476,4221,519,165218,133606,12882,45611,43822,31291,31612,11364,1779,5010,3501,1074,20248,2805,6161,7813,3469,MO-08
208378,13784,4440,769,1782,1327,562,9344,1545,366,622,460,97,7799,1757,2052,3216,774,194594,160267,7881,41928,54138,56320,34327,12172,1861,4201,3977,2133,22155,1975,6208,8434,5538,MO-03
190845,18593,8231,1941,2832,2311,1147,10362,2489,798,949,645,97,7873,1612,2827,2958,476,172252,142101,9614,40738,45324,46425,30151,10510,1032,4415,3475,1588,19641,1708,5695,7321,4917,MO-04
263548,21178,9369,1050,3320,3294,1705,11809,2454,382,1024,834,214,9355,1261,3526,3490,1078,242370,202625,7106,47252,66649,81618,39745,15276,1261,5047,5613,3355,24469,1403,6157,9887,7022,MT-00
159196,12281,4918,1064,1638,1697,519,7363,1600,476,621,413,90,5763,1146,2130,2061,426,146915,123573,7428,32897,47492,35756,23342,8497,1443,2978,3014,1062,14845,1505,4087,6211,3042,NE-03
143260,23485,8450,2789,2610,2228,823,15035,2749,882,1008,617,242,12286,4286,4010,3463,527,119775,75245,15182,21171,23965,14927,44530,17112,4088,5796,5464,1764,27418,5106,8486,9872,3954,NV-01
197218,11819,5197,572,1230,2079,1316,6622,1342,112,441,529,260,5280,699,1813,1992,776,185399,139258,5986,25334,49688,58250,46141,16372,958,4601,6342,4471,29769,1960,7334,12849,7626,NV-03
181337,13039,5258,1414,1371,1695,778,7781,1671,301,570,679,121,6110,1749,1871,1982,508,168298,131404,11118,26825,48437,45024,36894,13554,2072,3758,4934,2790,23340,2717,5305,10387,4931,NV-02
172608,7729,2660,573,782,667,638,5069,964,202,480,149,133,4105,668,1439,1575,423,164879,136194,5197,28733,39098,63166,28685,9872,830,3526,2962,2554,18813,1267,4764,7196,5586,NH-02
180046,14404,3886,1120,1281,902,583,10518,1465,390,515,380,180,9053,2339,2840,3056,818,165642,120328,5610,27655,33700,53363,45314,12469,1467,4544,3692,2766,32845,2857,9953,11569,8466,NJ-01
172230,24647,6099,1622,1873,1096,1508,18548,2761,679,1227,695,160,15787,3730,6127,4623,1307,147583,89436,8672,21906,21636,37222,58147,15760,2063,5025,4670,4002,42387,3911,12439,14462,11575,NJ-10
193146,7056,3243,485,895,746,1117,3813,617,66,262,203,86,3196,667,1193,607,729,186090,155423,5107,25836,33065,91415,30667,8829,672,2525,2579,3053,21838,1402,5210,6106,9120,NJ-05
196669,6379,3132,519,972,632,1009,3247,391,117,128,79,67,2856,306,1037,1091,422,190290,161802,5056,22190,28622,105934,28488,8222,730,2304,1721,3467,20266,959,4345,5525,9437,NJ-07
187303,21021,7959,2419,2652,1226,1662,13062,1907,762,610,352,183,11155,3601,4275,2445,834,166282,120638,11140,30413,24224,54861,45644,14763,2040,4750,4248,3725,30881,3951,10027,8667,8236,NJ-09
181094,12873,4857,1184,1466,704,1503,8016,1373,357,561,267,188,6643,2004,2141,1891,607,168221,130921,9324,26491,27228,67878,37300,11939,1596,3799,3272,3272,25361,2849,7515,7700,7297,NJ-06
187252,11893,4772,1462,1367,617,1326,7121,1143,537,281,254,71,5978,1590,2138,1333,917,175359,138732,6347,21068,25762,85555,36627,11215,1610,3365,2625,3615,25412,2807,6998,7299,8308,NJ-12
163600,20844,7496,2561,1903,1972,1060,13348,2556,603,858,749,346,10792,2666,2686,4087,1353,142756,103474,6859,18311,31428,46876,39282,13737,1760,4225,4691,3061,25545,2437,5603,10335,7170,NM-01
163988,22766,8509,2667,2649,2246,947,14257,2834,839,1014,895,86,11423,2561,3766,4150,946,141222,103904,7753,22116,34637,39398,37318,12282,2041,3825,4233,2183,25036,2782,6220,9715,6319,NM-03
167565,7339,3260,837,968,656,799,4079,893,344,426,104,19,3186,937,919,1073,257,160226,124136,8037,29723,37485,48891,36090,11065,1558,3790,3091,2626,25025,2391,7869,7563,7202,NY-02
174852,17789,4234,876,1144,1052,1162,13555,1575,438,604,376,157,11980,3144,3569,4459,808,157063,117213,5053,19331,31332,61497,39850,10794,1138,3146,3485,3025,29056,2877,7132,11099,7948,NY-25
189584,6517,3709,692,930,643,1444,2808,459,83,151,75,150,2349,470,585,679,615,183067,156112,5929,19659,30908,99616,26955,8650,829,2070,1923,3828,18305,1327,4577,4493,7908,NY-03
152812,17444,11869,3977,3790,2053,2049,5575,1124,289,247,377,211,4451,1257,1102,1236,856,135368,110323,9791,14074,13194,73264,25045,7447,1293,1453,1354,3347,17598,1871,3415,3528,8784,NY-10
159244,36023,8845,4783,1548,1406,1108,27178,3262,1094,971,768,429,23916,9253,7040,5681,1942,123221,59515,11770,11796,11214,24735,63706,16189,3637,4840,3953,3759,47517,11182,11454,12764,12117,NY-13
170415,22695,6569,1650,2161,1723,1035,16126,2130,582,868,556,124,13996,3414,4738,5061,783,147720,103904,5277,22657,32166,43804,43816,11484,965,3771,3941,2807,32332,2425,8387,13538,7982,NY-26
169939,21566,7741,2087,2732,1330,1592,13825,2026,543,838,556,89,11799,2946,4585,3002,1266,148373,91376,9311,18233,17715,46117,56997,13383,1915,3692,3748,4028,43614,5108,12504,12365,13637,NY-09
175402,8109,3419,787,1422,714,496,4690,783,348,219,149,67,3907,709,1576,1146,476,167293,136074,6254,28113,41025,60682,31219,10028,1228,2970,3251,2579,21191,1439,6442,6153,7157,NY-01
157587,30974,15280,7936,4083,2000,1261,15694,2159,967,635,380,177,13535,5514,4146,2788,1087,126613,84675,18807,18399,13519,33950,41938,13101,3232,3901,2802,3166,28837,7493,7583,6886,6875,NY-07
177715,11792,7454,2251,2064,1894,1245,4338,654,249,176,203,26,3684,1191,1264,716,513,165923,133703,9868,18569,27671,77595,32220,9875,1747,2410,2557,3161,22345,2521,4901,6019,8904,NY-17
178647,17916,11126,3492,3566,1983,2085,6790,1174,212,169,495,298,5616,1535,1928,998,1155,160731,120160,14895,26403,25809,53053,40571,12934,1571,3255,3493,4615,27637,3602,6894,6894,10247,NY-06
173938,15199,5601,1772,1804,997,1028,9598,1634,603,402,580,49,7964,2855,2223,2294,592,158739,97529,13369,24642,27088,32430,61210,15854,2864,4715,4612,3663,45356,6024,12560,14176,12596,NY-05
177245,16433,5002,1504,1617,774,1107,11431,1576,633,649,152,142,9855,2960,2803,3029,1063,160812,107899,10004,17600,20497,59798,52913,13971,1976,4092,3630,4273,38942,5464,8675,11421,13382,NY-16
185776,18979,10109,2933,3405,1727,2044,8870,1410,651,320,231,208,7460,2053,2196,2359,852,166797,128770,11273,31720,30728,55049,38027,11496,1390,3249,2968,3889,26531,2449,6878,7905,9299,NY-11
166968,54113,11220,5350,2707,1837,1326,42893,5136,2544,1215,1027,350,37757,15601,10569,9444,2143,112855,48898,13516,12622,13182,9578,63957,15269,3727,5554,4163,1825,48688,11626,12286,16194,8582,NY-15
171010,16570,5601,1519,1817,1603,662,10969,2650,643,1281,647,79,8319,1316,3523,2875,605,154440,122882,7557,33481,39773,42071,31558,10640,1001,4382,3706,1551,20918,1432,6310,8046,5130,NY-23
176940,29270,8381,2391,2968,1455,1567,20889,3467,1064,1351,754,298,17422,4848,6843,4205,1526,147670,83541,8671,20460,19034,35376,64129,14420,1697,4949,3884,3890,49709,5918,14700,13808,15283,NY-08
140818,7880,3464,773,821,757,1113,4416,776,246,205,73,252,3640,978,1073,838,751,132938,109715,3675,7025,9764,89251,23223,7282,679,1196,1486,3921,15941,1718,2690,3207,8326,NY-12
177152,10973,5343,1302,1609,1540,892,5630,655,217,167,245,26,4975,1024,1399,2046,506,166179,133620,7331,25716,38346,62227,32559,9386,1129,2960,2679,2618,23173,1563,5670,8897,7043,NY-18
180529,27773,6557,2250,1914,1600,793,21216,2991,1088,986,755,162,18225,4883,5718,6189,1435,152756,106795,9311,24205,30862,42417,45961,10928,2578,3901,2839,1610,35033,4856,9397,12660,8120,NC-01
202178,23793,8789,2736,2388,2458,1207,15004,2342,1050,886,383,23,12662,2904,4014,4917,827,178385,140838,9645,30374,49815,51004,37547,11540,2252,3782,3720,1786,26007,2686,7220,10241,5860,NC-07
224088,16071,5735,1439,1701,1657,938,10336,1801,691,743,356,11,8535,1931,2538,3221,845,208017,170349,8595,28515,51349,81890,37668,10091,1289,2785,3442,2575,27577,2523,5579,11109,8366,NC-02
202782,23104,7789,2690,2289,2011,799,15315,2190,638,767,720,65,13125,3384,4028,5104,609,179678,139675,12026,32606,46663,48380,40003,11939,2427,3875,3957,1680,28064,3684,7360,11107,5913,NC-06
196934,21662,7199,1850,2316,2191,842,14463,2915,843,909,1004,159,11548,2065,3486,5188,809,175272,140328,7865,33800,54270,44393,34944,9550,1557,3019,3318,1656,25394,2390,7082,10255,5667,NC-03
195112,20220,7928,2317,2758,2054,799,12292,2517,751,1136,479,151,9775,2308,3100,3822,545,174892,136855,11154,32855,46780,46066,38037,12194,1917,4547,4078,1652,25843,3480,6623,10419,5321,NC-10
200643,13246,4377,1138,856,647,1736,8869,1731,452,407,576,296,7138,1949,1682,2536,971,187397,145815,5451,13156,27824,99384,41582,10797,1786,1612,3095,4304,30785,2248,4622,10865,13050,NC-04
194242,22597,9162,3045,2878,2155,1084,13435,2774,815,903,842,214,10661,2820,3749,3585,507,171645,136907,11668,32378,45132,47729,34738,10265,1481,3499,3246,2039,24473,2911,6343,9479,5740,NC-05
206438,20771,9455,2825,2959,2706,965,11316,2050,726,742,539,43,9266,2390,2741,3789,346,185667,151872,12142,36759,50931,52040,33795,11026,2303,3342,3556,1825,22769,2697,5614,9776,4682,NC-11
197420,21131,6677,1368,2035,2621,653,14454,2222,634,725,611,252,12232,2241,3396,5530,1065,176289,136923,8299,29007,51526,48091,39366,10773,1489,3403,3828,2053,28593,2243,6467,12750,7133,NC-08
194699,18981,5855,2170,1273,1286,1126,13126,1939,710,554,454,221,11187,3065,3090,3892,1140,175718,124768,8745,16992,34137,64894,50950,14085,2582,3403,3819,4281,36865,3177,6264,15802,11622,NC-12
184703,18368,3597,741,1280,1033,543,14771,1968,608,798,441,121,12803,2586,4372,5082,763,166335,126136,4766,26535,33947,60888,40199,11220,1275,3852,3372,2721,28979,2124,8354,10584,7917,OH-01
192211,16086,5001,1585,1794,1166,456,11085,1602,309,731,486,76,9483,1434,3774,4084,191,176125,144142,12596,48696,42225,40625,31983,11335,1519,5041,3562,1213,20648,2070,7194,7872,3512,OH-07
192503,10768,4541,1049,1717,1063,712,6227,1354,232,763,335,24,4873,929,1601,1936,407,181735,150138,8071,33937,40574,67556,31597,9812,1113,3091,3140,2468,21785,1516,6310,7495,6464,OH-14
173297,28541,7451,2257,2602,1848,744,21090,3347,779,1424,802,342,17743,4104,6130,6361,1148,144756,92372,5714,22349,27430,36879,52384,15446,2122,5101,4897,3326,36938,3317,10601,14885,8135,OH-03
183744,21013,5309,850,1462,2199,798,15704,2481,609,700,1027,145,13223,2601,4491,5572,559,162731,122433,5573,25944,38818,52098,40298,11807,1157,3835,4292,2523,28491,2478,7204,11807,7002,OH-10
191846,11826,4097,747,1532,1192,626,7729,1327,160,679,372,116,6402,1031,2549,2507,315,180020,146024,5968,42611,47107,50338,33996,12814,1160,5445,4313,1896,21182,1486,6512,8516,4668,OH-05
176027,22955,6063,990,2722,1467,884,16892,2525,545,1213,686,81,14367,2324,5508,5977,558,153072,111467,6538,35915,33785,35229,41605,12966,1392,5417,4101,2056,28639,2409,10186,10275,5769,OH-13
190771,15157,5441,1325,1960,1376,780,9716,1890,424,996,319,151,7826,1408,3165,2824,429,175614,141954,6264,38244,39265,58181,33660,11978,1361,4329,3767,2521,21682,1337,6666,7091,6588,OH-15
170776,26852,6321,1810,1855,1963,693,20531,3464,1149,1385,719,211,17067,4108,5414,6591,954,143924,98565,7440,26990,32589,31546,45359,13854,1594,4976,4857,2427,31505,3409,9591,12997,5508,OH-09
201586,11988,4388,630,1669,1362,727,7600,1141,167,475,394,105,6459,937,2383,2627,512,189598,157758,4834,30012,38878,84034,31840,9732,920,2679,2982,3151,22108,1604,5822,7505,7177,OH-12
194093,28274,11440,3059,4506,3091,784,16834,3448,1025,1492,822,109,13386,2940,4871,4809,766,165819,130514,11751,41970,45389,31404,35305,12503,1744,5568,3845,1346,22802,2434,7500,8559,4309,OK-02
189793,19714,7517,1835,2799,2121,762,12197,2357,659,924,607,167,9840,1902,3924,3495,519,170079,138538,10555,39694,45327,42962,31541,11551,1502,4778,3695,1576,19990,2133,6560,7303,3994,OK-03
195645,17043,5924,1289,2165,1787,683,11119,2105,297,943,671,194,9014,1305,3430,3613,666,178602,140480,8685,35447,49208,47140,38122,13370,1387,4711,4678,2594,24752,2034,7024,9556,6138,OK-04
208252,12444,5490,1501,1262,1381,1346,6954,1101,214,280,433,174,5853,1456,1720,2024,653,195808,161011,7388,21587,49615,82421,34797,11629,1267,2409,4231,3722,23168,1727,3816,10202,7423,OR-01
206158,15921,6380,1954,1736,1804,886,9541,1965,433,460,839,233,7576,1536,2374,3072,594,190237,153025,9760,26520,53618,63127,37212,12308,1448,3570,4874,2416,24904,2334,6162,10748,5660,OR-05
212977,21782,8945,1566,3018,3187,1174,12837,2365,475,773,939,178,10472,2265,3245,4223,739,191195,154180,11233,33406,58077,51464,37015,13049,1773,4531,4800,1945,23966,1766,6055,11122,5023,OR-02
128450,8967,2924,611,1060,786,467,6043,931,286,388,173,84,5112,1079,1819,1762,452,119483,93365,4997,20512,26920,40936,26118,7939,593,2643,2842,1861,18179,1355,5138,7024,4662,RI-02
199432,13342,4802,809,1498,1464,1031,8540,1255,202,666,312,75,7285,1215,2342,3035,693,186090,151687,4974,24665,44928,77120,34403,9517,1114,2660,2978,2765,24886,1832,5993,10177,6884,SC-01
183726,16354,5036,1531,1508,1157,840,11318,1839,675,720,308,136,9479,2626,3143,3211,499,167372,131328,8521,25482,39464,57861,36044,10420,1651,3204,3365,2200,25624,2751,6547,10926,5400,SC-04
184982,19601,6134,1412,2560,1380,782,13467,2275,810,913,499,53,11192,2087,4187,4239,679,165381,127035,9177,31149,43229,43480,38346,10350,1741,3951,3498,1160,27996,3040,8231,11226,5499,SC-05
184760,17460,5765,1682,1818,1421,844,11695,1810,590,633,477,110,9885,2091,3327,3482,985,167300,129830,6448,25849,40222,57311,37470,9858,994,3293,2973,2598,27612,2223,6545,10026,8818,SC-02
218407,17672,5817,1110,2072,1953,682,11855,2315,393,1062,783,77,9540,1926,3272,3715,627,200735,165445,6789,41792,55239,61625,35290,12757,1377,4683,4400,2297,22533,1757,5681,9452,5643,SD-00
191466,24553,9547,2964,3760,2136,687,15006,3313,1036,1468,676,133,11693,2757,5139,3456,341,166913,133631,12691,42091,40943,37906,33282,11366,1867,4878,3268,1353,21916,2921,7592,7218,4185,TN-01
177463,19062,6466,2139,2073,1156,1098,12596,1614,358,804,287,165,10982,2459,4296,3447,780,158401,116300,8454,22184,28445,57217,42101,11611,1865,3867,2998,2881,30490,2691,7122,12319,8358,TN-05
202114,18319,6934,1635,2649,1644,1006,11385,1894,414,816,606,58,9491,1549,3611,3386,945,183795,152691,8775,36892,44759,62265,31104,9380,1201,3528,2685,1966,21724,2275,6363,6987,6099,TN-07
193023,18556,7499,1576,3064,1925,934,11057,1997,636,685,534,142,9060,1888,3648,2966,558,174467,141640,8692,33757,40968,58223,32827,10533,1312,3961,3291,1969,22294,2387,6760,8144,5003,TN-02
153857,29485,5422,1359,2003,1340,720,24063,3318,1151,1314,561,292,20745,5134,7557,7042,1012,124372,72028,6384,16795,21674,27175,52344,11030,1249,3909,4039,1833,41314,4230,11287,16018,9779,TN-09
168474,33325,14570,7592,4360,2004,614,18755,2855,1136,994,512,213,15900,7219,4421,3615,645,135149,99263,19740,24133,28535,26855,35886,10484,2429,2900,3555,1600,25402,6168,6105,7363,5766,TX-28
177067,23021,8463,3051,2204,2480,728,14558,2386,725,931,517,213,12172,2913,4163,4632,464,154046,121541,14593,27501,43401,36046,32505,9688,1643,3319,3396,1330,22817,2793,6019,9557,4448,TX-01
194103,17587,8243,2669,1617,1620,2337,9344,2070,682,468,540,380,7274,2343,2013,1783,1135,176516,138125,9693,14628,28547,85257,38391,10753,1969,2337,3082,3365,27638,2581,5142,9783,10132,TX-07
196507,14631,5569,1373,1503,1612,1081,9062,1281,388,355,338,200,7781,1671,2582,2906,622,181876,138506,11613,25622,47339,53932,43370,13272,1650,3475,4937,3210,30098,2617,6363,13093,8025,TX-06
176099,20285,6541,2314,1658,1357,1212,13744,2027,553,603,659,212,11717,2753,4096,4229,639,155814,120073,11355,23361,36860,48497,35741,11110,1845,3334,3915,2016,24631,3008,6325,9174,6124,TX-17
187108,19247,7180,2663,2589,1358,570,12067,2080,516,663,792,109,9987,2604,3704,3049,630,167861,130816,13730,36313,47286,33487,37045,13663,2141,5447,4567,1508,23382,3171,6861,9462,3888,TX-36
148652,10177,4384,631,1329,1722,702,5793,1160,328,292,384,156,4633,657,1573,2063,340,138475,114969,4623,27850,43435,39061,23506,9547,773,3556,3446,1772,13959,1024,3388,6564,2983,WY-00
186819,14495,4872,970,2090,1214,598,9623,1947,481,714,680,72,7676,1426,3320,2463,467,172324,140639,4901,45228,38418,52092,31685,10330,916,4557,2940,1917,21355,1570,7968,6897,4920,PA-14
186207,12030,3934,1309,1084,775,766,8096,1242,359,500,304,79,6854,2060,1986,2081,727,174177,141061,7325,23580,27199,82957,33116,9890,1362,3481,2411,2636,23226,2497,6622,6644,7463,PA-06
176309,14193,5692,1313,2470,1160,749,8501,1735,369,854,399,113,6766,1137,3389,1770,470,162116,133663,10252,50137,33724,39550,28453,11229,1153,5498,2789,1789,17224,1217,6609,6008,3390,PA-12
207617,6870,3040,406,894,627,1113,3830,622,118,210,221,73,3208,381,694,1387,746,200747,168780,3817,21051,40026,103886,31967,9447,828,2260,2792,3567,22520,1263,3873,8097,9287,MO-02
166316,23358,4836,1104,1383,1662,687,18522,2317,596,864,678,179,16205,3096,5296,6583,1230,142958,86803,4550,15550,26365,40338,56155,12132,1166,3881,4504,2581,44023,4135,11590,18584,9714,MO-01
182265,20546,5460,1158,1930,1453,919,15086,2254,591,1023,539,101,12832,2877,4673,4445,837,161719,117177,6810,28770,36380,45217,44542,12931,1506,4729,4497,2199,31611,2802,8865,13234,6710,MO-05
161032,11072,4201,921,1224,1364,692,6871,1063,283,206,440,134,5808,674,1733,2827,574,149960,124244,5703,25098,43191,50252,25716,9534,962,2732,3772,2068,16182,1256,4063,6993,3870,NE-01
163680,11655,3728,1219,997,848,664,7927,1422,299,531,469,123,6505,1406,1752,2774,573,152025,120482,5816,17224,33965,63477,31543,9936,1250,2656,3459,2571,21607,1673,4387,8085,7462,NE-02
176236,17502,6097,1636,1802,1928,731,11405,1845,672,655,410,108,9560,2310,3059,3534,657,158734,117154,11558,27849,45028,32719,41580,13998,2046,4973,4542,2437,27582,3420,7498,10951,5713,NV-04
177059,8404,2712,408,677,985,642,5692,1127,312,305,292,218,4565,707,1507,1592,759,168655,136815,4876,27726,39946,64267,31840,11568,981,3756,3741,3090,20272,1467,4849,7534,6422,NH-01
194089,8521,3128,506,1201,842,579,5393,753,30,395,255,73,4640,434,1558,1946,702,185568,146606,5774,35065,41193,64574,38962,11515,889,4037,3806,2783,27447,1607,8027,9792,8021,NJ-03
185592,10299,6012,798,1554,1896,1764,4287,871,167,336,205,163,3416,831,1134,1008,443,175293,145482,6455,27517,36315,75195,29811,8816,1051,2548,2693,2524,20995,1326,5813,6908,6948,NJ-04
180038,15177,4863,1290,1827,911,835,10314,1702,595,435,640,32,8612,2270,2991,2798,553,164861,125838,8128,34762,35483,47465,39023,11979,2001,4365,3466,2147,27044,2573,9196,8754,6521,NJ-02
193344,5151,2717,238,720,676,1083,2434,370,100,124,66,80,2064,294,639,711,420,188193,159178,4090,21896,27711,105481,29015,8535,580,2256,1957,3742,20480,1174,4861,5573,8872,NJ-11
177305,22727,7745,2774,2714,1156,1101,14982,2699,1030,941,505,223,12283,3402,5275,2543,1063,154578,103348,16657,24656,18689,43346,51230,17301,3953,5489,4006,3853,33929,5637,10903,9627,7762,NJ-08
165674,28065,11477,4773,2932,2928,844,16588,3316,977,1138,1123,78,13272,4135,3784,4823,530,137609,104665,13586,25647,35539,29893,32944,11149,1756,3638,3916,1839,21795,3589,5456,8117,4633,NM-02
168466,12045,2701,732,837,514,618,9344,1706,561,400,470,275,7638,1754,2398,2772,714,156421,120123,4679,20926,33642,60876,36298,10471,1092,2506,3582,3291,25827,1587,6700,9977,7563,NY-20
179315,15981,5800,1205,2502,1642,451,10181,2326,703,922,630,71,7855,1270,3367,2641,577,163334,129120,7663,37770,41849,41838,34214,12379,1336,5671,3440,1932,21835,1578,6618,8575,5064,NY-21
177695,7772,2768,833,760,463,712,5004,921,423,205,215,78,4083,1337,1539,815,392,169923,134286,9089,23361,30780,71056,35637,9695,1574,2515,2705,2901,25942,2410,6710,7005,9817,NY-04
171191,16887,5610,1470,1889,1490,761,11277,2035,632,790,529,84,9242,2146,3564,2968,564,154304,120738,6802,32724,40383,40829,33566,11792,1330,4550,3976,1936,21774,1803,6352,8433,5186,NY-22
172408,14024,5724,1225,2093,1464,942,8300,2059,687,723,469,180,6241,1160,2497,2003,581,158384,126353,7065,32476,37601,49211,32031,11642,1483,4662,3425,2072,20389,1564,5838,7671,5316,NY-19
190414,10438,3940,593,1459,1210,678,6498,1316,299,633,345,39,5182,701,1956,2125,400,179976,147343,4736,36299,46224,60084,32633,10626,1004,3739,3522,2361,22007,1269,5420,8841,6477,NY-27
154692,18456,8032,3334,2166,1307,1225,10424,2151,709,905,474,63,8273,2939,2675,1966,693,136236,88410,15371,25356,18974,28709,47826,16587,3648,5062,4389,3488,31239,5361,8683,9227,7968,NY-14
174499,16767,4772,1208,1596,1219,749,11995,2056,607,731,582,136,9939,2359,3236,3577,767,157732,121729,5891,27864,37446,50528,36003,11177,1061,3686,4070,2360,24826,2254,6867,9402,6303,NY-24
199544,22881,7401,2025,2113,2171,1092,15480,2382,604,971,696,111,13098,2693,3667,5787,951,176663,134938,10059,30694,41734,52451,41725,12748,2033,3961,4019,2735,28977,3026,7360,11699,6892,NC-13
200786,22024,6602,1958,2028,1705,911,15422,2749,988,936,659,166,12673,2872,4444,4525,832,178762,144402,9321,25308,40627,69146,34360,9434,1862,2715,3052,1805,24926,2613,5974,9579,6760,NC-09
189400,11700,4157,793,1216,1354,794,7543,1552,303,574,598,77,5991,651,2231,2606,503,177700,147750,6401,30844,54549,55956,29950,11791,1265,3853,4828,1845,18159,1386,4464,7382,4927,ND-00
188289,17983,5275,1192,2061,1324,698,12708,2029,436,965,491,137,10679,2100,4077,4008,494,170306,134126,8078,33115,36285,56648,36180,11565,1369,4230,3492,2474,24615,2315,7190,8494,6616,OH-02
182699,20404,7559,1834,3275,1935,515,12845,2813,916,1300,548,49,10032,1756,4365,3577,334,162295,131925,8819,51059,42235,29812,30370,11290,1112,5863,2808,1507,19080,1673,7299,6774,3334,OH-06
185662,16663,4998,1080,2113,1434,371,11665,1777,398,838,488,53,9888,1623,3907,4091,267,168999,134258,6680,48268,44774,34536,34741,12172,1024,5658,4074,1416,22569,2106,8317,9077,3069,OH-04
192797,9024,3596,744,1211,923,718,5428,1172,102,625,342,103,4256,342,2019,1404,491,183773,152567,5966,37011,44295,65295,31206,11097,689,3640,3938,2830,20109,1051,5757,7227,6074,OH-16
158715,31067,5339,1243,1893,1377,826,25728,3468,899,1518,835,216,22260,5213,7636,8504,907,127648,77691,4685,16334,21668,35004,49957,10608,1204,3740,3627,2037,39349,4137,10239,17301,7672,OH-11
187554,14860,4696,1001,1764,1357,574,10164,1448,416,590,365,77,8716,1557,3354,3246,559,172694,137636,7373,42083,41523,46657,35058,12432,1639,5447,3556,1790,22626,2155,7459,8888,4124,OH-08
201831,21523,7579,1936,2272,2275,1096,13944,2149,767,805,447,130,11795,2710,4096,4146,843,180308,139220,8602,27949,45572,57097,41088,13614,1951,4027,4574,3062,27474,2462,7344,11123,6545,OK-01
194232,23870,7622,2427,2715,1691,789,16248,2480,856,828,623,173,13768,3520,4507,4786,955,170362,127945,11242,24387,36914,55402,42417,13735,2101,4186,4509,2939,28682,2991,7516,11125,7050,OK-05
188824,16040,6514,2553,1329,1376,1256,9526,1416,187,409,643,177,8110,2201,2140,2897,872,172784,135246,7550,18047,39642,70007,37538,12374,1375,2857,4447,3695,25164,2107,5136,9604,8317,OR-03
200555,19697,8060,1165,2219,3302,1374,11637,2353,427,704,1029,193,9284,1335,3188,3840,921,180858,144490,8134,28285,57947,50124,36368,13102,1386,4025,5713,1978,23266,2091,5233,10707,5235,OR-04
126439,12905,3602,1168,1079,657,698,9303,1289,448,457,224,160,8014,1939,2844,2508,723,113534,83033,6970,18126,19045,38892,30501,8670,1443,3019,2246,1962,21831,2649,6217,7515,5450,RI-01
179560,20762,6704,2155,2255,1616,678,14058,1797,606,612,509,70,12261,2864,4816,4132,449,158798,123394,10262,31202,41521,40409,35404,11413,2628,4049,3233,1503,23991,3355,7364,9485,3787,SC-03
183353,24410,8007,2468,2601,2176,762,16403,2471,1001,840,435,195,13932,3264,4987,4872,809,158943,120858,9798,33116,41277,36667,38085,9776,1897,3805,2824,1250,28309,3377,9558,9939,5435,SC-07
145818,26132,6702,1742,2483,1809,668,19430,2026,634,879,384,129,17404,3945,6542,6073,844,119686,78997,7739,22318,25204,23736,40689,8711,1548,3515,2382,1266,31978,3972,9724,12406,5876,SC-06
201512,19933,7508,2187,2527,1909,885,12425,2612,1052,910,537,113,9813,2789,3874,2612,538,181579,143789,11038,40908,45694,46149,37790,12748,1681,5084,3799,2184,25042,2983,7549,9141,5369,TN-04
191571,19356,6249,1679,2462,1477,631,13107,2142,595,1040,445,62,10965,2173,4474,3774,544,172215,139234,8796,34121,39727,56590,32981,9982,1320,3956,2886,1820,22999,2406,7217,7655,5721,TN-08
209195,19342,8219,1912,3599,1850,858,11123,2282,786,1050,312,134,8841,1773,3378,2931,759,189853,154844,12670,46170,47411,48593,35009,12111,1899,5168,3100,1944,22898,2697,7428,8156,4617,TN-06
165713,34952,13123,7631,3216,1808,468,21829,3391,1813,917,559,102,18438,8849,5816,3215,558,130761,89298,31065,24936,22116,11181,41463,15973,6294,5055,3509,1115,25490,7109,6663,8750,2968,TX-29
181549,22308,7660,2522,2161,2261,716,14648,2180,822,646,625,87,12468,3722,4184,4132,430,159241,120739,14715,30927,41741,33356,38502,12881,2668,4379,4070,1764,25621,4827,7324,9585,3885,TX-27
184481,19729,7181,2049,2415,1725,992,12548,1367,429,418,497,23,11181,2415,4256,3758,752,164752,126566,11005,28226,44282,43053,38186,11376,1839,3781,4186,1570,26810,2942,7286,10435,6147,TX-14
180324,20724,8868,3881,2290,1787,910,11856,2288,725,915,513,135,9568,2565,3646,3070,287,159600,119793,18090,29605,38803,33295,39807,12961,3339,4315,3681,1626,26846,3844,7872,10597,4533,TX-05
193952,19307,8652,3109,2935,1962,646,10655,1908,1057,396,386,69,8747,3069,2587,2657,434,174645,143916,15498,38118,43430,46870,30729,10337,2262,3887,2954,1234,20392,3532,5657,7243,3960,GA-09
189871,8800,4552,1006,878,681,1987,4248,1070,506,158,207,199,3178,833,627,654,1064,181071,151121,4026,9750,22826,114519,29950,9537,1341,1710,1823,4663,20413,1459,2760,5725,10469,GA-06
183436,23135,7220,1946,2065,2390,819,15915,1666,482,664,355,165,14249,2940,4393,5948,968,160301,120383,7623,30643,40580,41537,39918,10832,1442,4187,3458,1745,29086,2987,8503,11492,6104,GA-01
174823,27260,8979,2495,3563,2187,734,18281,2893,1149,899,630,215,15388,3338,5950,5176,924,147563,112415,8586,29102,38617,36110,35148,9563,1287,3918,2769,1589,25585,3353,7790,9039,5403,GA-08
200950,20167,10284,1345,2625,4612,1702,9883,1693,333,583,678,99,8190,1545,2585,3195,865,180783,151145,9664,30284,54635,56562,29638,10753,1569,3399,3752,2033,18885,1879,4706,7828,4472,ID-02
162941,21370,4108,804,1373,1278,653,17262,2192,386,655,895,256,15070,2902,4614,6317,1237,141571,90343,5509,18323,30623,35888,51228,11966,1548,3404,4540,2474,39262,3087,8116,16540,11519,IL-01
149109,24333,5204,1590,1433,1198,983,19129,2692,719,1090,602,281,16437,3893,5564,6103,877,124776,79804,6153,11113,13488,49050,44972,10312,1571,3394,2512,2835,34660,4561,8627,12855,8617,IL-07
162797,8947,4152,1042,1368,694,1048,4795,872,265,245,208,154,3923,797,1292,1103,731,153850,124758,6936,17460,24528,75834,29092,9974,1171,2269,2842,3692,19118,1968,4244,5118,7788,IL-05
162709,17439,4830,808,1603,1336,1083,12609,2343,407,976,634,326,10266,1927,3733,3936,670,145270,114815,4466,27585,36842,45922,30455,9564,943,3521,3198,1902,20891,1537,5931,8366,5057,IL-13
192662,6761,3176,673,713,614,1176,3585,520,51,107,225,137,3065,417,808,1310,530,185901,159982,4214,17314,36318,102136,25919,8231,778,1297,2865,3291,17688,764,3094,6011,7819,IL-06
180467,11835,5337,1485,1587,1138,1127,6498,1038,319,343,185,191,5460,1578,1599,1694,589,168632,138157,10471,19172,30244,78270,30475,9525,1413,2920,2491,2701,20950,2204,4572,6701,7473,IL-10
169540,12088,6653,1598,1883,1085,2087,5435,1063,255,265,264,279,4372,1161,1054,1231,926,157452,130312,5946,14202,23860,86304,27140,8865,1142,1884,2146,3693,18275,1707,3389,4877,8302,IL-09
173912,20207,5213,993,1994,1708,518,14994,2426,605,981,737,103,12568,1901,4597,5526,544,153705,117117,5549,27542,44710,39316,36588,11676,983,4274,4544,1875,24912,1989,5890,11921,5112,IL-12
187424,15287,5979,1502,1902,1520,1055,9308,1518,314,593,589,22,7790,2031,2763,2598,398,172137,138288,7568,39740,43595,47385,33849,12320,1345,4782,3981,2212,21529,2094,6075,8177,5183,IN-09
185653,18005,6297,1468,2608,1693,528,11708,2056,591,886,494,85,9652,1857,3761,3652,382,167648,135648,8671,41747,45772,39458,32000,10863,1257,4737,3691,1178,21137,1986,7026,7889,4236,IN-08
200913,12923,5095,739,1561,1524,1271,7828,1112,283,481,271,77,6716,1267,2303,2584,562,187990,155008,4657,25293,35126,89932,32982,10035,713,2923,2638,3761,22947,1165,5230,7862,8690,IN-05
159312,23762,6478,2372,2230,1266,610,17284,2670,892,1059,510,209,14614,4285,4487,4986,856,135550,90081,9762,23062,26556,30701,45469,12621,2211,4328,4127,1955,32848,4176,9569,12951,6152,IN-07
188769,21400,9121,2718,3263,2236,904,12279,2459,985,975,468,31,9820,2570,3464,3246,540,167369,133074,9598,36229,42712,44535,34295,10781,1775,4132,3018,1856,23514,2790,7648,8720,4356,TN-03
196341,15971,5769,941,2022,1761,1045,10202,1883,354,911,524,94,8319,1119,3270,3397,533,180370,148449,7738,39306,47774,53631,31921,11356,861,4392,4267,1836,20565,1272,5660,8739,4894,IA-02
174202,14128,5805,1472,1833,1846,654,8323,1600,520,510,499,71,6723,1165,2152,2797,609,160074,134349,10973,31128,49842,42406,25725,9798,1683,3448,3205,1462,15927,1638,3722,7269,3298,KS-01
178189,14958,5459,749,2117,1865,728,9499,2020,415,698,680,227,7479,1135,2363,3510,471,163231,133908,5890,33001,44372,50645,29323,10345,923,3570,3763,2089,18978,1293,4702,7784,5199,KS-02
192745,22950,7730,2359,2515,1755,1101,15220,2611,1223,730,546,112,12609,2700,3986,4951,972,169795,131832,8743,29858,36811,56420,37963,11851,1798,3768,3548,2737,26112,2505,6932,9974,6701,KY-06
185009,41154,19479,6700,7540,4382,857,21675,4623,2260,1772,497,94,17052,4770,5880,5778,624,143855,116528,17229,42176,33084,24039,27327,9167,1893,3643,2508,1123,18160,3793,5822,5632,2913,KY-05
182535,30743,8848,2118,3633,2410,687,21895,3906,1597,1632,547,130,17989,4730,6899,5619,741,151792,114497,7803,36491,38123,32080,37295,10888,1803,4546,3261,1278,26407,3154,9080,9324,4849,LA-04
199673,21604,6687,2021,2072,1632,962,14917,2445,956,798,492,199,12472,3091,4020,4422,939,178069,139300,9245,33145,38910,58000,38769,10998,1603,3900,2996,2499,27771,2506,8504,9639,7122,LA-01
176576,33325,8965,2992,3236,2166,571,24360,3445,1034,1611,566,234,20915,5411,8870,5847,787,143251,105106,10162,36483,30085,28376,38145,10709,1626,4637,2747,1699,27436,3498,9299,9344,5295,LA-05
240038,18981,6470,1643,2106,1747,974,12511,1902,516,805,389,192,10609,2122,4540,3351,596,221057,170168,9956,39777,48062,72373,50889,15011,1998,5270,4110,3633,35878,2578,11959,11590,9751,DE-00
177047,21172,7172,1559,2235,1798,1580,14000,2178,667,700,468,343,11822,2541,4493,3445,1343,155875,112045,6519,19750,28956,56820,43830,13283,1474,4308,3512,3989,30547,3160,8678,10179,8530,FL-14
208498,15204,7172,1862,2167,1832,1311,8032,1504,474,548,366,116,6528,1719,2283,1863,663,193294,158394,9070,32038,46443,70843,34900,10039,1335,3269,2960,2475,24861,2644,6964,8589,6664,FL-16
189700,18909,7790,1944,2711,1736,1399,11119,1943,385,770,557,231,9176,2061,3181,3046,888,170791,129238,9985,32468,43340,43445,41553,12931,1784,4153,4364,2630,28622,2444,7662,11333,7183,FL-15
199011,15785,7483,1045,2670,2322,1446,8302,1691,349,688,583,71,6611,1115,2670,2149,677,183226,144438,7079,33391,49023,54945,38788,10887,1107,3341,3710,2729,27901,2154,7272,11169,7306,FL-12
177214,19151,7772,1630,2736,2632,774,11379,2245,820,850,531,44,9134,2320,3664,2769,381,158063,125319,7234,32886,41563,43636,32744,10391,1428,3764,3446,1753,22353,2243,6050,8999,5061,FL-02
184302,14639,7355,2323,1596,1376,2060,7284,1900,638,581,460,221,5384,1607,1646,1522,609,169663,132024,9105,23516,36651,62752,37639,11784,1934,3255,3530,3065,25855,3046,5768,8902,8139,FL-21
190948,13637,4157,1234,1186,1010,727,9480,1362,298,669,231,164,8118,2220,3170,2223,505,177311,134930,7364,24585,31365,71616,42381,12301,1307,4913,3292,2789,30080,4001,7779,10914,7386,MA-03
185469,14358,5271,923,2027,1725,596,9087,1860,409,716,568,167,7227,1365,2429,2942,491,171111,138191,5997,34075,51554,46565,32920,11771,1229,4298,4400,1844,21149,1448,6096,8699,4906,MI-07
184670,17568,5813,1537,1867,1636,773,11755,2261,733,610,765,153,9494,2121,3264,3532,577,167102,134053,6808,30870,46405,49970,33049,11166,1451,3790,4037,1888,21883,1852,5829,9380,4822,MI-06
195031,13035,5445,1097,1780,1829,739,7590,1547,424,653,392,78,6043,959,2128,2614,342,181996,149723,7825,37935,57557,46406,32273,10832,1128,3994,4022,1688,21441,1461,6741,8729,4510,MI-10
148643,36347,8146,2181,2499,2456,1010,28201,4935,1230,2027,1382,296,23266,6576,7993,7799,898,112296,62356,6696,17655,23302,14703,49940,12224,1950,4443,4457,1374,37716,4530,11398,16401,5387,MI-13
195810,7873,3477,469,856,994,1158,4396,624,48,213,257,106,3772,439,1207,1547,579,187937,158967,4365,19404,41335,93863,28970,9742,684,2082,3050,3926,19228,1039,3819,7301,7069,MI-11
184451,11085,3848,460,966,1262,1160,7237,1326,185,487,509,145,5911,938,1853,2278,842,173366,143043,4226,22342,42187,74288,30323,10406,714,2544,4180,2968,19917,1183,4198,8193,6343,MI-08
185724,7372,2868,414,742,1076,636,4504,749,147,282,237,83,3755,478,1470,1397,410,178352,146603,3931,23111,46541,73020,31749,10362,928,2595,3687,3152,21387,1051,4796,9311,6229,MN-02
174620,10909,3979,961,1327,1047,644,6930,1202,312,444,366,80,5728,1302,1586,2429,411,163711,135677,6005,31623,46510,51539,28034,11347,1323,3984,4304,1736,16687,1301,4411,7229,3746,MN-01
166363,12956,4365,1858,849,900,758,8591,1566,346,590,437,193,7025,1836,1986,2610,593,153407,119929,4905,15378,29412,70234,33478,10905,898,3039,3576,3392,22573,1826,4844,9341,6562,MN-04
