Less_than_high_school_graduate,High_school_graduate__includes_equivalency_,Some_college_or_associate's_degree,Bachelor's_degree,Graduate_or_professional_degree,Male_Less_than_high_school_graduate,Male_High_school_graduate__includes_equivalency_,Male_Some_college_or_associate's_degree,Male_Bachelor's_degree,Male_Graduate_or_professional_degree,Female_Less_than_high_school_graduate,Female_High_school_graduate__includes_equivalency_,Female_Some_college_or_associate's_degree,Female_Bachelor's_degree,Female_Graduate_or_professional_degree,stateId
24702,38050,45247,55022,71997,30424,42394,52095,70366,88853,15587,31122,38825,45596,65675,CA-03
22336,26517,34010,51905,81386,25469,30940,44584,62075,96690,15505,23012,26402,44394,69705,CA-21
24665,35203,44198,72255,100597,29527,39694,51804,86523,121687,20613,31062,37347,60764,82205,CA-48
30274,35847,45339,61963,83474,35875,44552,54775,70970,86213,15506,26858,35958,55133,81838,CA-10
23408,27526,35318,51173,75420,25810,29890,36080,54165,80626,19416,25147,33735,47457,68424,CA-34
25169,36266,40844,75230,99345,26599,43441,48765,81459,115608,20604,25905,35891,62127,78937,CA-52
24866,35191,42446,61208,86462,28731,38515,49917,66730,98111,21249,30231,38603,53123,79398,CA-30
31044,40363,51200,92090,140816,35129,45715,62292,120913,171256,27553,32849,42817,71638,100479,CA-18
25368,33963,40400,60181,85961,30290,39522,50446,80239,107140,20150,27476,33957,49782,71102,CA-20
30482,35763,49836,60755,82295,37483,46825,62027,76198,90106,22768,27928,32050,45380,80837,CA-42
33775,36997,44619,71484,90796,37276,41199,57413,91189,107098,22867,31444,36381,55514,77313,CA-25
25931,30844,36950,49905,71436,30672,32397,42813,54823,87054,21277,26897,31466,41965,62230,CA-32
26427,31069,38104,58196,80091,30479,33944,41930,61433,85918,22185,26573,34146,55217,75483,CA-43
27122,32668,37078,51824,66170,32085,40126,42216,62170,72051,20076,27117,33968,44109,61935,CA-35
26925,37379,42840,68875,90622,31509,41887,47377,77660,101670,20400,31584,38451,62118,82376,CA-13
25107,31189,34049,47343,70967,27154,35816,40197,51417,78774,20906,26232,30492,43592,62351,CA-44
27266,31757,40038,71202,96338,31449,35562,46541,90536,122347,20378,29327,31344,53786,77427,CA-49
30299,39945,45390,66029,80897,34571,46642,52416,75207,97025,22985,30511,36515,61073,69435,CA-05
25024,30912,34492,45632,71279,30156,33519,38749,46198,76053,20279,26250,30843,44480,70306,CA-29
26851,32934,42362,65471,89756,31513,36753,48120,72290,100390,20801,30338,40260,57349,75909,CA-07
26902,35830,46344,61686,85485,34840,41036,54028,72237,100023,20323,29851,36947,51321,76219,CA-39
28686,31173,40867,61214,77304,31800,35358,50498,70612,97156,22553,26183,31978,52110,66010,CA-50
26850,35909,40149,63767,90685,34776,43245,52641,71391,106346,16910,25544,28936,51107,73794,CA-23
23361,31564,35138,47940,65563,29320,35993,41767,59173,69632,17139,25850,30730,40842,59794,CA-51
28268,32357,34060,51624,66770,36096,38209,45158,61446,66523,20435,24328,28794,45894,66883,CA-01
23106,29345,32085,43043,74458,26855,31613,36011,46086,80059,17410,25273,30427,41845,63821,CA-40
27606,40302,51465,75296,98395,29328,42631,61215,89005,115540,24016,31475,38503,60738,80062,CA-45
22414,32411,38265,60361,78179,29080,38634,41831,67526,86996,16951,27086,33413,49144,71517,CA-22
30723,36089,42261,61620,88095,36105,41008,50061,76990,107281,19706,30234,36170,51798,79810,CA-09
23381,32447,38101,62046,82422,25997,40532,45568,72511,96576,20319,27666,31896,54572,76832,CA-27
31031,38197,50645,81505,123594,32203,44244,54877,93294,150315,28852,29509,45402,71891,100806,CA-14
25779,34478,40710,62186,86337,31260,41807,48293,78635,117799,18312,25567,34502,51783,70492,CA-02
31582,32185,43883,62145,75335,38512,36820,50421,71916,90705,21789,29127,35438,52106,65805,CO-01
25423,32665,34859,47194,56193,27069,40120,43697,52960,68844,16750,25190,26374,40016,50466,CO-03
32410,36957,41750,61578,74904,41302,42113,52324,77470,105167,21606,26335,31666,48523,60597,CO-04
30782,35262,42902,56881,72484,37180,43024,52492,71927,100050,17106,25829,33726,44041,61217,CO-02
32373,36897,44665,63302,72804,45296,41875,50402,79743,90366,21592,30213,37219,50866,61199,CO-06
30883,31768,44248,75222,101956,36028,31954,47906,81168,112480,22967,31600,42343,70263,94472,DC-98
25709,37740,42460,60264,76764,30649,42114,49229,71682,85721,21844,30791,38682,49002,72331,CT-03
24496,33407,41674,76708,101989,26936,41746,54153,100369,140894,21353,23858,32262,57658,82000,CT-04
27769,39864,42219,60378,81556,32258,47040,52530,70595,101762,24157,30852,35018,49317,69771,CT-02
25875,27938,31543,42126,55677,29886,35381,34266,47441,63969,15946,20647,29667,40544,50577,FL-17
27851,30359,32256,43825,52176,30529,34492,37911,50306,75114,18215,25440,30530,40857,47473,FL-06
23788,29861,31496,42415,50194,29704,31742,35950,45943,50784,19605,26018,28483,41347,50004,FL-05
21915,25679,30963,41038,57213,26448,28200,34440,44616,60136,18824,21105,29326,38425,56577,FL-24
21284,29349,30818,40190,51802,22078,32365,36103,41978,49879,14923,24034,27553,36426,52824,FL-11
23243,33179,38231,48434,75915,30844,35674,42789,57138,100561,15453,30513,34962,43432,57575,FL-23
21469,28470,33943,49553,70521,21849,31562,40063,58644,91387,21083,24722,31121,41994,51199,FL-08
26294,30254,37015,50486,63529,31494,33174,46449,67825,77003,17646,25447,31248,41785,55194,FL-18
21898,30231,31435,41380,60551,25634,31974,34223,45744,79196,18509,26967,29628,38984,53928,FL-20
25006,30280,35527,41835,50113,26939,33295,40426,51350,61883,20212,22254,30967,37133,46167,FL-25
25130,30570,34728,44534,63896,28659,36456,40415,50728,79800,16230,25731,31060,40556,54597,FL-03
22165,26625,33449,45586,60610,23521,30013,38416,53936,74012,20569,22370,30780,39395,51189,FL-10
23756,34410,37150,60002,76188,31334,40886,45741,72622,100659,15451,28204,31163,46931,57240,FL-04
23417,30474,35962,48601,62840,30025,33381,40232,54966,84788,20986,26474,32117,45589,56204,FL-13
23500,30925,35815,42389,60365,28639,36095,40808,56422,69674,18687,22917,30870,36599,51479,FL-26
21669,31360,37662,55352,71370,22632,37286,41595,67127,86024,20541,22420,34182,46485,59194,FL-22
23883,27032,31873,43992,52127,26599,32836,36768,46761,59737,17987,20777,30184,41417,44515,FL-09
26226,31083,33637,47218,60445,27197,34122,39110,61145,75799,17497,26849,31402,41590,52717,FL-19
20399,27570,36579,45018,62699,21560,31648,44814,56256,87442,17492,22101,30967,36863,51191,FL-01
21415,31184,33052,51643,65177,23635,36290,38889,61706,91749,17326,24156,30663,45213,53763,FL-07
20968,26737,35365,50694,72079,25191,31574,39212,64252,93535,16806,21546,30852,42382,57049,FL-27
28649,33907,39695,54219,60934,33328,44828,52795,76577,79561,23654,25144,29735,46246,52427,GA-03
26812,30791,37233,49133,61921,32247,39338,49952,66341,74508,17902,22234,26527,41128,55674,GA-10
22041,28742,34104,47499,60635,25274,30618,40024,51438,73285,20293,25964,31526,45904,55045,GA-04
20848,27544,35713,60338,82492,25521,31190,39090,67421,100150,18364,21958,31706,51973,71108,GA-05
24461,31856,34953,50974,61622,25766,38658,47071,72460,70012,21455,24985,28496,41177,59276,GA-09
28431,31862,37148,56992,74562,31007,35994,44004,72104,101020,18912,28627,31421,45405,64115,GA-07
23031,31679,40071,73350,91684,26099,36384,42308,90457,109946,18997,28562,36682,61212,75199,GA-06
24786,31103,33761,47030,61267,25691,35693,48555,52000,66898,20807,25267,25463,41594,60362,GA-01
25466,35584,40882,60297,75231,31194,36790,50525,75153,98614,16672,31325,32600,47735,64538,GA-11
27187,30271,33418,50226,60384,31005,33883,42587,61616,76821,17137,26397,26492,41629,53003,GA-08
28546,30869,32266,44663,64335,34935,36592,44531,59022,79606,16102,21859,25702,36980,53675,ID-02
31829,34331,45429,53746,76501,33976,37535,51091,61399,83207,28144,30203,39975,50107,70350,HI-01
26745,32049,37883,51612,60953,30403,41934,47795,60768,71586,23133,25614,31568,44703,55294,IL-01
23654,29045,36729,75114,90285,28221,31529,45519,82192,110286,19231,25085,31379,68997,74047,IL-07
26367,31071,37009,51177,60285,31859,38867,44838,59593,67083,16815,24500,32510,46831,59008,IL-02
30411,32665,41802,70834,86230,34419,43929,51065,80256,100317,21434,23691,35400,61615,76902,IL-05
23537,32083,40629,50548,60418,28226,40851,51706,55186,69406,20411,25932,31632,44834,53027,IL-13
32243,41234,45885,72066,93890,37034,50423,56868,93067,120368,30014,30270,39412,54148,71226,IL-06
27085,32248,38392,67208,95385,30816,38240,47508,82831,120851,21941,25367,32235,51745,75512,IL-10
28471,31067,35182,55807,69474,32076,34840,40388,60435,71114,24160,26017,31392,51734,66911,IL-04
25683,32176,37155,60599,76933,27783,40896,42209,72457,96998,22223,24273,30932,50904,62224,IL-09
21680,29279,36131,51160,65503,24365,33989,47659,65158,75581,17705,23456,29231,41756,56117,IL-12
30383,33834,41999,56956,72511,35773,39661,51643,66784,88934,22389,26383,34097,48155,62417,IL-08
27388,31962,36768,50702,61361,35602,39985,45161,62232,80525,13834,25897,31933,42398,52171,IN-09
26131,31149,36689,47713,62031,32075,39588,46954,60015,85003,20483,24866,27787,41748,52008,IN-08
25328,35251,38020,55086,71248,32450,47099,56450,71009,86951,16967,26100,30213,42209,58303,IN-01
24293,32517,40266,59724,85615,31900,40123,52812,73077,102127,17938,26598,31657,45544,71270,IN-05
26506,30720,35400,44950,55817,30555,33963,40765,50241,62274,21177,25574,31364,41792,51290,IN-07
30640,33879,38716,50393,69019,36813,40763,47723,62246,82129,22352,26020,31561,41755,61462,IA-01
25786,34286,37936,49886,66782,31282,41569,46739,58818,82617,16474,25136,31003,40274,60950,IA-02
27510,31870,36133,46015,53986,35637,39854,46207,60046,56811,17985,21455,26727,39398,52358,KS-01
26802,35185,41317,61590,72101,31585,40474,51729,75321,92073,20446,28825,33088,50843,61640,KS-03
25541,31596,36603,47291,56500,31362,38143,43837,61183,61608,19585,24169,28940,42271,54509,KS-02
22627,31061,33695,48164,60827,29159,37194,40533,56532,72345,17783,22978,29840,40866,53838,KY-06
24318,31004,32131,42471,52272,26627,36696,37666,53171,64329,20930,21082,27609,36617,50636,KY-01
23428,27387,27483,43684,53455,27317,34273,35042,49553,65291,17236,21118,24636,37772,50584,KY-05
21032,26821,33155,46834,53791,26536,33896,45336,65857,71263,16981,21175,25739,41212,50123,LA-04
21186,28421,30540,46432,57126,22866,35343,36797,51941,70654,20477,22133,27324,42294,52415,LA-02
22035,31836,36429,51850,66537,29531,43179,46197,70765,100192,15094,23591,30450,43991,55095,LA-01
21914,30281,31719,47051,56679,29497,39448,41486,60407,86241,15416,22103,29155,42178,50945,LA-05
28580,32398,37599,50986,61722,31868,40127,43945,62467,71815,21540,27363,30588,41160,55297,ME-01
22431,31231,35052,41952,55534,27923,36988,42290,46263,62409,16895,24311,30272,40299,51238,ME-02
26198,36305,44508,60605,77645,31180,43206,56290,80324,100747,21469,26961,35825,50985,68575,MD-01
32581,39653,44345,62860,86377,36323,47810,51459,71615,100742,25897,31244,37763,58043,76752,MD-03
35072,37162,45371,68607,90239,41706,41351,49829,72148,100497,22758,32999,42671,63645,82845,MD-04
35499,42889,53846,72308,86933,39858,50657,61891,77376,104641,29457,36147,45273,66057,79213,MD-05
25324,33257,36877,61340,82092,28432,36663,41778,75643,116228,21322,28389,32587,51323,69493,MD-07
27288,35458,43706,60528,82233,30105,42286,50107,66962,98847,25214,30113,38785,51976,73808,MD-02
30754,33126,40856,61732,94025,40738,40451,49078,76306,111252,20515,26238,34181,55675,82026,MD-06
23840,35378,44176,72287,100608,30356,41118,54682,90336,121922,20382,29412,36484,56798,85944,MD-08
31600,41768,46617,71646,96407,41526,51329,52888,87294,127077,19452,32204,34893,61374,78536,MA-04
30892,32638,37291,60763,77180,33276,36323,41433,65853,87168,25838,30493,35362,55323,71408,MA-07
30482,40323,41686,58664,78622,35174,46643,52976,72088,93915,21967,30762,34912,45131,70795,MA-02
30986,41213,43745,54947,71911,32216,51234,52493,67725,90383,26446,33346,36076,47724,64690,MA-09
31052,40910,41869,71308,89204,33969,48610,55032,82249,101819,26094,33971,36217,61397,78485,MA-08
25219,36231,40976,52200,67793,28129,42442,50974,61169,77437,20756,27402,33692,48862,61881,MA-01
26419,38846,45739,71099,96480,32016,45408,51918,85108,111797,20760,27446,40052,59992,82126,MA-05
20567,26936,31889,42468,60121,26665,32753,39989,52783,70244,12496,20724,26437,35319,50897,MI-01
27948,31028,36351,50644,62343,31686,37148,45990,62499,74965,22404,24922,30731,40910,54376,MI-02
21594,28335,32065,52065,68801,25474,30479,36157,65599,82132,19560,25996,30111,41958,56207,MI-14
24896,32523,36722,50670,67770,27388,40306,43628,66037,86817,17784,25422,29206,41815,60333,MI-03
20049,29011,35238,50325,68686,21076,32414,45013,61613,89444,17026,22516,28926,39266,55074,MI-05
21161,29181,31958,47981,55634,25355,32284,38086,55848,63043,15462,24829,30014,40553,51443,MI-13
25512,30895,37507,57166,75904,29489,37392,46329,71407,88729,20597,25739,31400,41570,62489,MI-09
22461,31831,36894,65160,81340,27393,39091,49227,81032,101873,17328,25540,30890,49504,67495,MI-08
30232,33322,40990,51008,61989,32309,41216,50636,60163,68173,23946,24365,32215,43295,60362,MN-07
30017,40405,48610,62447,77263,30728,50186,60053,75416,87249,25894,30726,36775,54612,72576,MN-06
29645,35695,40052,51643,67156,32500,41879,48424,59503,75717,24910,25411,32942,47093,61583,MN-01
36462,40143,44888,75638,89188,41730,45813,51983,86561,110170,22467,33643,38413,60100,74397,MN-03
25221,31193,40118,57673,75846,31849,35205,42407,65589,86990,21304,27036,35618,50272,67189,MN-05
23317,31560,33466,47474,60782,27294,36698,40877,61592,81349,17327,25176,29197,41274,51269,NC-13
27863,31109,35364,55357,88190,31081,37116,41662,81242,130210,19643,23362,29074,45915,56698,NC-09
28756,34343,41818,51854,61288,38198,43428,51913,62148,71399,20968,23742,31948,46338,57060,ND-00
26521,33933,36012,56612,73283,26568,40598,41875,70694,91937,26429,25341,30753,48548,65006,OH-02
25331,30651,33758,49631,61558,31816,37015,45212,66098,73951,17063,22399,27804,42429,57404,OH-06
21820,32391,40452,49104,66958,31858,41105,51924,57012,80786,16165,25050,30860,45387,64044,OH-04
29596,32432,40572,56988,76179,36636,41380,51040,70106,84075,19875,25228,30719,48166,68045,OH-16
20433,27080,32315,51257,69530,24831,30336,40003,55613,80840,14427,24276,30134,46107,60485,OH-11
24473,34284,38206,58587,74057,30946,44281,50342,79160,90542,21002,26928,30415,50186,65978,OH-08
25673,32137,36592,50637,65037,30934,39079,46551,65468,85386,19394,25522,30323,41918,51879,OK-01
23701,31183,35650,50198,73498,26366,38234,41640,61227,95561,19422,24552,30150,41465,56428,OK-05
25997,31440,40013,54380,71032,30164,36390,44578,62443,84399,20551,26589,33323,47156,63258,OR-03
25917,31005,35199,44512,56510,30629,37165,41849,54138,66846,21650,25481,28652,36806,51345,OR-04
34230,36567,39793,56611,77941,38573,42154,47959,62460,94395,29774,30717,36000,50720,69543,RI-01
25884,30341,33424,44778,55583,29760,36674,41253,57224,71019,20248,21807,26896,35692,51462,SC-03
23583,27337,32072,44227,52326,27162,33026,41734,59059,70993,17323,23307,28002,38912,47606,SC-07
20706,26711,28518,40480,51499,25577,31274,33550,45428,60199,14553,21792,26324,35959,46493,SC-06
26765,27734,35426,50883,60214,29392,34217,41231,62011,80594,23544,21092,30113,42724,52046,TN-03
23260,31043,35210,45486,56351,28541,37313,49928,53783,63019,18535,22860,27961,37443,51891,AL-01
21441,31916,34912,47179,57881,27990,38464,46559,58588,75690,13053,24377,25812,40658,51554,AL-03
20503,32116,37330,54498,75376,25385,40833,50227,71357,101519,16486,25430,30542,41703,55081,AL-05
22776,31023,34886,49299,57338,26469,36814,43151,66805,80481,17846,21275,26949,36580,53283,AL-04
20889,27499,27491,42434,50408,23309,34048,31532,52127,61863,17468,21094,26061,39877,47002,AL-07
27819,28944,33859,45155,57782,30555,31795,42688,57304,80422,20391,24881,27621,39143,51097,AL-02
28646,31650,40962,60755,70591,31925,40819,50476,76409,86404,17267,24203,33888,47885,60787,AL-06
23264,36522,47878,53033,71947,26958,41799,55895,63483,79070,20174,27842,37463,47286,67985,AK-00
25965,31020,36144,44045,61886,30899,36095,45141,54731,74000,21481,24990,30318,38424,56761,AZ-01
22575,31031,33256,45928,56547,27040,34073,39667,50102,64095,19861,25809,29891,42673,51413,AZ-03
30339,38251,42899,62342,82443,32104,45375,51991,81329,110247,21264,29934,36108,51232,61761,AZ-05
25169,31807,32212,46278,55772,27453,37372,39237,59716,68392,21992,25630,28562,38003,50670,AZ-04
25599,30519,32151,46129,64876,29449,35228,36658,50230,70123,20675,25033,29129,42376,61599,AZ-07
22125,29255,33267,46584,64424,22389,31204,38969,58045,87795,21611,25547,30006,38576,50581,AZ-02
28184,34578,41028,60713,82373,30829,38513,46576,78716,101973,21643,29271,36490,50650,70349,AZ-06
32119,31623,41339,52181,68179,35611,35811,51246,63413,82134,25485,29479,32202,46767,59112,AZ-08
26988,30631,34244,48804,68030,31690,36315,42145,63079,88287,23794,24118,27273,40034,56496,AR-03
23061,31213,32805,49732,61916,30650,38089,37174,54506,71226,18575,26224,30039,44272,57526,AR-02
22631,32036,36899,46786,76392,27551,37521,40725,50627,78005,14948,27483,32390,43441,75808,CA-36
26690,30679,39150,53042,72841,32141,34425,42781,63695,71496,20857,26601,35035,47242,76964,CA-46
32182,42303,49293,77069,102676,43603,51220,51543,94897,141765,25920,31646,41732,65080,82323,CA-33
33165,46469,54027,87461,121499,36474,50857,61423,101178,151577,25081,38168,47511,72568,90958,CA-15
25138,32111,41031,60249,81543,29169,37284,48898,65355,92635,18890,27245,33839,52284,72118,CA-47
25953,31377,37756,54564,72611,26422,36631,48354,72129,98854,22925,26880,30900,45234,59101,TN-08
28506,32264,36207,49875,61431,31033,39058,45741,61102,81094,19202,26484,30313,41628,51041,TN-06
27555,30838,33390,48361,65969,32352,37388,40060,53907,62489,15932,24334,27241,45567,66488,TX-29
23372,31655,35151,51723,61217,26702,40998,50397,61196,77150,16641,23620,27079,46994,55666,TX-27
31066,32496,43167,60307,70188,37163,41859,61434,71316,82013,19609,24287,32156,52502,61904,TX-14
27398,31646,39133,51638,65517,31746,37024,45426,60174,90128,18485,24849,32314,50227,59998,TX-05
26764,31850,42280,57337,76355,31951,40682,53788,77493,101034,21102,25539,36082,49505,62467,TX-10
25115,31269,35164,51862,56639,30187,35410,38979,56426,61264,20400,25155,30730,49292,52531,TX-35
29677,37366,45405,71333,100793,31702,44481,55110,90938,128787,20047,30303,39375,58677,65433,TX-22
28992,30484,33655,47035,58034,35653,36530,44500,61035,62490,16155,22440,27219,39985,52363,TX-19
30087,31387,35903,51455,78683,41307,45077,47473,74536,94677,17386,22669,26526,32950,55380,UT-03
27213,32573,37117,49039,69380,30895,42207,46983,61356,84891,24094,26372,27183,38438,60167,UT-02
22408,32128,37136,47541,61133,27432,38405,45786,57354,66307,20380,25851,31582,41219,56463,VA-03
24518,30127,37624,51859,66336,30731,35415,42816,70196,90334,16654,25897,34094,46118,56081,VA-04
21631,31423,39524,52684,70577,26300,37212,45957,65783,92244,16613,24580,32318,43412,56626,VA-02
24366,31787,37949,50765,57131,30906,37874,45738,61647,72345,19594,26965,32292,44501,52052,VA-06
39587,42133,46577,77096,106567,44040,54020,60178,102272,144895,21849,32166,33959,54536,77435,WA-01
27558,31704,36564,48726,66379,29481,39400,42293,61087,85768,24462,25766,31046,41012,60682,WA-05
33945,40647,43231,60100,71223,42629,47385,51465,75587,79717,25729,31085,35321,45759,66322,WA-02
29569,33831,40303,54537,72364,32141,40027,49459,66650,90101,23685,28859,32246,44946,65611,WA-06
19871,30492,31048,43196,49427,26610,38843,40784,48284,51574,12898,21723,25949,40166,48499,WV-03
29061,35262,42087,60288,70885,35125,40862,52294,72137,80249,22057,29083,35434,49133,65633,WI-01
35323,36748,42494,61923,75488,37202,42631,50688,77989,96346,29077,27995,36861,50533,63030,WI-05
29039,35174,40991,55999,68550,31135,41349,47552,62882,82546,24659,30282,36919,51136,60895,WI-02
29982,36929,36885,47962,61288,34420,51652,51650,56735,61460,17688,26036,28930,36361,61187,WY-00
19524,32715,38943,54414,66877,25123,42290,50504,71063,82149,13522,25998,30622,45369,61078,PA-14
30980,35811,42212,70304,93078,34396,40916,53247,86183,121316,22523,31040,33138,52485,71891,PA-06
30343,31968,36339,46122,61539,36796,39382,43998,56507,70599,16964,24651,30754,39790,55678,PA-12
26855,35357,42675,62498,84619,36850,41180,54400,77943,101354,18653,28953,35269,50977,67126,MO-02
25390,29550,33954,51290,61599,26809,33056,37347,60625,68791,22061,26628,31205,43586,55159,MO-01
25448,31838,36607,50633,60965,27997,37665,44544,56103,66350,20109,26714,31412,43810,57063,MO-05
32173,32470,38446,49591,58806,35946,40381,47067,60458,66750,26527,26147,31519,41509,52106,NE-01
27218,31908,42249,56184,66027,32076,39337,50660,70317,85822,22299,25708,32670,46631,57300,NE-02
30303,33165,40104,50171,61082,32935,37061,45307,51427,71580,23361,28843,32976,47778,54050,NV-04
27471,36688,45096,61024,75341,35405,42696,53358,73464,95195,23926,30212,34914,50990,65476,NH-01
26645,37582,46813,66097,82495,32264,47727,55800,81240,97368,19952,27388,37915,56632,71880,NJ-03
31315,38813,43275,65426,88298,35866,50846,60514,82194,111940,24886,30951,32494,52286,71319,NJ-04
27794,32448,40143,60166,77627,30379,39058,49821,70199,101622,21164,27047,32161,53373,65894,NJ-02
31392,39856,53799,80767,101159,35287,51117,67571,100513,125988,26804,30360,42118,65090,84614,NJ-11
27386,30205,39825,66064,99266,33069,35144,48440,75429,110224,18573,21885,32645,59361,83322,NJ-08
19485,27063,31591,41130,59300,27499,37661,42827,46641,65761,11029,20802,25365,38600,55804,NM-02
25892,32087,41921,60729,76584,31235,35720,50036,68051,93204,17563,28182,36140,51321,65696,NY-20
25420,32410,37685,51713,62476,30018,40369,48239,61759,74604,16275,26774,31944,42059,58966,NY-21
29236,40115,47099,70479,91128,31608,51060,55604,81065,101960,20731,28307,40966,61414,80823,NY-04
25859,32417,38781,51495,60157,31344,39208,46946,61278,66363,21259,26528,32374,43579,56992,NY-22
25168,34597,40021,51237,69800,30344,40369,47023,61625,82096,22199,27775,33118,41423,65397,NY-19
30016,35885,41616,58287,67328,32290,41902,50911,71046,86914,23324,26836,35910,46411,59691,NY-27
28242,31432,40586,55258,71336,30475,35769,41574,55514,76590,22971,26444,37012,54848,69731,NY-14
26058,31397,40006,51833,66205,31464,36535,47329,62108,73171,21139,24985,33913,46731,61632,NY-24
25679,32273,44454,61855,92200,29497,36965,51259,75667,103735,20441,26402,36938,51854,76239,CA-26
32656,39363,47553,81781,111783,37497,42490,55438,100511,142181,24923,33096,41911,62377,90906,CA-19
25722,32441,41027,60015,80507,29097,40602,45598,76278,96972,19620,27330,36200,47147,62019,CA-24
27718,35287,37274,57249,80105,31371,40964,41626,61527,82705,21002,29450,34738,55167,76583,CA-06
27075,40433,47716,74350,101394,33419,46974,58361,92492,126111,20145,26343,39426,57335,81627,CA-11
26613,31360,40585,50212,73735,32935,37966,46115,52257,84056,19237,24464,31681,46902,68187,CA-08
25302,31984,40985,61256,76837,29548,36403,42437,68391,93698,17755,26935,38349,52440,66459,CA-28
24159,34165,47237,94808,122443,23644,35900,55508,107991,150949,25234,31340,38608,80591,102211,CA-12
25924,36666,44047,73675,95043,26871,43348,51719,92049,109990,22038,29563,36857,53471,80799,CA-04
26994,34662,37158,50165,72098,34640,38086,42406,57378,92703,20939,28525,32911,45092,60731,CA-41
31330,44875,51020,91597,130821,37348,48496,57832,111981,150296,26414,39042,46646,70408,107459,CA-17
25856,35949,41695,51096,76999,31286,40161,49214,60149,81514,20871,30122,36105,46708,72041,CA-38
27450,35754,36370,51033,72516,45302,40122,44239,62845,92148,14256,26669,29778,42291,53552,CO-05
32865,36177,41406,61235,69458,41407,42081,51192,71305,85175,18753,30428,33448,50892,61886,CO-07
31024,33671,38048,56603,70579,39075,41265,45961,66934,84397,19243,28688,34361,50667,61011,DE-00
24207,35483,45435,65212,81079,24241,41519,52990,75409,93868,23969,27850,37003,56618,71370,CT-01
22154,37498,43188,61074,82322,26823,45778,53176,75486,105073,17364,27914,36722,51065,66648,CT-05
24216,28552,35329,51426,75831,26500,31793,39676,61130,95143,20548,23959,31801,43562,61977,FL-14
23115,31351,36753,51757,68018,29620,35679,42476,65860,91122,20908,27358,33483,42763,54278,FL-16
24387,31023,35714,45818,57344,26830,35173,42127,52222,74779,20619,27637,31468,42711,52264,FL-15
25397,31191,37942,52011,65994,25371,35492,45437,63445,79505,25435,26043,32494,47453,59972,FL-12
26102,27752,33981,46798,61560,30897,32080,41333,55619,75897,20294,22425,30878,41677,55296,FL-02
22678,28945,35756,49502,62241,24521,31544,41672,55629,91431,17212,25192,31412,42510,52110,FL-21
30104,32012,38424,49590,62330,33518,37384,44274,50768,66723,24048,25808,35090,48972,61411,GA-13
21382,28075,31015,41461,54428,22136,32693,37378,50311,65018,20387,20902,26282,37342,51971,GA-02
27032,31971,36108,46930,66449,31066,38105,48175,59293,71429,22271,24183,29316,40425,60202,GA-14
22248,30942,32238,46622,62160,26180,35336,43910,60047,88460,19118,22978,25466,41940,53464,GA-12
27153,31810,35396,48239,57275,31691,37716,44055,65520,65518,21201,25410,26920,38770,51612,ID-01
31506,36321,40157,50654,67341,31572,40786,45337,63227,69972,31447,30827,35775,44903,66317,HI-02
26625,32471,37988,55449,71237,31762,40382,45792,68234,86107,19519,25512,32022,45093,58076,IL-18
30268,40989,42446,68407,81805,37200,48735,58377,92384,111487,21084,31147,32013,48693,65657,IL-14
29048,35087,40350,50807,65695,32679,45304,55063,66217,77469,25214,25697,29284,40466,59920,IL-16
23270,30344,33191,47424,57910,27304,39804,44296,52478,65612,16531,21715,29296,43231,55055,IL-17
28000,37273,43484,57382,76209,32118,42242,52803,64119,100112,23149,29829,36137,51969,65931,IL-03
28761,35563,41460,62142,78027,31994,43993,52426,80986,92509,22108,26165,32137,50732,62111,IL-11
26319,31955,35969,49262,62583,29787,40793,47086,63570,76698,21492,22632,29087,40909,56822,IL-15
30273,32991,34615,46433,57617,35155,41695,46087,55751,70747,20168,24444,28524,37508,50785,IN-02
31366,32038,36449,50866,61648,37493,40530,46062,65018,70823,19086,25210,30254,42405,56647,IN-06
32002,32229,38663,47063,61935,39984,41505,49436,61867,76713,22023,25256,30894,39402,51293,IN-03
27189,35167,40102,50714,62260,31033,42340,48997,61590,77511,21916,25920,30385,41349,51200,IN-04
31607,31777,37631,48213,59684,37004,40504,47081,56401,65050,21397,22931,30788,41202,56000,IA-04
30827,33514,40976,59232,71502,38071,41649,49008,70015,81999,21961,26332,33881,49776,64473,IA-03
25380,31860,35847,48592,60824,32893,38201,45879,60239,81335,20119,24042,29018,41521,51268,KS-04
25029,31731,36890,53090,56907,27943,40087,46796,66757,66038,16384,23934,31575,45967,54115,KY-02
23714,31272,36587,50748,63790,32261,36324,43464,56572,71999,18595,25690,31773,45023,56943,KY-03
28021,35237,40310,56370,64418,32706,40059,51814,68475,81063,21228,28345,31864,47123,58091,KY-04
31947,34280,41198,54795,62093,36907,47411,55791,65359,78303,21624,22394,31780,48538,53329,LA-06
25557,31934,37425,50368,64506,30357,47301,53128,62978,95574,19798,21920,29885,40851,51324,LA-03
33771,44603,44629,72004,88004,41344,51074,60249,91543,101795,27604,31947,37465,56030,80457,MA-06
32425,37236,42467,71217,91594,40836,43257,52281,87401,121540,23289,30271,37037,56095,74411,MA-03
21263,32616,38088,55911,69327,24315,39234,47705,70963,76487,16306,25328,31272,46593,65586,MI-07
25997,30558,36527,46416,67738,31384,37046,45296,56798,90400,20132,23691,30006,39523,56911,MI-06
23303,32362,40797,60801,76503,26894,42165,55873,73980,90560,17681,21584,28893,46541,66677,MI-10
22576,30996,35302,51786,66348,27260,38182,44769,65386,77496,16787,22014,27081,41794,61223,MI-04
26844,35766,40231,70676,91048,35455,45395,50423,89377,115033,21195,28758,32364,52628,72229,MI-11
22415,33970,40542,55474,69060,30822,41065,48226,65981,86053,15082,25655,31932,47046,58402,MI-12
27103,37172,45712,66039,80444,36450,44883,56370,81031,90118,20044,29596,38389,52593,72454,MN-02
26751,32876,40054,51098,66011,32126,41234,50500,61348,75921,19923,24410,31336,45753,61941,MN-08
27217,31179,40917,56479,76186,30688,34724,46731,67373,89496,24730,27042,33713,48113,69228,MN-04
26775,30652,38711,54237,70897,30152,31926,41820,61604,82559,20893,27131,35473,47379,62690,AZ-09
25438,27984,30955,42454,59141,27820,32961,40357,58634,64546,19925,21768,26004,37090,54489,AR-01
24238,27942,30753,42180,55860,26262,32126,37273,52674,61205,17971,22431,26546,39020,53517,AR-04
25908,30399,32031,43857,78723,30774,34517,41375,49982,99843,17105,22498,26248,38364,65515,CA-16
23459,31127,35969,65806,80724,26022,34390,38259,75957,92367,19745,26638,33335,60403,73269,CA-37
25971,31843,43856,59935,80486,31250,39015,50602,68328,86725,21340,26543,36735,50195,74439,CA-53
25926,33361,36840,53786,79929,30756,41274,47563,61296,96255,21634,27672,31720,47671,66857,CA-31
26357,31694,36989,44144,57567,31233,37205,46524,58873,62847,19872,23434,32356,38867,54512,TN-04
28825,31472,35731,44873,60751,32280,37028,44056,51448,72008,19114,25217,30653,38731,55855,NY-23
27278,33280,45893,66449,92821,30358,40884,52995,71656,122767,25690,24881,40985,61743,82016,NY-16
24037,37207,48190,65381,78333,26907,43435,60397,72390,85853,18373,27198,39049,57414,75981,NY-11
21833,26985,31028,45071,60184,26054,31300,35544,46363,60951,16781,21975,29274,42800,58523,NY-15
25710,35052,41245,65195,77392,27024,40894,43231,66392,81565,22353,30784,40333,63016,75414,NY-08
23408,41541,51929,96433,110445,25524,48389,61424,109403,146306,21971,36788,40797,82485,91554,NY-12
26904,37353,46649,66182,90271,34435,45267,61185,82259,106273,14967,27333,37048,54549,79496,NY-18
23176,27273,30040,48917,62478,27046,31046,36103,59571,72106,14425,24983,26397,42756,59832,NC-01
21346,28867,32762,45246,58012,25737,32654,40378,51031,74754,16351,21515,27607,41530,52378,NC-07
26391,32147,40011,62453,72951,28354,40495,47491,86304,102098,20665,25675,31003,47829,58581,NC-02
24346,30288,37072,51416,60499,29197,36540,43963,61498,86199,20210,22723,30717,45905,51727,NC-06
22191,30558,35628,46765,57460,22664,35270,44042,57679,68410,21595,25055,30224,41242,51537,NC-03
26656,29499,35086,46853,53377,30731,33962,39745,59876,61975,19363,25538,31242,41373,50122,NC-10
22355,31164,36905,57559,75599,30148,35940,40529,72046,95759,20413,23618,34411,49308,60985,NC-04
23518,28965,32805,46877,58503,25813,32302,40947,53367,66207,20673,24064,29537,42955,51735,NC-05
25009,31566,40477,56851,80442,31244,39125,46261,72711,100085,20124,26540,32734,45496,66759,OH-01
21933,30848,32873,41931,55918,25002,36461,40590,50033,71214,10718,23951,27286,37495,50991,NC-11
24706,29690,32820,46305,64404,30456,35274,40945,57144,93876,17862,23584,29362,40065,53653,NC-08
24575,29483,35923,56086,68645,28314,32373,41215,66611,85033,16990,25579,32012,48620,60989,NC-12
30650,32072,37207,55242,57919,38795,41720,51486,65140,67135,17549,22708,27792,46116,51767,OH-07
33115,31109,40231,60461,77095,37649,41378,49137,71822,100793,20689,22261,32088,50609,68501,OH-14
22894,29408,33400,50418,61193,28671,33764,36882,51973,72051,17430,25245,31063,45103,56206,OH-03
21866,31529,32703,51830,75873,25642,36613,41995,61402,91028,20541,25075,29341,41959,63705,OH-10
22291,35316,40358,52039,70706,27297,41842,51472,70038,83460,19562,25416,30741,42677,64550,OH-05
23367,30397,34502,45554,55700,30008,35708,42245,50694,61880,16116,21885,27798,41152,52228,OH-13
26146,34186,41243,53835,75523,32019,40516,50726,66540,91016,12875,25696,34895,46883,63917,OH-15
21091,30039,34385,49727,60170,26018,33587,42081,57182,61178,14052,25352,29208,44059,57057,OH-09
24284,30599,40831,61785,82926,31318,35419,51179,80133,97426,19823,25032,32191,51521,70385,OH-12
24738,30009,32864,42076,51675,30319,36738,44186,50997,69721,18811,22297,26568,39032,47305,OK-02
25094,32336,34985,45683,54617,35018,41919,47400,59753,70996,15939,25289,27464,38713,47288,OK-03
23594,35092,39273,47825,56964,31601,43131,49797,62108,72751,17019,25436,31175,41256,50881,OK-04
29818,34547,40912,62498,88561,32926,40595,50895,83116,110099,24787,29003,32408,51292,70003,OR-01
30485,31749,38787,51251,72057,31648,36516,50513,62288,86204,26775,26604,31924,42354,61275,OR-05
26192,30104,32293,46405,61668,30973,33938,39746,59668,75728,22348,25134,26745,39065,56171,OR-02
30649,37366,40730,58913,76043,31438,42398,50314,64972,85994,27308,31677,36430,50925,67134,RI-02
24188,35369,40487,57403,69599,32272,43338,48873,74369,92573,16464,28611,34562,46281,59517,SC-01
23112,31538,37229,51827,61087,29745,40341,45447,71141,77692,19043,25226,31354,40326,51538,SC-04
24954,31306,36379,54102,62021,29938,37088,42371,71217,84527,16661,22900,30673,47072,57657,SC-05
21987,31641,37377,51683,61878,22926,40159,50347,64806,82539,19217,24404,30606,41383,55373,SC-02
22131,31306,36732,47630,57244,25485,39083,45548,52350,67214,16298,24381,31024,41503,52222,SD-00
21046,27566,32164,42098,61824,25522,35134,40554,52233,77091,17699,22330,27409,37267,53015,TN-01
26417,30327,37019,52009,62242,29341,35056,40892,60897,78101,20900,26401,35411,48032,55640,TN-05
23498,31599,34454,58634,73050,27111,38675,46094,81310,100445,18249,25124,26795,41292,56344,TN-07
26018,30717,35625,50408,61184,29157,35614,45397,65071,76759,20860,25691,28281,41123,52761,TN-02
21869,26972,31303,44951,62255,25210,30507,35587,53197,72352,17132,23294,29466,41245,56964,TN-09
20280,25923,32548,50187,61767,27283,32865,42253,60163,79758,13304,17872,26250,43442,57633,TX-28
24574,31044,35620,47556,63821,31961,38740,48707,62357,89283,16500,22312,26612,41059,52846,TX-01
24334,29387,39258,59827,85799,30251,32508,41733,72263,114820,16365,23871,36390,52368,65738,TX-07
28794,34726,41163,56568,70946,32521,40122,50460,66685,87197,23121,28887,35066,51804,61489,TX-06
23201,31653,39096,50804,66214,26116,38604,49749,61014,81162,20033,25938,30247,43663,56220,TX-17
30449,38747,41453,60343,71606,40125,51331,61077,76425,101597,14610,23903,30834,54270,64464,TX-36
16775,25586,30245,46980,60472,21772,30654,34005,52274,65758,12534,18854,24999,40552,55055,TX-16
28055,31331,43079,65287,86935,32121,38787,50078,76006,104441,21827,26981,37491,54872,69152,TX-24
27077,27345,31759,46211,50794,31744,32857,38267,51338,47371,18716,21687,28090,41795,54123,TX-33
26015,32485,41054,50997,60112,32419,50863,56960,70144,71490,20398,21561,31926,41553,53590,TX-11
20021,25300,31438,49408,59538,25072,31364,38329,54496,64876,13816,19834,27952,41588,57503,TX-15
21454,32460,36473,55827,72040,30059,37338,46914,67533,96732,13761,26993,28291,47157,61673,TX-23
28840,34571,42421,58735,72705,34412,41972,50675,76346,90862,20876,28266,35040,50861,62336,TX-12
27484,36702,41099,61679,92099,31863,42432,57304,94818,112297,21026,27794,34332,50103,69375,TX-08
18980,25798,30116,45447,60324,22963,31832,40645,47907,60272,14318,20070,25131,42760,60331,TX-34
28201,29706,37621,57184,61736,32006,35757,41595,62426,65229,20484,23453,36276,51970,60731,TX-30
25195,30158,31404,57659,74783,28551,34862,32462,70937,93424,17779,21990,30730,51724,67758,TX-18
26291,32359,41945,66244,82378,28952,39999,51428,86109,116849,17852,26361,36331,53779,68215,TX-02
22100,28520,33379,52783,65313,26074,31976,37350,56290,74633,19216,24070,30353,51081,59883,TX-20
21376,29973,38053,60860,71824,24616,34081,42016,71506,92356,15575,25356,35200,51020,57174,TX-21
23837,32132,41543,56862,77199,28606,38947,50325,70018,100767,21098,25160,33154,46501,61416,TX-31
27382,33753,40355,60589,75150,31662,41150,50545,79257,100797,21055,25394,31465,50707,61264,TX-25
26769,31198,39897,61195,84031,31450,35975,46592,70821,108808,19266,24424,35457,51571,70608,TX-32
25773,33903,46614,70598,90949,29720,37261,54863,91692,109390,20061,29425,39819,55550,64001,TX-03
26642,31154,42177,50826,71948,31145,40505,51993,66256,98405,20144,23447,32061,45345,60287,TX-04
25101,31015,36009,50156,60591,31396,37494,45024,65427,70182,15882,23823,27570,43900,52260,TX-13
30116,36371,47845,62781,80812,32921,46721,57971,81567,101396,23113,30620,39555,53522,64229,TX-26
25243,25492,32172,46122,56080,30719,30101,38926,50590,56310,19383,21346,28541,44714,55897,TX-09
27052,32425,39882,47170,61617,29144,37496,49067,53382,75955,20958,26935,32556,41482,55280,VT-00
27076,36569,36533,51120,80129,32153,48232,48090,70569,92278,20614,26761,28545,35580,54295,UT-01
28860,35742,40304,55596,76668,35029,42299,50578,71979,93106,22619,29254,31361,40808,60768,UT-04
26330,37004,42312,61967,82228,36455,42878,55697,74964,107857,20928,28923,35458,48762,65517,VA-01
27016,40205,50051,82273,107162,34875,46841,66024,110633,136868,18375,31128,36420,61092,82298,VA-10
20208,31776,35968,52003,64420,26338,37120,42901,63468,87874,16281,26757,30755,46686,52394,VA-05
23682,35737,41576,59180,70933,27216,44335,50144,76869,101153,18619,27467,35772,48067,54757,VA-07
25174,37303,45917,71108,101432,30838,44339,51353,82884,122178,20970,28281,39929,61075,81089,VA-11
22443,30382,33971,44116,52376,23820,36649,40988,51923,69695,20675,22648,29543,39406,50806,VA-09
23646,31151,42279,76079,103032,27552,37982,47073,86172,120865,18265,25102,39142,66132,91108,VA-08
29212,35325,41562,53584,71997,31956,44202,51537,67812,82250,20770,26324,32500,47155,65970,WA-03
33352,37017,42310,53946,75324,38273,42835,52113,63256,82731,25851,30455,35500,50408,70582,WA-10
26074,31799,39500,59703,78415,30079,37645,51263,68354,91869,19156,26013,31283,46851,71778,WA-04
31993,37591,45334,73939,93208,34270,42606,49400,92933,121633,28810,32391,37259,60068,75639,WA-07
32626,37400,41649,63207,96996,40790,41392,46105,80900,113491,26656,31238,39241,53049,79426,WA-09
31973,37772,50405,72628,95652,36186,46708,66534,92238,120208,26313,30632,40000,56318,80040,WA-08
19543,31136,32429,41972,60422,20705,41586,41563,51492,74705,18702,22154,26608,38498,52397,WV-01
21095,30116,34029,50748,67321,24328,37873,45634,60969,82764,15789,23318,27733,43905,61248,WV-02
30239,32424,37935,46704,60917,33272,39710,46934,57409,65404,20295,26464,31044,41281,58854,WI-03
25231,30299,36578,49354,64471,28388,31904,43105,54816,71804,21170,26358,31044,46434,59125,WI-04
28815,32083,37102,49289,61565,35972,39810,47494,59009,62837,20224,25900,30945,41987,60962,WI-07
35554,36234,40954,52144,67081,37008,43439,50471,65174,80921,25077,28773,33366,45625,61551,WI-06
27502,34492,40775,50769,65611,35123,43436,50519,62668,71373,20802,26424,31330,45113,62327,WI-08
11259,15055,17187,24668,34649,11756,15866,18764,29078,43842,9167,12521,16098,22596,31040,PR-98
22287,30230,35433,48411,60893,27316,35368,42316,56628,81681,15865,24758,30154,42297,55163,MS-01
19621,27701,32056,46476,58073,25027,37271,41616,60600,67469,15543,20219,26910,36795,51358,MS-03
21578,27454,31212,45893,56326,26620,36607,40975,51776,80918,16872,18735,26163,41594,50662,MS-04
18905,22337,26714,37854,50358,21361,29882,32477,44254,60484,15631,17680,23381,32984,45739,MS-02
20558,31567,38821,54547,66764,22811,38455,46125,63586,76011,18668,26455,34422,47798,60511,PA-18
26001,34664,38586,56203,79040,33192,40626,46386,67266,90368,16814,27144,32300,45201,67208,PA-07
22939,28916,35990,47572,68868,29952,33455,40697,51462,70882,18131,24305,30087,42269,67254,PA-02
24219,35312,40108,60032,80144,29281,40960,50565,67492,101349,15579,26540,31786,50283,65171,PA-17
36389,40841,46541,65621,86169,45151,50791,56956,72461,101809,22273,30500,37366,54121,75633,PA-01
30205,32125,37627,46999,62297,36182,41388,45508,53159,71544,17192,22814,30848,41721,60671,PA-13
21266,31315,35413,50770,65944,27406,39839,43116,61994,77920,12391,23802,29321,40504,57127,PA-16
27251,30984,35622,48473,67842,31634,38104,42851,52356,78003,19657,23450,30074,43921,59302,PA-08
26269,33896,41025,59358,72723,31234,40845,48206,70564,86472,21582,27851,35278,49514,63339,PA-10
36534,36552,39643,51098,65902,43740,46354,48931,61772,81389,18125,24956,32153,42832,58296,PA-11
25025,36553,38472,51683,70450,34668,43642,46121,58626,78498,15870,28008,31931,45495,66911,PA-09
28845,36889,45869,67026,81383,31490,45766,51971,81526,100935,24653,30627,39719,57029,72196,PA-04
24778,31266,36434,44331,62493,31491,41590,44374,52196,79309,14559,21893,30132,37389,54109,PA-15
22953,32140,40722,56194,86099,26337,38252,49956,68468,110933,20729,27004,33431,48815,71566,PA-05
22708,27217,31507,52424,69263,24213,29050,35086,59280,81428,21143,25382,30016,49992,65098,PA-03
23188,29319,31786,42355,50964,25030,33983,39604,51983,60247,20376,22600,27124,37045,47596,MO-07
26206,33589,36865,51990,62369,31836,40321,43809,63002,80760,16158,26237,31097,46038,55048,MO-06
22035,28466,30962,40817,52275,27168,35713,38073,45369,65579,14800,21495,26416,36272,49312,MO-08
25302,32281,41018,54393,62240,31355,40129,49699,68628,81475,19022,25900,31534,44162,57030,MO-03
26472,31499,34936,46321,54321,31872,37663,40919,56619,71626,17483,24546,30280,41170,48442,MO-04
27804,30843,33040,42150,58287,35554,40076,40902,50386,71637,21543,21504,27266,37872,50076,MT-00
30683,32085,35406,44438,60209,35158,39520,42768,50954,64951,20975,23615,28690,40458,55182,NE-03
27034,30470,32001,36894,48569,30774,31545,36143,41319,50221,22399,26993,28271,35477,46426,NV-01
31407,35761,42530,56606,72373,35342,40075,50219,64620,90603,28255,31506,37448,48519,62176,NV-03
30253,36965,40895,50384,67131,35527,42246,50114,63032,81679,21743,30960,34883,43905,58640,NV-02
30705,39226,41463,60048,69110,31961,45752,50849,74964,86681,25410,30199,35304,51010,60300,NH-02
26740,33836,41928,62254,79850,30416,41537,50115,70035,101524,21795,28160,36781,56790,68104,NJ-01
30786,32731,40305,57912,79314,35160,39973,48954,65243,100077,22129,28612,36070,51389,66429,NJ-10
31132,41753,50756,73245,100436,36409,50635,60884,90437,120530,26760,32201,40739,60382,81438,NJ-05
27955,39322,50578,75528,111454,32249,49627,61881,94949,141903,18327,26990,38060,61399,85608,NJ-07
29024,31161,46443,61506,90426,31466,36499,52958,70655,112369,21914,26124,41391,56404,75824,NJ-09
29612,36747,46382,68631,88720,35731,42271,56531,80425,106483,20996,30766,36400,55950,70006,NJ-06
25040,35004,46481,69756,93916,29557,41503,51442,81344,120309,20498,27440,40201,60815,74198,NJ-12
21280,30532,33261,45909,68327,26313,31652,40012,50551,90891,15697,28551,29012,42817,59071,NM-01
21967,28628,32083,46396,61279,26959,32206,40417,51822,77400,14403,23920,27611,41097,53934,NM-03
32823,42368,50603,65148,91027,40571,51156,62423,75811,101793,27167,33094,40297,55308,82185,NY-02
25661,30866,36458,51984,64582,31598,38462,43105,61171,85407,17068,25599,31689,47428,56744,NY-25
29866,38963,48360,79422,100540,35826,51123,61173,97114,121969,19775,30195,40355,56975,88296,NY-03
21219,28945,51487,82682,114576,22479,37212,52753,96290,151931,17994,20923,46323,75303,100463,NY-10
23617,30071,31529,51460,70596,26199,31185,37777,57104,80166,20912,25520,27876,48898,64755,NY-13
21647,31844,36427,49089,61240,29907,36859,42049,52137,71838,13745,25370,32107,43255,56169,NY-26
28515,33030,42262,67106,77978,31705,38515,49142,70981,85683,25947,30982,40247,62378,73591,NY-09
35432,45305,52227,66733,90287,39582,60711,66268,81627,111498,22105,30024,41971,52042,76918,NY-01
24305,31597,36404,68142,82192,28708,36282,37381,76070,90095,20008,25795,35744,61214,76840,NY-07
26744,39506,47821,73862,96341,28455,45874,60148,90684,121271,25804,28476,36790,60367,80949,NY-17
25414,32281,43662,61038,76467,30270,38579,46446,65327,81371,21197,27736,41391,54805,72056,NY-06
26412,35739,41416,52918,72403,29823,41470,47490,56691,67854,23117,29481,38101,50561,76261,NY-05
