IncomeInThePast12MonthsBelowPovertyLevel_Married_coupleFamily_LessThanHighSchoolGraduate,IncomeInThePast12MonthsBelowPovertyLevel_Married_coupleFamily_HighSchoolGraduate_includesEquivalency_,IncomeInThePast12MonthsBelowPovertyLevel_Married_coupleFamily_SomeCollege_AssociatesDegree,IncomeInThePast12MonthsBelowPovertyLevel_Married_coupleFamily_BachelorsDegreeOrHigher,IncomeInThePast12MonthsBelowPovertyLevel_OtherFamilies_MaleHouseholder_NoSpousePresent_LessThanHighSchoolGraduate,IncomeInThePast12MonthsBelowPovertyLevel_OtherFamilies_MaleHouseholder_NoSpousePresent_HighSchoolGraduate_includesEquivalency_,IncomeInThePast12MonthsBelowPovertyLevel_OtherFamilies_MaleHouseholder_NoSpousePresent_SomeCollege_AssociatesDegree,IncomeInThePast12MonthsBelowPovertyLevel_OtherFamilies_MaleHouseholder_NoSpousePresent_BachelorsDegreeOrHigher,IncomeInThePast12MonthsBelowPovertyLevel_OtherFamilies_FemaleHouseholder_NoSpousePresent_LessThanHighSchoolGraduate,IncomeInThePast12MonthsBelowPovertyLevel_OtherFamilies_FemaleHouseholder_NoSpousePresent_HighSchoolGraduate_includesEquivalency_,IncomeInThePast12MonthsBelowPovertyLevel_OtherFamilies_FemaleHouseholder_NoSpousePresent_SomeCollege_AssociatesDegree,IncomeInThePast12MonthsBelowPovertyLevel_OtherFamilies_FemaleHouseholder_NoSpousePresent_BachelorsDegreeOrHigher,IncomeInThePast12MonthsAtOrAbovePovertyLevel_Married_coupleFamily_LessThanHighSchoolGraduate,IncomeInThePast12MonthsAtOrAbovePovertyLevel_Married_coupleFamily_HighSchoolGraduate_includesEquivalency_,IncomeInThePast12MonthsAtOrAbovePovertyLevel_Married_coupleFamily_SomeCollege_AssociatesDegree,IncomeInThePast12MonthsAtOrAbovePovertyLevel_Married_coupleFamily_BachelorsDegreeOrHigher,IncomeInThePast12MonthsAtOrAbovePovertyLevel_OtherFamilies_MaleHouseholder_NoSpousePresent_LessThanHighSchoolGraduate,IncomeInThePast12MonthsAtOrAbovePovertyLevel_OtherFamilies_MaleHouseholder_NoSpousePresent_HighSchoolGraduate_includesEquivalency_,IncomeInThePast12MonthsAtOrAbovePovertyLevel_OtherFamilies_MaleHouseholder_NoSpousePresent_SomeCollege_AssociatesDegree,IncomeInThePast12MonthsAtOrAbovePovertyLevel_OtherFamilies_MaleHouseholder_NoSpousePresent_BachelorsDegreeOrHigher,IncomeInThePast12MonthsAtOrAbovePovertyLevel_OtherFamilies_FemaleHouseholder_NoSpousePresent_LessThanHighSchoolGraduate,IncomeInThePast12MonthsAtOrAbovePovertyLevel_OtherFamilies_FemaleHouseholder_NoSpousePresent_HighSchoolGraduate_includesEquivalency_,IncomeInThePast12MonthsAtOrAbovePovertyLevel_OtherFamilies_FemaleHouseholder_NoSpousePresent_SomeCollege_AssociatesDegree,IncomeInThePast12MonthsAtOrAbovePovertyLevel_OtherFamilies_FemaleHouseholder_NoSpousePresent_BachelorsDegreeOrHigher,stateId
1417,1120,2018,856,703,745,292,401,1321,1654,2733,545,11909,22164,43769,43474,1364,4818,5413,2035,1970,3659,13652,7456,CA-03
9592,2607,1637,186,1471,998,411,0,6412,3196,3407,506,30657,18805,24172,12978,2993,4590,3561,618,7088,5755,8856,2758,CA-21
942,1070,895,1924,128,59,403,46,843,808,770,1049,9583,13757,35634,67799,1032,2033,4955,4383,2118,5179,6755,9387,CA-48
1431,1709,1512,301,919,1138,1150,56,2405,2957,2070,245,19756,30021,45746,27396,2951,4395,5600,2352,3276,7684,12038,3624,CA-10
4163,2345,1018,1688,2410,842,436,324,5644,3224,1552,668,22372,14345,12364,26351,6182,2836,4401,3123,9048,6081,6393,4606,CA-34
718,1030,548,1786,152,165,344,269,163,412,1075,1063,2886,6510,29433,102691,692,771,3498,6473,1213,1036,5709,10629,CA-52
1327,1573,548,1618,586,190,371,69,673,1578,989,731,8661,14488,32516,69904,723,3316,4791,4987,3882,5132,8514,10115,CA-30
445,104,311,1209,31,0,255,61,125,465,489,766,4070,9816,20354,117934,1106,1219,3198,5097,1371,2462,5935,10702,CA-18
2401,783,1399,473,37,526,1025,150,3860,1221,2029,399,20612,15195,31995,41304,3845,2169,3085,1998,5769,5112,9111,5979,CA-20
1601,1263,1273,1041,152,487,355,335,556,1923,1838,387,10541,26248,56885,47863,1065,3092,4685,3647,2950,4674,9733,6512,CA-42
2162,1285,1878,919,95,403,544,79,1447,2142,1540,432,14704,21994,40169,43425,1975,3913,4649,3550,2828,4547,9114,7075,CA-25
2152,1441,995,1126,448,638,657,97,1685,1269,1634,678,17803,21472,26847,28150,3340,3922,5485,2728,6299,8333,9314,5510,CA-32
2469,2035,1314,1371,996,420,154,164,2997,2695,2895,693,17788,18907,22768,37053,4172,4734,5260,2994,6654,7404,12731,7684,CA-43
3713,1426,1806,667,813,619,409,258,3715,1392,2672,332,24572,21580,32755,23927,3754,4337,4569,1682,6200,7433,9567,5336,CA-35
2494,680,741,1488,190,351,355,248,1916,1755,2010,706,10347,10157,18203,69745,1518,2261,3775,3972,1650,4910,8924,9604,CA-13
5276,1434,1219,142,817,596,482,0,3852,1372,2908,848,30447,17860,21370,14489,4633,5137,4275,2411,8232,5416,11834,5714,CA-44
732,1191,686,858,0,143,86,66,548,456,869,1482,11281,12297,34896,84442,746,2332,3017,2494,3033,3303,6732,9060,CA-49
612,1208,1301,612,115,231,394,55,1312,1783,480,498,10943,18510,39162,53334,3009,3216,5931,2967,2744,5480,10603,6691,CA-05
3884,1813,1757,862,1139,196,655,93,4619,2072,2023,533,25020,17254,21224,22691,4792,5272,4849,3682,8089,7532,6849,5067,CA-29
1145,1397,1955,1376,543,624,323,227,811,1320,1508,398,6722,18500,47055,58407,1566,1712,5122,4498,3421,5971,12592,7906,CA-07
1048,1260,1014,1008,136,265,269,496,771,899,978,864,8959,16629,38905,72106,1153,2309,3760,4084,2192,4018,9648,8715,CA-39
2326,1940,1585,789,512,290,592,103,1404,2505,2511,246,8062,20879,45549,53263,2203,3998,5362,2345,2929,4507,9300,5598,CA-50
2689,1923,2210,378,476,1000,571,113,2435,3508,4913,1225,11474,24211,43285,35903,2991,3827,5310,1942,2278,6129,12796,3840,CA-23
5676,2559,1098,345,538,366,518,198,5607,1547,3004,754,20005,23671,25193,20260,2640,3278,5870,2118,7084,7263,11961,2310,CA-51
921,1455,2073,902,214,1040,767,226,843,2118,3949,287,7945,23125,52078,41466,2459,3945,4965,1968,1596,5100,9009,4042,CA-01
6858,1897,1240,463,2026,858,352,0,7741,3302,1951,272,29696,16203,16286,8629,7283,3711,3959,1690,12302,6470,10119,3771,CA-40
774,1247,1076,2783,318,97,647,508,884,117,1289,991,4103,10456,36700,101820,593,1475,5199,5071,1025,2239,6258,9667,CA-45
4509,2232,1634,598,1350,711,668,161,3567,1781,4403,317,14830,23627,44137,38784,2938,4330,6854,2680,2961,3846,13968,6027,CA-22
2529,2579,2312,873,154,463,751,37,2901,2387,1413,1366,16588,25988,39252,37196,3831,3917,3168,1147,3589,7773,10923,7031,CA-09
1740,1948,518,1263,193,117,329,355,638,913,1068,755,9464,16255,27232,66991,1466,3450,3195,4936,2562,5559,8497,10752,CA-27
800,337,825,851,166,93,64,201,818,243,812,395,8901,14147,26370,80465,1825,1825,4721,5293,4112,3555,6877,8204,CA-14
829,526,738,755,177,800,888,345,1078,782,1487,963,6544,14458,37517,70499,1677,2100,4675,2781,1663,3885,9055,7297,CA-02
934,1947,1337,1349,462,68,99,345,1224,1972,2188,852,9116,15406,23251,81510,2821,2785,4219,5193,2513,6336,7981,9825,CO-01
2092,1958,3368,923,89,1036,360,146,1383,2502,3143,520,8226,31482,50937,55291,1962,3517,3475,3405,996,5023,9423,4254,CO-03
1147,1447,1307,679,763,690,429,246,666,1588,2218,69,11010,30495,55012,84321,2074,4346,3773,3641,2833,5266,7451,7009,CO-04
1229,331,1369,1497,169,34,191,86,126,529,1466,768,3937,17017,39157,109132,501,1999,3356,5161,211,3072,4892,7000,CO-02
632,357,1217,910,345,321,303,193,872,1337,2085,310,9414,17966,43448,84848,865,2999,4842,5021,2688,4495,10022,11538,CO-06
113,108,446,330,474,342,0,164,1763,4014,2772,510,2786,5984,8035,60529,1032,1403,1472,3629,2795,7493,9536,9248,DC-98
1067,842,901,936,114,401,199,45,1596,3575,2163,775,7448,26516,24924,55396,1757,3891,2768,2437,2575,11764,8452,9453,CT-03
801,588,671,921,652,397,531,341,2505,3205,1837,963,7110,16327,22039,90244,1843,4116,2862,3102,2216,6231,6143,7838,CT-04
197,926,1073,766,400,198,155,0,1029,1316,1197,810,4204,32957,36453,65155,636,3688,4808,2424,1758,7645,8766,5409,CT-02
2551,2138,2061,960,85,885,461,0,1291,4179,1700,403,9302,42194,47788,51009,1375,2975,3065,2275,2337,8771,9964,4258,FL-17
1008,2322,1656,1735,592,1849,495,258,851,2959,3353,830,8923,38296,49612,47235,1732,4429,4053,2709,1512,9159,8806,5860,FL-06
931,2860,1529,788,272,1537,946,149,4562,5159,5371,541,8138,20923,29842,21204,2591,4996,5066,2750,3396,10827,14961,8914,FL-05
2504,2149,1703,1735,964,1562,225,61,3403,3736,3382,977,13469,28370,20682,21677,3160,7185,6360,2926,5366,11990,15515,8404,FL-24
1271,3090,2206,1458,327,469,577,127,2072,3065,1999,579,10829,44820,66425,54227,1250,3109,4616,1746,2423,8193,7904,4247,FL-11
1064,1788,1670,2776,125,107,225,126,650,1353,2163,1274,6574,22083,31855,62518,1841,4118,5143,4748,1891,8251,10755,11076,FL-23
460,2061,1199,1408,579,201,99,0,740,2339,1000,630,4996,29075,49348,58065,983,2211,3390,2023,2649,4181,10613,5395,FL-08
948,2158,1133,938,146,516,203,382,802,1287,1488,367,9048,27560,44150,62360,1447,4203,2943,3074,3711,7175,11262,6307,FL-18
2943,2867,1201,974,987,1189,319,286,2735,4472,5133,626,8312,24378,23795,28029,3247,6093,5197,3752,5668,14845,14330,8404,FL-20
3901,2229,1899,2699,805,696,623,40,2688,2674,2017,1572,21111,27384,28461,42586,4036,5578,4456,3996,6601,7418,8841,7972,FL-25
1158,2350,1592,1215,464,511,681,110,1139,3953,3265,341,5393,23636,40804,51981,1679,3722,3967,2687,1073,8082,11012,7392,FL-03
1055,1184,1862,1896,702,422,218,97,2484,3426,3114,505,8962,24790,32526,52561,2165,3544,4531,1824,4103,7204,9816,8976,FL-10
895,1510,1193,1503,909,202,225,0,956,2471,1027,1068,4539,25573,44930,84399,583,2421,3893,3493,1617,6713,10273,8729,FL-04
539,971,986,884,296,417,154,310,957,2083,1392,390,6322,21244,35092,53367,1805,2563,3347,1933,1918,7582,7647,6735,FL-13
1993,2184,1554,969,354,313,735,385,4050,3331,2514,968,13647,28656,31041,39018,2138,6613,4622,3084,5165,9294,9218,8924,FL-26
1640,1455,1557,1449,693,307,344,191,1186,1132,2649,1380,5175,21611,29949,68094,1619,3394,2976,2713,2594,6554,10576,7432,FL-22
1709,2019,2090,2073,947,1111,308,0,1863,3662,2643,797,11081,30138,44568,48463,1868,4384,5198,3307,2680,9525,15631,8839,FL-09
380,1663,2099,1769,280,264,144,479,1714,2385,2077,528,8036,34092,48691,72858,1701,4287,3795,2491,934,4622,8030,5422,FL-19
690,1545,1363,894,489,846,625,148,1424,3409,3152,612,4940,27331,53386,48423,1119,2138,3972,2351,3181,6832,11459,7455,FL-01
855,1212,1814,1726,188,884,1103,83,1333,2982,2409,838,3605,23384,34317,71636,867,3482,4504,4316,2133,6506,11494,10721,FL-07
3466,1366,1039,2593,353,633,496,60,1655,2520,2648,2169,8806,19105,24081,60468,2954,3166,3307,4964,4956,7757,9694,11586,FL-27
1472,1966,1830,900,318,698,29,116,1779,4039,3548,258,8976,31826,44274,49081,2636,2805,3521,2661,2567,9313,11493,6460,GA-03
1193,1785,624,483,350,566,270,109,2058,4371,4418,449,7648,31276,39402,54990,1122,4149,2500,2471,2934,9554,8985,6986,GA-10
1836,2096,1069,647,561,1226,242,0,2357,1899,2378,483,9604,22295,32997,40712,2164,3247,4275,2653,3070,8309,20100,12686,GA-04
1029,901,666,685,152,1014,432,215,3618,6579,4547,1712,4360,10273,15656,53674,2311,4239,3251,4454,2820,8309,12050,13546,GA-05
1524,2900,1335,741,1384,131,915,143,3320,2700,2615,256,13805,37306,46682,50789,2770,3245,2608,831,3462,5101,10331,4391,GA-09
2815,1611,2579,1383,147,287,827,78,1009,1373,556,766,9419,19777,36431,91764,1398,2890,5444,4218,1717,4727,9067,11754,GA-07
624,360,960,1352,427,394,60,377,855,716,435,1241,3646,9891,22340,118331,1319,1311,1633,4909,1105,2042,5987,9418,GA-06
867,2137,2232,1015,34,601,101,16,3035,4007,5273,366,6589,30735,41137,42249,1543,4254,4593,1787,2711,7627,12118,7278,GA-01
1454,1355,1686,1946,270,115,0,316,1099,1482,2387,660,8417,21463,38263,77127,2356,3491,3008,3824,2990,4643,10865,7759,GA-11
2264,4032,1789,313,1442,439,624,60,2412,5696,3389,614,8679,28428,38597,35773,1097,4254,4410,1429,4504,10677,7403,6164,GA-08
1646,2894,4146,1319,377,468,844,239,640,1626,3162,405,9564,31126,55549,60193,1334,3893,3673,1750,1959,6274,8630,4932,ID-02
874,1346,990,453,55,242,98,0,616,1286,1065,426,4052,18635,37910,52743,466,4380,4495,4019,2165,6422,9876,8392,HI-01
1439,1307,962,438,250,630,553,304,2647,3983,5214,1216,5904,16012,30227,41540,1141,4389,4322,2730,2835,8749,14849,10561,IL-01
1363,1562,376,453,1235,1520,967,67,3916,4330,3507,1171,7061,9636,14266,55098,1861,2859,1721,2764,3226,9512,12459,7631,IL-07
1063,1718,1630,551,884,623,270,0,1610,5192,4797,835,5727,20760,27287,24117,1986,4399,5073,2348,2863,11281,19504,11033,IL-02
501,1360,597,1120,219,346,129,282,712,1863,1233,156,5814,16991,23357,78048,787,2333,3758,3103,2149,4299,5128,9154,IL-05
1129,1475,1221,835,688,956,254,695,1224,3556,3754,1153,4050,24585,34857,44628,1184,3392,2759,2048,1025,6363,8804,5846,IL-13
962,621,559,911,92,132,0,143,326,482,980,641,3347,20436,36098,97991,598,1943,2463,3154,1584,2393,5513,9012,IL-06
793,1368,946,724,562,0,184,127,1484,1094,1741,399,9783,18205,29892,78924,1691,3457,2244,3615,2885,4177,8437,7399,IL-10
2231,2330,853,618,379,486,852,0,3071,2801,1633,302,21096,22566,17105,27011,3753,6530,4576,2491,5408,6881,6736,5992,IL-04
1640,805,921,2241,191,65,0,310,747,517,1374,547,6386,14910,20865,89382,937,1584,2524,3958,1014,3451,5031,9085,IL-09
901,1895,1552,184,500,851,1543,86,1926,3161,4107,864,5687,26217,45727,40041,674,5024,4978,2037,1940,5639,12176,6450,IL-12
1424,1254,907,1622,318,1120,102,0,828,1374,2624,672,10920,24173,37259,52452,1717,3760,2858,3451,3173,6016,9747,6363,IL-08
858,1625,1145,701,39,555,559,0,1369,2585,2277,422,6490,38795,44156,47666,1126,5296,4633,1857,1289,7553,9519,5269,IN-09
1114,2390,1519,300,326,858,708,32,1411,3901,2965,468,7420,42066,46245,38685,1065,4672,4021,1223,2318,8595,6524,4423,IN-08
936,1168,1514,603,572,837,87,589,1226,2620,4025,965,6440,39666,38165,36603,1736,7121,4243,3380,2235,9916,12534,5695,IN-01
817,1795,1237,1631,0,214,118,182,1795,1590,2169,378,4965,25063,35111,97498,628,3786,2448,3779,1011,5067,8462,7199,IN-05
1275,1641,919,766,486,1207,526,116,2790,3330,2948,1246,10097,25410,28685,30033,1809,4151,3338,2792,4604,10296,10849,5307,IN-07
495,1669,2270,797,232,315,303,127,814,3747,3718,556,6355,40588,48208,52134,711,4355,4730,1663,1265,4373,9464,5364,IA-01
1002,2418,1418,917,322,969,168,306,1025,2963,2648,500,8441,38231,48517,55636,1093,4784,4490,1774,1338,5833,10225,4627,IA-02
1231,2056,1637,792,537,642,343,98,925,1734,3364,725,9568,30105,49114,42857,1879,3352,2470,2043,1053,3869,6717,3289,KS-01
1265,784,1358,1377,208,244,179,131,1685,1701,2649,833,6362,18853,34434,94105,1502,2667,3081,4838,1519,4341,8544,8526,KS-03
408,2340,1896,383,267,327,505,151,1042,3158,3324,447,4838,32624,44436,52440,1089,4820,5073,1735,1468,4023,8338,6072,KS-02
2061,2558,1892,942,584,1028,432,0,1900,2972,3395,528,8527,28136,34684,60042,2382,3524,3929,3230,2026,8114,11548,7342,KY-06
2476,3910,2175,715,1050,2416,327,199,4116,4514,3504,491,10292,46189,42769,30007,1650,5871,3381,1402,1499,6021,7674,2447,KY-01
5347,6218,3256,870,2163,1719,112,263,4027,5746,5227,818,16797,41189,32426,25199,2123,4777,2640,1121,3534,6084,6234,2759,KY-05
2024,3496,2548,538,1590,1194,183,50,7767,7878,4103,935,8033,36534,34796,32862,1060,6289,3294,1466,2431,10365,9491,6040,LA-04
845,2167,1164,391,1420,836,711,386,3733,6139,6229,713,6157,23984,25889,29367,2039,4189,4171,2160,6515,10705,13932,9712,LA-02
1763,1316,1624,742,1085,738,257,566,2950,3835,4390,531,8922,32713,36254,59095,1577,2975,3710,2890,2016,8805,11526,7211,LA-01
2864,3325,1305,559,1114,1936,924,393,5435,8729,5623,698,8848,36130,30668,25970,1968,4665,2977,1846,2431,10445,8843,5883,LA-05
881,1307,869,783,0,144,521,299,374,946,2874,492,4247,27813,36476,65766,727,3610,2229,1980,1611,6228,5916,6360,ME-01
799,2283,1131,568,307,869,825,0,789,2328,2235,641,4796,37447,41978,41114,832,5228,3975,1537,930,5626,8681,5522,ME-02
479,1633,1025,1284,163,299,243,11,1159,1231,2384,307,6702,33649,44164,62316,1549,4442,3211,2524,1925,5379,8572,6429,MD-01
539,1557,468,979,31,95,0,49,1275,1305,1908,862,5851,16885,24858,88157,1397,2635,4117,3859,1750,5918,12716,11875,MD-03
392,460,932,807,55,895,129,285,1803,1620,1185,460,9043,18824,28920,53411,3290,5391,3190,3806,3242,12218,14203,13744,MD-04
731,523,574,610,110,711,0,188,744,1758,1435,446,7248,24855,40080,58778,1277,3905,3681,3459,2326,8992,11476,11716,MD-05
663,1092,1275,1196,1101,390,545,258,1754,4178,1782,628,3870,12918,18491,57479,938,3291,3492,2827,4201,10239,13561,12229,MD-07
298,1747,870,909,106,530,794,0,1968,3089,3790,801,6085,24547,33990,50473,1816,5066,4303,3058,2217,8712,11858,11786,MD-02
1001,1564,537,1464,115,406,569,0,267,2176,2129,279,9351,23288,30319,78408,845,2408,3011,3651,2448,4980,8769,11233,MD-06
779,692,504,1185,669,283,99,107,892,1499,1007,612,8617,14665,24846,101462,2569,3591,1540,3553,1848,3947,6787,9794,MD-08
198,576,794,1265,0,95,210,0,356,1853,1920,787,5852,19306,31512,101638,1564,2015,2355,2622,1398,4732,6010,10094,MA-04
2459,852,212,1590,201,431,261,116,3331,4681,3492,840,8850,13662,14721,48040,2531,4146,3803,3132,4323,9984,10084,8454,MA-07
858,1068,711,453,77,370,104,109,1267,2072,2357,756,4427,28775,33413,70990,797,4067,4380,3889,2175,5604,8080,8710,MA-02
592,1142,1018,680,641,804,272,114,2088,1710,2483,550,8209,30190,36564,69155,365,5793,4585,3396,1836,7926,10360,7941,MA-09
655,1173,744,655,0,375,102,303,1257,1885,2218,771,8675,21756,26449,78949,1448,2922,3059,4568,2425,5660,8333,8212,MA-08
1355,1104,1365,924,134,733,428,87,2019,3853,2548,291,5618,27712,32452,48107,1647,6610,4629,3905,3631,10151,11158,8239,MA-01
611,1015,713,1265,158,185,375,348,1261,786,1266,478,4890,15975,19379,103279,400,2747,1893,5576,1918,4192,5793,9306,MA-05
646,2122,2099,431,609,967,710,46,1203,2503,2085,514,6088,38433,48107,48745,786,4003,4711,1981,1498,5329,7872,3395,MI-01
1371,2029,1421,1042,348,363,285,0,544,2543,3057,290,6788,31224,46269,50864,1742,3884,4557,1978,1817,7324,9873,5782,MI-02
699,2293,1356,1057,705,1209,1232,56,3589,4432,5215,1137,3606,14564,20288,42799,1160,2911,4344,2966,3065,9522,14532,10007,MI-14
599,1190,1251,632,935,663,535,0,1395,4018,3827,276,5478,25937,42539,60712,1689,3161,4630,2851,912,7367,7524,5896,MI-03
1488,2493,2240,363,355,894,994,151,2779,5050,4461,837,5247,27180,46717,32931,1166,5411,3918,2824,2751,8207,14034,5163,MI-05
2278,2628,1590,1337,941,2071,1532,206,4478,7089,6487,1038,5962,17767,21820,14300,1965,5346,5081,1566,5266,11606,17415,5830,MI-13
1721,1207,1136,489,72,446,613,363,638,2385,2308,587,7478,29938,40217,49800,1477,4970,6181,3471,2868,7606,10759,7110,MI-09
143,449,1463,815,90,307,562,150,758,1222,1455,1168,3900,22994,38320,74401,695,3804,3744,2300,1680,4017,10255,7830,MI-08
874,1373,970,273,414,657,319,64,1020,1578,2364,176,6273,34872,54745,42445,943,4277,3986,1574,1836,3840,8259,3342,MN-07
724,631,812,643,71,419,211,13,624,983,1140,83,3993,27955,52567,61881,574,3910,4800,2741,1536,4878,8032,4832,MN-06
394,1108,887,556,399,315,318,233,851,1162,2137,613,4954,31325,45966,52613,1655,4303,5386,2516,1181,4142,7327,4428,MN-01
437,603,1068,727,100,337,253,62,440,634,962,194,2503,17187,36871,95961,239,2351,4203,4372,1996,3946,7231,8621,MN-03
1506,713,514,909,178,61,354,412,2465,1800,3546,478,3802,12402,23404,64895,1468,2650,4014,2873,2861,4888,8328,6328,MN-05
2203,2416,2030,943,403,758,542,413,2316,3840,5501,1173,7843,29503,43552,54873,2263,4554,5401,2698,2404,7090,12394,7629,NC-13
736,1382,1853,1465,858,1305,707,0,2971,4841,4358,644,8109,23703,39971,73761,1349,3120,3577,1803,2294,5870,9471,7444,NC-09
1173,1252,1537,994,162,621,561,58,937,1950,2576,464,4763,30240,53671,58365,1266,3610,4858,1965,1591,5224,7046,4625,ND-00
721,1600,1528,927,813,1075,396,85,2826,3845,4312,373,7277,28673,36504,60606,1180,4621,2916,2281,2330,7671,7661,7022,OH-02
1129,2893,1214,658,1160,953,332,139,1612,4331,2756,235,9839,48729,41281,31602,1012,5531,3115,2322,1056,7840,5871,4522,OH-06
1695,2012,1094,302,453,954,561,142,1158,4354,3252,264,7179,44438,48377,34603,916,7462,4674,1467,1373,8120,8721,4159,OH-04
805,963,304,1034,51,728,340,57,417,1240,1413,340,5994,35538,41697,68528,985,4544,3611,3249,1313,5207,7465,6345,OH-16
684,1465,1502,1112,987,1378,744,184,4335,5716,7463,516,4263,16397,20113,35427,1103,4415,5043,2600,3429,10239,19714,7768,OH-11
1078,1824,1185,609,88,308,271,121,2237,3773,3029,985,7438,41919,40875,46013,1856,6603,4434,2460,1806,6928,9273,4354,OH-08
1607,2307,2335,1300,937,509,294,0,2336,3179,3635,942,8209,25851,44391,61708,2049,4426,5284,3183,2811,6418,10963,6468,OK-01
1989,2904,996,755,1284,435,537,543,2824,6133,3201,585,11557,22601,35892,57860,1996,4671,4263,4405,3472,7871,10771,7892,OK-05
1625,1026,892,1071,138,324,350,337,2494,1749,2330,816,7082,17967,37160,74681,2109,2435,5515,4482,1977,5263,10778,9024,OR-03
325,1992,2418,1164,389,513,1184,127,565,1881,3499,476,7807,31616,55861,53519,809,4799,6192,1879,2123,7130,11188,7072,OR-04
276,691,793,396,801,378,57,80,1581,2125,1127,350,7266,18609,18618,38617,1999,4209,2723,2599,1827,6103,5706,4277,RI-01
1446,2345,1125,641,383,185,748,154,2702,5016,3249,1011,7194,32196,41573,41959,2034,4391,3433,1833,2535,9226,9062,4507,SC-03
2805,2201,1580,746,627,541,357,119,2684,6241,3778,660,8892,33921,41780,38061,2576,2887,3247,1376,3119,11851,11529,6336,SC-07
719,1622,2319,909,1145,440,307,144,3312,6634,5889,1375,8134,22882,22045,24796,1682,3343,2530,1415,4170,8537,11535,5785,SC-06
2457,3575,1777,1494,872,1152,166,36,2587,3221,3495,547,8747,33331,43353,46377,1606,6171,3525,2704,2507,7674,7818,5117,TN-03
1691,1427,1628,518,787,1950,571,151,2565,4507,2628,635,7149,33170,37139,40866,921,3543,1818,1742,1966,8946,9341,6782,AL-01
2278,3439,2136,609,269,493,275,7,2348,3241,4472,333,10670,29635,46174,43201,1957,3005,2390,3270,4102,7302,8019,4695,AL-03
2044,1965,1254,1432,454,615,167,695,2752,3411,3334,1113,6837,28320,41171,64143,948,3929,2531,2751,2272,7921,8553,7056,AL-05
2461,2985,3215,331,1172,805,99,22,2834,3208,1840,662,13715,39380,43074,31856,2198,3197,3087,1078,4338,6083,8351,3517,AL-04
1086,1336,1997,652,405,672,838,264,3716,8581,6761,1125,5415,26924,23216,23340,1326,6030,2696,646,3635,10434,12933,7197,AL-07
1235,1645,1642,1265,394,1463,330,38,2660,4858,5535,802,8328,27728,36090,36118,1512,3308,2526,1869,3750,8649,9813,6571,AL-02
1264,1869,1553,965,562,314,240,38,583,1905,1600,815,6468,26925,40918,68158,1286,1910,2980,1460,1944,4769,8756,9310,AL-06
445,1847,1356,452,204,657,389,66,874,1579,2435,390,5267,23257,44268,47716,496,3899,4993,2029,1216,6208,8792,4299,AK-00
1991,1677,2223,1717,878,1412,844,98,2753,4150,4342,641,8472,24484,47533,46961,1509,2615,4159,1273,3206,5795,12212,4718,AZ-01
4105,2313,1703,442,1021,1962,1638,164,5009,2719,3586,823,17597,28375,38618,22652,3421,5440,5709,1970,7315,7854,12106,3343,AZ-03
689,1268,1923,894,40,570,235,427,380,757,1803,741,6083,22288,56826,81580,733,3520,3957,3076,1663,3681,9791,9626,AZ-05
1291,2595,4523,1636,323,559,769,100,1425,1577,2552,496,10559,40859,69295,44239,1229,4199,6346,2064,2918,5878,10180,4997,AZ-04
5906,3232,2199,973,2145,1432,937,237,7457,5504,3883,450,22771,21461,22275,18155,3001,5923,6829,2033,7933,11927,11858,5640,AZ-07
1796,1530,1640,1354,386,811,1172,0,910,2144,2371,826,5772,19592,46465,55964,892,2136,3981,3537,2920,4281,10341,6980,AZ-02
1657,1329,1099,1456,369,346,489,773,741,1736,1413,765,7723,16722,44591,86722,1372,2952,5439,4055,1957,5620,9359,9067,AZ-06
835,1462,2968,1602,350,144,153,199,605,1364,2886,463,6710,26680,58483,65242,1998,2747,4898,3484,1238,6290,9512,5688,AZ-08
2341,3470,2059,1030,245,456,428,457,2530,3203,2435,715,14633,37728,41221,56509,887,4852,3849,1175,3566,7519,9613,5674,AR-03
1747,2034,1744,936,184,1732,1026,64,1268,4728,4225,748,6265,31237,37866,51186,760,4268,3869,1669,1922,9651,11283,7312,AR-02
3359,2226,2241,1061,392,756,366,129,3156,3506,3105,514,13713,24595,42251,38930,1651,3231,4883,1741,4930,5956,11528,4199,CA-36
3850,1765,445,556,976,327,171,112,2917,1685,916,297,27831,20911,23570,23464,3090,4400,3886,2529,6139,4802,9020,5848,CA-46
55,531,458,1778,86,186,146,319,233,579,857,917,3434,8245,22960,98887,459,729,3103,6288,592,1794,3484,10045,CA-33
616,756,441,1305,198,241,100,59,848,1187,342,432,7862,19095,33861,93641,813,2000,3387,4975,1779,4935,6420,8100,CA-15
3044,1649,1715,665,403,362,765,106,2075,2356,1856,684,13631,14332,28810,46896,2333,3664,4529,3612,5615,5099,8725,6789,CA-47
1059,1847,1418,524,804,896,297,84,2151,3305,3489,529,7613,32821,35916,60566,830,5601,3293,2226,3571,8520,7788,6409,TN-08
2472,3177,2478,578,876,438,948,268,1160,3403,3337,535,12649,44830,49297,54459,2519,5604,2565,1989,2767,7028,7829,4504,TN-06
5323,2888,2201,211,984,1321,918,98,9423,6391,3614,396,29274,27901,23067,12517,9606,4859,4458,926,5979,7976,10112,4252,TX-29
3256,1346,3387,606,460,534,722,0,3591,4146,4946,1138,12699,28719,39884,36323,1864,6057,3512,2402,4849,7136,10849,3661,TX-27
836,1821,1686,976,340,144,358,0,2807,4810,4107,450,10504,28218,45323,44689,1304,6030,3824,1626,3137,7260,11994,5506,TX-14
3432,1849,2403,509,489,668,480,91,2215,3114,2675,657,15868,29603,40787,33352,3462,6457,4631,1212,4905,8748,9630,4516,TX-05
1649,1083,702,1431,84,260,483,317,2237,1971,2272,1331,9295,30849,45784,85243,1870,4639,3036,4343,2471,5357,8052,9569,TX-10
3182,3313,1257,1123,1422,681,697,0,5017,4153,4763,725,16232,26426,28866,32125,3447,5406,3768,2900,7980,9181,10795,8695,TX-35
879,680,1956,2301,881,153,0,314,733,480,888,719,9458,24519,47123,113367,1042,3333,3972,3704,1480,2185,10294,11897,TX-22
1797,1923,1983,1349,249,483,174,0,3030,3240,2912,991,14241,28239,39193,38107,1301,2865,4566,1266,2574,7309,8384,3767,TX-19
614,1344,2254,2714,426,379,489,371,477,1589,1628,546,3657,17997,49439,75529,343,1820,3616,2372,1199,3660,5723,5647,UT-03
1554,1814,3157,1060,55,445,226,107,367,1149,1395,500,6657,24362,54841,56788,928,4050,4972,2471,1909,3884,7783,4121,UT-02
243,1027,1511,978,336,496,589,0,3121,4558,6279,1386,6032,23519,38144,37853,1388,5207,4003,2722,4562,10714,18017,8033,VA-03
341,1110,900,302,485,414,30,41,1872,3433,3373,548,7261,22843,36390,51075,1581,3836,3563,1522,2262,10841,11226,8633,VA-04
666,1387,1235,781,292,229,10,69,1363,1216,2438,522,4719,20389,47609,65380,899,1981,4502,1807,2260,5560,10856,8981,VA-02
788,1546,510,525,591,461,546,285,1702,3697,2199,596,9206,35813,41049,48556,2427,5085,3991,2300,3223,6712,8180,5244,VA-06
405,790,1328,1048,377,182,184,47,826,1215,1667,329,4607,22528,46133,94496,1630,2487,4641,4015,1156,2916,7329,5708,WA-01
640,1918,1851,683,91,628,605,0,657,1974,3766,449,4168,23617,52457,52756,585,3834,5514,1772,1450,4985,10528,5169,WA-05
556,510,645,638,89,213,730,61,1345,1447,2334,810,6594,23097,48847,60186,1322,3024,4649,3756,2272,5425,12185,6784,WA-02
432,1582,1868,580,22,644,530,97,90,1213,3187,727,3618,24960,53875,58043,1010,3805,5407,2669,1912,5777,10500,6942,WA-06
1960,4466,2027,350,370,1887,776,201,1550,3887,3387,285,12626,40472,27556,25090,1835,4680,1681,1469,4011,5620,5827,2836,WV-03
265,1179,1031,502,0,664,216,0,962,2113,2589,725,6612,32151,46460,58631,985,3851,3530,2045,2267,4535,9818,4453,WI-01
909,808,1086,731,30,203,39,0,138,1265,1549,298,4510,27562,45755,74772,298,3954,4770,2580,922,4913,8039,7658,WI-05
509,898,1568,855,6,638,101,65,395,1700,1679,280,4195,24201,36846,78418,863,3252,4071,3874,1408,5032,8778,6003,WI-02
337,1344,1089,1284,393,348,226,364,410,2187,1717,424,3629,31310,43585,40967,529,3356,3608,1648,1107,4058,5319,3620,WY-00
1234,1555,828,605,294,1345,828,20,1580,2989,2558,516,5475,42063,36103,49144,692,5793,3081,1853,1846,8107,6070,4920,PA-14
607,777,1310,633,63,269,422,0,1717,1735,2163,858,6742,22620,24252,85810,1243,3251,1925,3707,3136,7595,7456,6947,PA-06
1187,2071,870,626,707,1399,487,100,950,3435,1307,912,10349,47590,33160,40355,1238,6253,3229,2125,1418,8266,6113,4739,PA-12
442,687,309,778,154,0,189,137,584,880,1381,936,3824,21930,37790,105126,1017,2572,2060,3643,1250,3779,6690,10008,MO-02
820,1145,1733,844,553,1093,845,110,1815,5990,3945,827,3490,17122,24325,41306,995,4391,4376,3159,3797,11997,16792,10778,MO-01
946,1440,1431,1143,376,1042,195,66,3654,3588,4452,1191,6214,29772,36890,49488,979,4622,5415,1654,1943,9220,12450,6965,MO-05
373,874,965,555,99,188,581,36,756,1325,1821,878,5692,24118,45098,52367,1266,2859,3834,2282,1543,4623,5836,4033,NE-01
1257,1187,686,1042,218,829,234,89,1197,2093,1758,394,4600,19089,34763,65976,2215,2875,3286,2754,1663,3465,8396,9435,NE-02
1345,1434,1568,737,587,238,351,42,2315,2854,2730,981,13713,28267,44911,29979,2224,6496,5496,3269,2917,9696,9501,6452,NV-04
358,787,1078,636,320,569,313,141,586,820,1582,1074,4896,29028,33996,67694,599,3540,5044,2977,1426,5039,7681,6599,NH-01
723,443,607,843,0,56,485,0,287,1603,1547,571,5544,34040,38465,67565,601,3384,4028,3752,1439,9301,9862,8825,NJ-03
266,1596,1487,1409,0,535,223,401,818,465,1365,333,5888,29569,33480,77507,471,2658,3519,4276,879,6191,4608,7915,NJ-04
687,1857,1038,560,909,159,348,0,2058,2509,2318,673,7178,38405,35201,46144,2306,4175,3989,2295,2354,10440,8708,6938,NJ-02
306,468,1111,512,247,0,58,105,168,605,271,283,3299,18979,27711,106413,639,2794,2089,3471,1180,5224,5229,9364,NJ-11
1443,2588,1124,619,441,815,513,239,3930,5410,1855,604,15187,29580,18620,46202,3536,5169,4494,3203,4329,13434,9425,7436,NJ-08
5350,2618,3061,526,563,636,1159,51,3693,3339,4137,378,13691,23563,37306,27717,1480,3643,4574,2574,3972,6088,9694,5452,NM-02
731,711,470,827,877,643,670,453,2477,1620,2944,1420,4215,21668,34452,63231,1463,2869,3744,3781,1821,7565,11926,8873,NY-20
1804,2804,1665,406,1300,1089,449,9,1595,3299,2414,782,8529,36202,41441,42684,723,5750,3779,2771,1518,5959,7934,5323,NY-21
494,685,657,999,497,68,60,132,574,1781,794,175,8965,21159,29997,69701,1206,3738,3454,5129,3054,7651,7107,9753,NY-04
1886,1672,1477,620,397,329,631,188,2471,3873,2850,830,5828,31665,41457,41155,932,3823,3428,1924,2208,6441,7936,5917,NY-22
1338,2092,1027,1188,603,524,346,109,854,2939,2053,411,7153,31107,37897,49404,1443,4121,2553,2420,2067,6017,8757,5799,NY-19
719,1206,1373,549,255,442,471,0,655,2021,2140,667,4785,36503,42926,61674,1539,3949,4206,3392,1179,5115,9153,7466,NY-27
2078,2333,1147,1163,216,785,310,76,2324,1721,1217,392,16367,23369,20118,31099,4746,5447,4992,3559,5071,9831,9499,8582,NY-14
1037,1900,1261,567,545,332,744,20,2984,2556,3677,1179,4283,25824,34100,51870,1149,3920,3750,2326,2210,6068,8286,6598,NY-24
1797,1413,549,683,492,116,181,0,1431,1371,362,144,12512,16729,34982,56664,1222,2535,3652,3563,4189,5216,9235,5713,CA-26
1038,580,750,786,210,0,102,158,778,1005,1014,247,14992,15584,29821,55763,3734,3778,4311,3586,4931,4260,8183,6431,CA-19
896,853,858,1119,557,46,294,86,2230,548,1628,540,12636,16415,33532,55201,2995,2617,3552,2704,3734,5295,7593,5228,CA-24
2468,2580,1954,449,402,810,596,608,1884,3101,2992,658,10925,20528,31432,40333,1547,4657,5124,4030,3855,6948,15918,7807,CA-06
1595,826,994,983,370,173,150,639,2621,984,1784,698,11999,16088,33477,79069,1484,2409,4359,2958,2540,3784,9200,9504,CA-11
2744,2664,2551,788,852,819,385,74,3442,1878,4045,506,12212,27613,40534,24659,2634,5334,4975,1359,3003,6251,9666,4452,CA-08
1519,2560,960,1533,211,352,196,162,797,929,1677,795,9212,15133,23441,56898,1093,2627,3522,5415,2738,4186,6391,8661,CA-28
1379,892,595,269,121,59,40,54,885,728,1681,723,9138,10197,14657,73692,1473,1399,1782,4267,3037,3550,6680,8562,CA-12
1611,997,1947,1187,216,108,550,167,398,1505,1944,345,5197,21767,59875,71154,538,2868,3239,3287,1021,4477,7838,6847,CA-04
2419,1093,1368,747,481,512,466,283,1565,1940,2097,539,22147,21236,31243,22873,3695,5779,5479,1306,3714,7516,10470,5266,CA-41
125,550,799,1295,290,0,105,260,153,598,876,506,8468,10506,24625,112707,730,3150,2138,5595,2920,3273,7226,7955,CA-17
2089,1407,1045,764,418,902,457,197,1066,734,1211,278,16633,19951,35997,34155,1757,3683,5065,2752,5842,7218,12011,6385,CA-38
584,656,1316,1253,107,346,636,131,1384,1834,2919,1080,5892,22606,53704,78164,658,3151,4960,3442,1474,4494,9626,7215,CO-05
1069,2507,686,645,148,363,244,268,1163,3215,1490,570,11049,27985,35864,65781,3427,4149,4984,4507,1742,7178,9142,8054,CO-07
1884,2073,1494,1072,485,892,516,156,2079,5026,2359,389,10356,36134,48956,75825,2388,4306,5835,5263,2770,9503,11764,11059,DE-00
872,897,521,871,22,507,487,191,1687,2758,2864,528,4572,22715,30380,62752,1709,3581,4156,3397,3077,8828,10743,7894,CT-01
1673,1493,573,437,167,524,256,0,2171,2943,3075,671,5661,27608,29825,60224,1527,4492,3808,3303,2056,7623,7567,6777,CT-05
1180,1703,1189,1052,358,941,367,400,1745,3482,3034,1917,7137,19476,30537,60307,1740,4747,4116,4237,4025,7783,10520,8987,FL-14
1322,2297,1697,948,220,772,597,0,1602,1849,1854,595,8452,33721,47261,74834,459,3558,3330,2551,3407,7267,9098,6215,FL-16
1490,2416,1241,1643,467,330,456,176,1201,2287,2745,900,11126,29546,41754,41514,2742,4048,5068,4076,2521,6507,10298,7307,FL-15
579,2011,1769,1121,628,1103,1126,80,1265,2373,2891,874,5816,35882,49889,58329,1603,3325,2380,4733,2276,7963,9568,9203,FL-12
914,2535,1121,1013,628,228,527,0,2214,3842,3261,767,6586,33297,41555,47020,1719,3755,3902,1936,1469,5549,9848,5625,FL-02
2265,1164,1459,1893,562,435,704,377,873,1085,1421,1093,7471,25592,37153,63626,3083,3192,4401,4422,3335,5567,7905,9478,FL-21
576,2105,603,70,446,200,61,0,1091,3571,3549,1377,8355,27360,35583,42616,1771,5097,4612,4535,2921,10025,16748,17194,GA-13
1980,1628,1390,609,972,1503,825,359,3920,6414,9371,803,7080,23236,32017,23172,1532,2839,3169,1028,3495,7521,13205,4416,GA-02
2120,2521,1662,363,19,281,69,11,2213,3120,2713,490,16044,39049,42327,32298,2960,3672,4062,1996,4603,6987,8154,4904,GA-14
1228,1932,1541,487,605,223,286,44,3886,5910,4968,471,8406,28809,31800,30379,1984,3020,2798,1312,3924,9035,10197,7124,GA-12
1580,1119,3723,818,879,193,765,10,790,2089,2730,651,9451,38072,71058,65195,1411,6045,6178,2773,2213,5442,12626,6525,ID-01
1078,1800,1473,1171,108,685,421,115,745,2670,1647,948,5031,23688,36790,43990,261,4765,3327,2449,2056,5613,9238,5131,HI-02
760,1811,1532,424,898,471,881,276,478,1394,2080,415,3470,31160,44741,61279,842,3323,2816,1770,1038,5602,8612,5865,IL-18
187,882,509,599,37,51,101,110,161,1190,1455,234,5319,23306,46041,82567,799,2657,3448,2342,1057,5011,5639,6241,IL-14
1166,2047,719,599,298,883,349,101,625,2658,2889,540,7604,36341,47708,40556,1372,4884,4659,1899,1610,6893,7719,3751,IL-16
1346,2130,1498,420,1072,885,589,0,2735,5419,4703,369,6541,31149,41795,30835,1036,4926,2777,827,3442,6582,10435,4534,IL-17
1174,1664,1307,809,174,496,252,0,1006,2170,1575,850,11578,26684,35283,48172,1871,3454,3787,2596,1980,6085,9395,6738,IL-03
1252,1892,882,654,143,430,391,277,1422,1334,1815,531,10494,24281,32383,58016,1900,3166,4081,2826,1385,6921,9728,7179,IL-11
871,2472,1637,518,400,1151,350,29,1163,2208,3742,394,6538,35542,54971,39486,552,4375,3273,1403,1547,7406,8452,3082,IL-15
770,2252,1059,804,377,1253,530,139,2599,3166,2508,85,9590,37214,37039,39288,905,3325,3186,1657,2304,7484,8055,3880,IN-02
1099,2142,857,775,395,1352,858,181,633,3166,4175,267,8932,42674,38213,37197,1210,5182,5205,1930,1565,6988,9738,4223,IN-06
2152,1742,807,684,1010,596,317,59,698,2546,1903,615,13877,38758,44243,44444,2041,6347,5124,2359,2816,6109,9301,4180,IN-03
1132,925,896,930,96,648,212,37,1232,2646,2314,350,8767,36992,44540,47366,1503,4819,5719,1704,2348,7692,6764,4971,IN-04
474,1811,1208,791,615,599,161,74,1524,3689,2537,233,7110,40014,54362,47779,1760,4169,4224,1308,1695,5106,7766,3918,IA-04
936,1706,1167,1570,352,987,1437,231,1236,2752,2697,441,6027,32613,50146,72043,1570,4478,4839,3726,2218,6382,13343,9080,IA-03
1524,1299,1595,500,501,563,391,197,1568,3049,2328,620,7426,27287,44585,52141,1538,4055,3004,2859,2221,5762,9635,6051,KS-04
2569,2371,1070,820,870,1610,359,141,2113,3615,3501,506,11094,43632,45800,42220,2209,6301,4087,1425,1504,6420,8988,5240,KY-02
697,1913,968,1048,376,703,475,132,2592,3813,5057,352,6355,22822,34912,54331,824,3446,3665,3189,2331,6494,12978,8847,KY-03
965,2460,1943,344,912,398,140,112,1802,3211,2791,974,8015,35401,43198,56643,1740,4862,3828,2352,2637,7306,7402,5535,KY-04
949,1584,1244,274,965,615,685,71,2404,5132,4596,704,8234,37132,36360,50719,1311,4689,3395,3214,2797,7863,8064,10119,LA-06
3080,2363,1776,902,1347,2054,296,0,4564,7670,5527,943,11106,40198,37892,40516,1336,5313,3664,1902,2034,11153,8959,6525,LA-03
814,352,373,553,0,116,40,80,883,2055,1642,770,9207,21272,29719,92962,1846,3991,2514,3647,1794,6261,7903,9730,MA-06
829,856,327,406,69,849,265,100,589,2059,1965,924,6884,25564,31519,71974,1216,6228,3147,2678,3187,9917,10875,7680,MA-03
669,1851,1949,1020,203,772,433,0,1959,2748,2170,716,6224,33372,48728,48011,673,4762,4644,2016,1792,5538,8013,5600,MI-07
1252,1895,1305,1081,1190,444,295,165,2376,3251,3504,985,6237,31529,44273,50736,1692,4374,3162,2801,2132,6845,8605,4120,MI-06
898,1643,1480,497,609,648,341,92,600,1426,1626,338,6898,37963,57654,47505,899,5497,4232,2253,1723,6745,8193,4680,MI-10
826,2547,1636,706,638,888,97,23,1150,2338,3176,472,6223,36589,49575,42383,1116,4416,4030,1824,1324,5467,7175,4287,MI-04
286,718,1080,1361,0,403,0,45,306,876,2261,282,4197,18150,39093,95496,873,2610,4230,5163,916,3601,7619,7272,MI-11
1712,1869,2126,1408,116,751,367,272,1074,2301,2011,756,5906,22898,30556,49689,1413,4189,3336,2474,2543,6718,10042,7073,MI-12
102,720,785,468,17,408,583,140,604,1092,1397,274,3629,22451,43370,75437,1624,2154,4213,3830,808,4077,8899,6670,MN-02
461,1395,1020,582,339,277,776,152,1175,1997,2763,209,4738,34220,54556,43309,769,4360,5101,1895,1323,4758,8396,3951,MN-08
1009,592,552,625,331,904,339,336,1420,1405,2327,674,4693,14152,28453,70926,832,3589,4311,3351,1867,5378,7017,6823,MN-04
1862,2116,1296,1683,547,422,538,249,2064,2091,2063,525,6506,15094,29798,60199,2436,3969,7821,4546,3751,5941,11989,8775,AZ-09
1428,3383,2449,734,355,1645,406,49,2508,5747,4789,833,10510,41736,41168,29275,1854,5323,2412,1135,3358,8180,8497,4332,AR-01
2835,4782,2989,554,860,714,300,43,1171,4110,4821,1294,9934,39091,41282,29023,1456,4940,3117,1120,3294,7901,9139,4110,AR-04
5056,2487,1936,510,1392,1099,476,0,6854,5182,5935,722,25144,19058,30292,15436,5628,5412,4183,1455,7039,4766,11149,2764,CA-16
3153,1024,644,1137,1099,773,139,375,2933,2091,2765,264,14303,10418,17407,44091,4647,2969,5873,3552,6762,3785,11531,8035,CA-37
795,1148,965,2041,19,92,493,255,1587,875,1375,276,7865,15752,41658,57255,997,2829,6088,3729,3187,5539,9924,8650,CA-53
1714,1296,1156,897,1134,253,450,0,1920,2569,4264,322,15962,20689,33511,37510,2478,4388,5401,3305,3725,7215,11390,7194,CA-31
1606,2105,1809,1296,1213,876,859,29,2487,3435,3014,711,12668,41307,47773,48071,965,5136,3167,2393,2326,9117,9940,3926,TN-04
1010,2131,1268,502,525,1193,582,70,729,3813,3109,940,6740,32963,38789,42604,807,3756,3715,2074,1080,7182,8140,4359,NY-23
2356,1052,490,842,733,487,396,0,2214,4064,3401,901,13613,18228,18702,61359,1488,2789,3486,4825,4962,8797,10408,14488,NY-16
1533,1918,1024,2247,309,495,237,53,1314,2270,1480,1070,10212,29967,32136,59286,1083,2611,2744,3887,2493,7818,9033,10334,NY-11
3375,2590,1515,811,1726,1974,356,640,13766,8261,10407,2220,10036,14034,12434,9040,3645,7467,3033,2042,12027,13756,15337,10142,NY-15
2854,2736,1108,2551,307,1511,359,393,3718,8803,3409,1526,8501,23610,18488,37262,2021,6622,3711,4522,5450,15755,16005,14551,NY-08
897,956,302,1161,506,285,151,151,791,702,971,745,3613,5915,10593,90765,1593,1122,2512,4589,1557,2474,3147,9153,NY-12
1298,1636,1824,1231,472,173,197,0,327,1731,1699,572,7830,23544,37639,61279,937,2730,3117,1980,1265,6693,9245,8614,NY-18
2590,1635,1378,1021,648,828,731,94,3736,5410,6187,1652,9228,27250,30804,40972,3117,2750,3413,1753,3504,8469,15797,8137,NC-01
2288,1783,1510,1089,664,1082,262,0,2691,3853,3506,702,8434,28370,53599,56057,1956,3936,3298,1957,2655,6084,10972,6463,NC-07
1247,1619,1765,900,901,747,410,0,1355,2375,3210,632,7982,27800,53491,92141,1745,3393,4306,2776,2909,6938,10562,10335,NC-02
2676,1956,2358,1073,530,1362,892,46,3334,4473,5731,553,11712,36257,45282,48685,2680,5450,3526,1920,3021,7775,9913,7137,NC-06
1454,2486,1845,749,503,1938,952,0,2066,3139,4517,514,8576,33157,56148,47791,1379,2706,1700,1606,1791,7905,10950,4954,NC-03
2370,2234,1654,952,773,731,319,120,2054,3139,3735,912,8970,31808,45390,47487,2368,4085,6228,2669,3325,6564,10747,5330,NC-10
494,669,640,1847,0,336,120,238,1390,1773,2591,1649,5267,13765,26267,102751,2083,1751,3992,5074,2658,4246,10163,13474,NC-04
3114,1894,2008,1441,881,393,593,114,2054,3361,4086,330,10925,32325,45810,46612,867,3157,3902,2313,2508,7308,9765,5705,NC-05
395,1084,441,339,1210,783,107,0,2367,3709,3374,965,4078,25806,35720,63818,1266,4421,3146,4707,1867,7681,9167,10316,OH-01
1811,2444,2141,724,1157,310,543,35,1702,4272,4685,193,9899,38992,54464,54991,2814,4734,3632,2111,1936,4920,10057,5319,NC-11
694,1651,2661,892,56,587,454,22,2691,2271,4550,1297,7122,29493,48899,50866,1120,2698,4472,2209,2620,6905,14891,8225,NC-08
1601,674,505,940,432,758,391,232,3226,2856,2960,1048,9627,14907,36470,65416,2968,3354,3558,3750,3480,6114,17303,12539,NC-12
1341,1085,961,553,399,850,136,0,1237,4788,3001,205,13613,48784,39800,41472,1431,5503,3603,1556,2153,8216,6891,3491,OH-07
1268,1590,960,603,691,744,303,0,270,2811,2538,240,8629,31558,40736,65114,692,2972,2648,2553,1290,6250,8400,5677,OH-14
2014,1458,1740,424,994,1191,546,598,3853,6204,6401,980,6222,23453,30392,39672,3202,6191,5126,2170,3106,7681,14969,8278,OH-03
1081,841,1541,474,618,683,1402,155,1814,3896,5416,141,5360,26265,37236,51557,1370,3726,4329,2198,2488,6967,11020,7684,OH-10
435,1587,963,470,251,350,233,255,662,3281,1608,226,4509,40415,49539,50637,981,4715,3375,2540,1862,6959,9536,3719,OH-05
1750,2680,1192,331,444,528,712,367,2131,5310,6346,493,7373,34582,29943,35039,1328,4613,4670,2094,2463,11506,11483,6369,OH-13
1278,2686,813,1301,139,456,78,0,1437,2871,2160,333,5204,37117,37363,64375,1493,4505,3769,1868,935,7547,8360,8253,OH-15
2010,1377,2254,311,955,930,445,158,3596,6567,5487,591,7081,27200,29173,31431,1359,4966,3693,2914,3301,10476,14207,5114,OH-09
308,1352,1612,263,78,487,167,166,1254,2746,3120,622,6115,28689,36906,87882,886,2905,3823,3201,1145,4836,8865,7524,OH-12
3078,4595,3338,909,1026,1426,824,90,2533,5143,5235,839,10597,39648,47257,30357,1608,5613,3842,1486,2379,7554,9896,4459,OK-02
2053,2598,2169,525,801,1208,668,117,2737,3054,3716,665,8721,40411,42847,47207,1700,5020,3647,1971,2832,7433,7101,4739,OK-03
1197,1806,1401,349,265,562,790,302,1337,2456,3330,695,8234,33814,49230,49033,1060,4204,3166,3257,2227,7479,9886,5423,OK-04
702,1513,1246,814,134,435,350,0,788,1567,1558,1070,6130,22952,49489,80911,1130,2411,5801,3471,1750,3596,9479,8666,OR-01
1437,1739,1202,856,164,367,516,295,1109,1381,2862,382,8881,26088,52831,66059,1005,2696,5168,2633,2788,6450,13167,7002,OR-05
625,3483,3258,509,220,949,1047,134,1610,1652,3036,621,10041,32356,56045,55434,1628,5039,5663,2419,2282,7033,11529,5781,OR-02
317,375,873,439,182,403,0,121,1165,1461,1388,1047,4245,20155,26945,41161,317,2905,2590,2471,2115,6226,7422,4456,RI-02
565,1247,1791,595,0,997,535,64,1569,2766,2354,810,5888,25499,49281,82956,1813,2067,2977,2642,2505,5654,9836,5864,SC-01
1260,1134,910,940,927,844,526,92,1958,2283,3515,342,7935,25722,42196,63220,2328,3386,3495,2889,3088,6592,10194,5020,SC-04
1321,1709,890,722,538,845,421,0,1734,3267,4274,933,9324,31914,44972,48100,1868,4123,3680,1409,3087,9062,11097,5701,SC-05
1709,1732,1071,611,289,366,412,10,2975,2744,2985,843,6881,25879,39107,59898,2057,3642,3681,2310,1922,6751,8673,9185,SC-02
1184,1534,2062,667,205,1450,204,167,1680,2780,3874,578,4957,43858,56506,66766,1555,5148,4214,2658,2020,4095,9838,5964,SD-00
2926,3992,2628,973,1028,1505,93,13,3269,5037,2751,146,12500,40823,43694,40149,1080,6575,2748,1857,2588,7493,8154,4997,TN-01
1438,1170,471,1307,165,602,233,164,1759,3202,2305,809,7006,21854,27564,61473,2213,3668,3270,3448,2313,7538,11519,9217,TN-05
1621,2556,1309,953,185,118,549,21,571,3642,2841,848,9894,34176,46036,70221,1266,4502,2513,2551,2272,6892,6322,4673,TN-07
1099,4120,1362,722,1091,657,666,265,1538,2793,2492,535,8207,33021,42411,58959,832,3589,3983,2106,4060,7196,7829,5577,TN-02
1414,1448,1354,148,1765,971,726,120,4490,6517,4606,1073,8371,17252,21455,27360,809,3321,4503,1092,4091,9816,17473,10546,TN-09
7154,3906,1529,227,1319,634,928,808,6969,3494,2805,357,18356,23050,29716,31666,2979,3852,4035,2230,6690,6637,7160,6104,TX-28
2580,2503,2147,300,981,306,314,0,2470,4759,5767,549,13693,26287,41821,38317,1330,3980,3913,1786,2447,7101,10352,5193,TX-01
1281,1327,1065,3539,464,0,721,831,1628,1804,1339,766,8914,14629,23453,85296,1987,2239,4015,3950,1846,6804,11201,10225,TX-07
801,1189,1124,851,418,231,317,297,1542,1322,3641,936,11240,25847,46011,58868,1199,5312,4008,4364,2727,8325,15104,7202,TX-06
1233,2048,1063,1008,700,413,836,58,2536,4289,5447,795,11218,25169,38099,52367,1220,3742,4636,1632,2874,6873,7842,6983,TX-17
1641,3929,972,303,621,993,704,0,1747,4163,3844,828,14526,38390,44217,33503,2817,6832,6108,1926,3047,6404,9372,4187,TX-36
3195,2379,2875,931,707,698,891,56,4898,4263,5132,946,12101,21019,31429,31918,1411,3943,5056,3168,5231,6413,11661,8227,TX-16
1019,786,613,3430,151,40,314,162,886,1295,1614,973,12206,17563,32361,85989,1765,3315,4059,6545,2106,6152,9683,8680,TX-24
5988,2045,1183,1221,401,993,81,117,5428,5951,3726,349,34119,22589,16595,11194,8206,4991,2295,1011,10032,8231,7400,3035,TX-33
1841,1549,2363,724,833,538,612,136,1934,1878,2327,570,11952,34789,50503,43723,1444,2832,2987,3027,3322,5879,10410,4259,TX-11
9143,3648,2044,1368,669,920,400,220,8363,3323,3617,1991,24922,23853,29776,29706,2427,2073,3575,2789,7001,6506,8301,6412,TX-15
5471,1643,2209,756,684,105,153,196,5044,4051,3733,525,16101,24796,32638,41821,2443,4178,4217,1583,5016,7140,7608,4861,TX-23
1656,1402,1081,907,374,467,171,0,835,2575,1875,282,10776,32106,49284,59657,1107,4017,4927,2586,1760,8371,11508,7000,TX-12
2319,2097,2274,312,364,368,403,57,2383,2597,1633,799,14789,33254,53381,71498,2787,3974,3094,4158,1754,4080,10240,6377,TX-08
7033,3985,2496,1056,828,1252,737,183,6860,5738,4362,1148,22581,24512,25350,20546,2956,3984,2322,1240,8521,6444,7606,2995,TX-34
4037,2431,981,801,601,1313,352,0,3803,6762,4008,700,19111,23102,24743,24594,2844,5108,4164,1804,5178,8920,16000,8366,TX-30
3941,2113,1607,809,1166,1346,834,154,5905,7927,4028,816,19445,25336,24243,29756,3782,5511,5437,1302,5372,11137,13666,6559,TX-18
2748,1255,869,778,416,84,441,0,2412,3022,1273,932,10216,17509,37291,78635,2238,2694,2943,3423,2493,4856,9202,7562,TX-02
2551,2456,1474,907,239,874,637,143,4583,3104,4082,462,11898,19520,33297,34606,3345,3099,4220,3255,5543,9701,13074,7082,TX-20
733,1456,667,1778,24,329,394,166,2239,1772,1032,1246,4115,20191,39034,83189,1144,2496,3474,4194,1897,4062,7831,8005,TX-21
887,1362,1517,150,203,224,83,328,2249,2389,2854,1122,5372,24433,49492,81562,748,2380,5504,2417,2175,5675,14428,6940,TX-31
1705,2094,1116,949,448,422,651,76,735,1911,2877,465,6570,27953,38555,83576,1101,2685,3261,2424,2750,5254,7952,6368,TX-25
1491,1352,1745,1001,491,474,127,172,1489,1328,2070,991,13529,15639,31681,74613,1262,2625,4621,3862,3091,4773,8274,6933,TX-32
1250,1109,363,1890,0,43,63,102,690,784,2185,906,4684,17400,39686,124984,1781,2091,3281,4345,1745,5445,6934,13123,TX-03
2183,2603,2019,550,606,1170,1353,15,2101,3879,3641,518,11918,33271,51712,48574,1405,3860,3160,1759,3053,6647,10513,4736,TX-04
2291,2357,2061,598,342,1168,646,0,2149,2656,2827,198,12363,32281,40449,36368,2129,3806,4790,1165,2893,6847,7935,3900,TX-13
278,464,1410,1260,0,615,295,108,666,544,1518,999,8111,19936,51964,101843,1563,3221,3557,5582,2281,4887,7632,9930,TX-26
3335,3152,2350,2683,776,443,289,440,4278,4506,4869,2832,21103,20656,26229,32316,5205,3479,4066,1757,4164,7174,11286,11125,TX-09
1168,926,520,743,170,566,136,58,528,2117,1905,253,4315,26798,31468,55096,1533,4196,2510,2932,908,4107,6527,6673,VT-00
865,1297,1733,944,105,8,303,0,732,2547,1881,246,6645,30557,53570,61692,1445,3827,4909,2164,1411,5449,7948,3819,UT-01
690,1030,1699,1803,322,343,358,53,667,1504,2414,247,8414,26602,55000,62928,519,5096,3990,1883,1128,6922,8398,6433,UT-04
868,1501,1734,886,175,237,177,78,1831,1594,1437,615,9165,28162,45403,81000,2087,3340,3225,2464,3094,5835,6715,8530,VA-01
232,366,744,518,32,283,10,0,797,369,491,1014,6658,15072,36700,127364,1586,2267,2893,3839,2422,4599,4298,8773,VA-10
1629,2253,1207,520,110,707,621,219,2554,3231,2938,347,10706,30389,40192,52276,1574,3777,4834,2019,2497,6730,12114,6687,VA-05
786,1222,1171,1264,389,181,478,252,1114,1763,1541,719,6749,23635,39318,85785,1496,4887,3572,2487,2831,5562,8670,7762,VA-07
612,434,330,1307,366,101,330,68,1263,552,966,1155,7341,12569,26202,103245,1256,1973,2952,6579,2262,3236,6129,8688,VA-11
2821,2122,1478,78,426,386,545,142,912,3992,3920,750,11863,34891,39324,39406,1665,4062,3693,1010,3060,5348,7829,3481,VA-09
2030,480,2457,1916,139,190,23,313,1745,430,847,844,5938,11601,18570,98481,1685,862,2519,6159,3022,4239,5848,11077,VA-08
518,1536,2099,684,133,430,536,381,594,2601,3051,641,6944,27864,57418,53542,2118,4261,5323,2905,1782,4990,11237,3634,WA-03
869,1238,2050,827,382,508,918,273,1090,1658,2532,533,6407,27731,52310,48997,2153,4708,7298,2491,1569,6669,10941,7365,WA-10
3589,1504,2146,232,687,302,171,111,4247,4338,3341,751,16095,24708,40071,36580,4345,3879,4838,2053,4577,7688,7184,5343,WA-04
793,199,391,1506,205,143,310,0,462,158,1256,936,3741,9516,22196,103791,944,2348,2612,4140,1246,1822,5319,10014,WA-07
723,545,1338,1044,0,869,404,557,1677,1807,1657,312,9041,17367,31518,75190,1984,2844,5621,3589,2748,5152,10512,6977,WA-09
753,1404,457,1274,0,47,645,71,1712,1367,2370,407,8954,23131,49206,72879,1066,2900,4449,2861,2009,4681,9373,4687,WA-08
1621,1615,1216,267,592,395,578,40,1345,2514,2324,246,6085,38905,31073,35115,1151,5182,3570,1293,1545,6058,4920,2446,WV-01
777,3148,1747,839,393,2185,214,36,2540,3852,2492,261,7604,38341,34913,34774,1419,5205,2025,1324,2165,8311,6355,4607,WV-02
923,1244,1362,687,195,441,1096,70,976,1264,1762,326,5335,36004,47638,45895,687,5030,4851,1769,840,5751,6926,4338,WI-03
2884,1188,862,540,1100,1453,233,0,3193,7104,4009,951,7524,16621,22051,32594,2073,5433,3696,1772,2932,11954,13498,8740,WI-04
951,1497,1574,596,256,849,369,124,802,2002,2785,93,6796,43608,54235,50151,697,5487,3958,2265,1303,5494,7939,3055,WI-07
235,1144,1221,449,93,358,118,146,728,2001,1512,396,6056,37751,48084,53217,849,4869,4713,2054,1279,6683,6079,4252,WI-06
1095,1633,1304,397,277,569,13,0,857,1894,2736,349,5681,42071,52678,53770,662,5611,3987,2718,2040,5512,6859,4407,WI-08
43650,41981,21735,11304,10261,14150,8348,3000,30659,53550,44165,22717,33189,71901,80465,126954,6191,10188,11803,11023,15622,20344,30171,50427,PR-98
2273,1579,1901,628,503,369,141,0,2248,3286,5444,685,13669,30443,44633,37919,1285,5424,4523,2147,2723,7467,11318,7145,MS-01
2010,1683,2211,697,309,1706,1076,0,4014,4173,5869,893,9104,28094,38693,43916,1685,2140,1928,1715,2287,4915,10689,6970,MS-03
970,2508,3084,1858,216,1629,1179,0,3933,7128,6895,257,9142,29444,48707,38189,699,4867,3342,1598,2891,6811,13355,5110,MS-04
1398,2211,1610,817,1605,1043,689,241,5536,9809,6949,936,8479,19414,29214,24980,2393,3001,3231,1071,5989,8707,13323,7394,MS-02
334,1458,1175,1317,202,455,350,101,1507,2605,4721,524,3740,22473,30061,52441,768,4907,4083,2900,1603,6844,8913,8770,PA-18
1379,1302,1273,407,250,468,337,29,1280,2798,2582,568,6876,35928,33981,53609,1106,6151,3610,3461,3259,9323,8762,6310,PA-07
2525,5096,1891,2702,1681,1201,1506,255,6246,7610,4119,1263,9174,25855,17147,25052,2321,4841,3648,2734,4861,14538,12955,6949,PA-02
129,1010,1411,378,80,826,339,207,875,1203,2035,226,3629,26421,37848,78756,642,2377,3272,3318,507,8144,7452,7348,PA-17
169,1185,343,864,0,43,602,197,104,1085,1873,696,4861,30230,34272,81822,610,2733,3995,3732,1066,5187,6594,7496,PA-01
1078,1726,1104,184,316,1374,673,194,1409,4161,2331,451,9356,59474,35597,36259,915,5990,1898,1697,1917,7980,6263,3890,PA-13
1524,2074,1068,203,648,948,170,89,2309,3935,3281,634,6306,38708,32685,48341,1027,5094,2959,2791,1649,7490,8007,4934,PA-16
900,3326,1236,425,701,1467,915,315,2071,4877,2625,1051,5856,35431,39150,39188,1231,5841,3692,2142,2145,9215,9540,5379,PA-08
623,1090,867,620,337,265,166,7,937,3878,2412,794,7220,35402,34583,59552,1329,6566,3301,2034,1492,8300,8034,6054,PA-10
2043,837,1016,514,162,715,229,441,1440,3402,1538,358,14298,45456,35532,52646,1630,5295,3079,2129,3647,7061,6047,5322,PA-11
725,2086,704,542,1087,789,110,0,1569,3078,1086,564,10335,50557,38044,37466,1355,8340,3028,1919,1508,8754,6872,4133,PA-09
582,877,764,879,57,50,104,44,414,1726,2202,592,4246,24435,31564,89051,1076,3067,2263,3974,671,5894,7629,10089,PA-04
1286,2519,1153,389,326,1135,380,191,805,3282,1505,384,5560,54719,36272,35939,894,5326,2956,1575,1115,8049,5201,3251,PA-15
580,2085,937,898,42,444,288,348,1182,3764,3486,873,4282,25577,23357,63359,1534,3780,2594,2652,2277,11187,10366,7924,PA-05
126,1555,631,666,1192,643,469,85,2797,6167,6587,899,3923,11760,13686,39248,536,5468,3559,3832,3165,15975,13384,9126,PA-03
1714,3313,3422,936,548,1381,610,121,1983,4054,2543,310,9942,42290,47956,46963,1162,5929,3664,2758,1645,6752,8997,4430,MO-07
1235,1426,1554,546,327,979,116,110,1451,2127,2600,297,5691,41847,42176,57308,626,4582,2933,2369,1341,5813,7281,5741,MO-06
2204,4777,2778,240,1306,2093,952,27,3126,5678,3361,322,11520,44009,42144,36811,1358,4942,3961,1126,3412,7166,8474,2812,MO-08
647,1490,1165,1262,273,705,761,56,2051,1266,1716,446,7628,39671,57709,63502,1401,5151,3588,2265,1858,5923,7476,4945,MO-03
1577,2835,1987,817,567,857,591,150,1311,2917,3242,533,8275,40641,42541,47010,1476,4445,3364,2147,1552,8103,8159,5945,MO-04
581,2696,3095,1968,141,1185,1236,120,1151,3886,4078,983,7004,45654,67018,85663,1212,6309,5935,3651,652,5644,9705,9442,MT-00
908,1239,1220,932,74,541,548,108,846,2411,1729,637,8018,30050,50374,37155,1605,3526,3057,983,1242,4605,5891,3811,NE-03
2028,2185,3364,872,858,950,426,322,6643,3506,2953,641,15566,21231,22542,16045,4168,5959,4834,1442,6012,9596,9240,4669,NV-01
322,714,2083,1385,0,1115,176,368,696,1802,1982,927,6055,26430,49849,68903,853,4815,6620,3581,1575,6081,13230,9433,NV-03
954,1570,2119,855,256,609,312,64,733,1547,2384,278,13965,25015,52536,47928,2826,4461,4747,2082,3764,6254,9439,5907,NV-02
649,455,705,343,382,200,129,173,229,1448,1028,487,4323,28116,35841,64777,1356,3078,3470,2717,815,4883,7625,6401,NH-02
533,614,1047,359,781,552,329,41,1782,3023,1946,588,5908,28123,34007,54825,876,4103,4087,3463,2769,8971,11740,9327,NJ-01
2447,1428,1435,383,471,1646,210,148,2345,4461,3057,1946,9493,23940,21843,43741,2276,7240,4084,3518,4637,12346,15769,10086,NJ-10
623,577,378,630,0,205,144,88,770,1531,549,1023,4846,22571,31522,96258,475,2848,2443,2851,1623,5998,6168,8983,NJ-05
217,1449,357,1382,62,353,0,106,214,847,791,280,5681,19816,28313,106627,949,1930,1602,4435,1316,4286,4975,10814,NJ-07
1013,2141,731,1372,83,838,469,286,3332,3459,1725,876,10986,30293,25069,59611,2255,6218,5002,3824,3054,10193,8029,9281,NJ-09
1333,1228,989,1308,427,305,106,285,2228,2141,1366,582,10062,24827,25774,69495,1550,3625,4193,3726,2052,8442,8517,8144,NJ-06
1816,1781,718,1685,514,0,141,0,1339,3025,1265,741,7050,19470,23481,89193,1876,4055,2845,3476,1894,7048,7669,7177,NJ-12
2551,1738,2250,844,627,1333,664,161,3176,1723,3677,2391,6998,17362,31584,45127,1704,4429,4055,2514,2984,5369,10709,9378,NM-01
2560,2055,2627,1187,392,783,1128,138,2932,3399,3602,644,7114,21167,34461,38048,2081,4920,6089,3160,3297,6966,11053,8545,NM-03
1015,959,565,694,361,254,234,61,542,1057,843,50,8056,27282,40041,48169,678,4129,3137,2845,2624,7666,8203,8507,NY-02
1007,747,1285,991,677,689,642,197,2088,2709,2141,1349,4440,17356,30153,64075,1423,3139,3467,2395,2157,7084,11070,8529,NY-25
906,959,529,987,10,132,0,116,433,335,612,535,5156,16369,29399,102157,682,2308,3035,4962,1053,5287,4281,9501,NY-03
3845,3910,1490,1911,212,167,57,246,1403,295,362,605,10143,14441,11212,76549,1960,1181,1382,3764,1992,4707,3363,9808,NY-10
3865,1683,1179,1048,858,750,191,721,6253,6714,4244,1097,10433,11114,11094,25396,3039,6446,2700,3213,11021,11108,12380,11050,NY-13
1690,2832,1537,926,608,763,367,0,2524,4563,4731,439,3985,20962,35053,40660,1041,4700,5357,3580,1823,8711,14649,8193,NY-26
1213,1802,1461,1402,255,810,390,56,3213,4615,1939,1579,10293,19802,17280,49795,1756,3724,3236,5016,4660,13929,12383,14255,NY-09
962,1611,384,489,249,205,106,119,453,2003,629,653,4858,26655,38349,62464,2170,3538,3383,2825,2350,6317,6938,7450,NY-01
5454,4013,1593,825,467,517,130,126,4034,3237,2272,1632,17882,19807,13848,36636,3128,4884,2613,3371,8299,7565,6359,7357,NY-07
1961,1900,2092,1363,56,91,0,29,1249,991,477,513,8549,17272,30803,83190,1341,1506,2532,3904,2643,4242,4940,9862,NY-17
2048,3412,2101,2375,183,154,573,489,1340,1168,813,809,13172,25549,26248,55844,1578,4489,4579,4492,2658,6782,7353,11056,NY-06
1279,1403,894,1210,377,900,1498,33,1607,1930,1115,773,12819,25701,28985,31198,3057,3590,6102,3359,6314,12773,12828,13455,NY-05
