Income_in_the_past_12_months_below_poverty_level_Male_Less_than_high_school_graduate,Income_in_the_past_12_months_below_poverty_level_Male_High_school_graduate__includes_equivalency_,Income_in_the_past_12_months_below_poverty_level_Male_Some_college__associate's_degree,Income_in_the_past_12_months_below_poverty_level_Male_Bachelor's_degree_or_higher,Income_in_the_past_12_months_below_poverty_level_Female_Less_than_high_school_graduate,Income_in_the_past_12_months_below_poverty_level_Female_High_school_graduate__includes_equivalency_,Income_in_the_past_12_months_below_poverty_level_Female_Some_college__associate's_degree,Income_in_the_past_12_months_below_poverty_level_Female_Bachelor's_degree_or_higher,Income_in_the_past_12_months_at_or_above_poverty_level_Male_Less_than_high_school_graduate,Income_in_the_past_12_months_at_or_above_poverty_level_Male_High_school_graduate__includes_equivalency_,Income_in_the_past_12_months_at_or_above_poverty_level_Male_Some_college__associate's_degree,Income_in_the_past_12_months_at_or_above_poverty_level_Male_Bachelor's_degree_or_higher,Income_in_the_past_12_months_at_or_above_poverty_level_Female_Less_than_high_school_graduate,Income_in_the_past_12_months_at_or_above_poverty_level_Female_High_school_graduate__includes_equivalency_,Income_in_the_past_12_months_at_or_above_poverty_level_Female_Some_college__associate's_degree,Income_in_the_past_12_months_at_or_above_poverty_level_Female_Bachelor's_degree_or_higher,stateId
5210,6545,6518,2570,5330,7175,11328,3545,28869,55240,69617,58415,22488,46456,81785,68755,CA-03
18904,6794,2649,578,22239,10084,9217,1436,59838,48560,44433,17785,47643,37761,44217,24545,CA-21
2605,3399,3596,3651,5242,5762,4828,6118,22441,33769,71214,110997,23278,39876,71758,111406,CA-48
6775,7253,5143,1217,9731,10627,6614,1472,37395,66117,69846,38120,33929,59648,83061,47382,CA-10
14657,11446,9271,7873,22308,12760,8440,9299,56835,40950,41943,67209,55688,38512,37851,71222,CA-34
2020,3427,3803,7061,3611,4383,6146,8021,9933,21996,57508,159608,9121,22755,61981,153780,CA-52
4835,3600,4738,6726,5668,6090,7990,5608,20706,40764,70806,117378,25864,41940,70916,122963,CA-30
1366,2701,2457,3862,2249,2798,3710,6643,9726,24261,41706,168645,11162,26078,49842,166876,CA-18
6834,4218,5374,2081,10636,4227,7146,3505,50814,41799,54441,62233,40954,37833,59670,72637,CA-20
3993,6314,3429,3017,3696,6290,9190,2590,24819,65225,89453,68233,27708,61510,95233,70975,CA-42
4975,5657,3549,2675,7283,6409,7859,2656,29913,50195,69678,59062,26576,47551,72683,67818,CA-25
7236,5886,4482,2527,9707,8197,7458,3389,45260,60068,60250,46553,43872,58910,62938,55580,CA-32
8639,8983,3898,4895,11320,9372,9740,3414,47282,49198,57139,65501,42351,45110,62498,76627,CA-43
8845,5665,4762,1770,11636,7158,6556,2534,54139,58428,60989,39148,51404,51849,67011,44625,CA-35
6265,4869,5274,7193,7969,7085,8074,8014,24902,35537,47937,133778,23378,33883,48517,147874,CA-13
10040,5456,3981,1132,16727,6911,8883,2271,65658,55812,49794,28224,63137,45568,54791,36362,CA-44
1403,4414,2165,2739,3096,2362,6032,5292,21773,32724,61442,110537,23533,32257,70117,117274,CA-49
3594,4432,5025,2183,4313,7010,7912,4610,26444,50640,79397,73058,24697,47628,81390,92450,CA-05
11181,6824,6037,2954,16751,7970,9708,3805,52915,51933,54000,47602,55691,45832,51594,52284,CA-29
4242,6894,6841,4138,4877,6753,10591,3211,18492,45467,82136,81757,18918,48579,92767,89989,CA-07
3401,2737,4482,3050,3521,5612,4003,4445,19753,40785,64811,100866,23843,41261,71628,108394,CA-39
4990,6032,5897,2897,8248,8676,8810,3341,25080,50531,82377,71360,23010,47899,77072,78858,CA-50
7562,7850,5486,1660,9546,10357,12884,3292,27700,54621,73563,48640,22847,50467,79654,52739,CA-23
11733,7823,4608,2774,21037,7991,8355,2065,41025,55848,62901,35616,48304,50067,61765,33331,CA-51
3257,9134,8984,3388,4622,9300,14190,3902,21237,52390,81830,57873,14464,49685,90921,63564,CA-01
17007,6971,3572,981,26069,9089,5848,1230,74778,50574,39257,17295,66457,41683,46399,23877,CA-40
2425,2145,3784,6891,3799,4267,5071,7358,10255,25268,63374,149865,12821,31143,73152,146471,CA-45
8991,5842,6105,2557,11933,9444,10570,2875,30402,48395,75162,53781,29322,41561,79703,57850,CA-22
7320,6685,6019,2120,10971,11388,7236,4106,38773,65130,64395,47479,34627,55534,74183,59397,CA-09
5357,5265,3018,6230,7629,6004,4995,5309,24066,40702,52357,109505,29263,42509,58978,118700,CA-27
2993,2560,3567,3526,4521,4209,4535,4668,25380,40712,59643,125105,26236,39176,59758,136075,CA-14
3979,5116,6814,3852,3824,5909,9117,5103,21286,39508,66162,98294,15853,33605,76206,111977,CA-02
4267,8542,6143,6156,5582,7686,9519,8643,20391,46953,62628,153425,19661,41957,59077,155088,CO-01
4881,8876,8398,2863,6111,11954,10677,4797,19053,62227,72694,82193,14222,52557,80757,85251,CO-03
4356,4445,5905,2040,4353,6704,6872,3040,23948,63847,79945,99570,18521,52980,85472,110887,CO-04
1237,2016,5380,4681,1935,4050,5937,7354,9535,37634,63103,157109,7438,35066,65921,150513,CO-02
2196,4834,2909,3509,2837,5361,5990,3687,17195,51010,74150,114277,20267,46909,74704,123695,CO-06
5542,5568,4660,5829,7298,9279,8654,6804,15032,29145,29934,137305,11780,33187,38371,150341,DC-98
3076,6246,2640,3527,5313,10407,6724,4294,20230,69741,50966,80038,17351,70937,56270,94356,CT-03
5234,3689,3269,2744,6594,6548,4864,4717,18804,40300,36882,124660,15862,45002,45092,129908,CT-04
3289,5227,3069,1986,2233,7446,5377,3520,11429,64758,64874,79139,13181,59651,64703,91016,CT-02
6440,8927,7297,2837,8506,17703,8144,4353,29910,86983,80748,66955,21930,96484,89195,67077,FL-17
4516,9636,6670,4245,5074,14902,10173,5178,22966,84243,82212,64080,18241,85306,97149,72532,FL-06
7550,13901,8293,4533,15322,16237,12981,3261,22347,63256,61445,38225,17533,60087,69269,52783,FL-05
13285,13102,6337,4304,14743,13925,10161,6179,35531,78289,55865,41239,40326,66158,64471,54473,FL-24
5734,10455,6963,2561,7908,14072,12548,4265,26028,84611,88041,69539,21738,93024,105935,72184,FL-11
3132,6394,5532,5026,4703,9392,8668,7181,17253,53874,62363,98478,16534,54719,76632,108247,FL-23
4177,9408,5726,2894,3764,10105,8424,3663,18782,71099,84010,82863,18801,72321,97592,88651,FL-08
4212,8338,4923,2311,5992,8910,8776,4376,22940,72447,74936,91132,23749,72605,90174,93784,FL-18
9605,11166,6187,3330,11273,16822,12234,5405,35409,78226,61242,43825,29288,76928,68015,59205,FL-20
12154,8487,4427,4820,17595,15497,7646,7859,52008,74907,50996,68059,53462,57452,61873,73150,FL-25
4744,8969,6190,3662,5524,12331,10405,3955,16873,58965,64558,69980,13013,59293,78138,75089,FL-03
7783,7170,6242,2446,8796,10475,9389,5549,33763,64756,64367,80542,24500,55262,77117,92067,FL-10
3953,5405,4197,3053,4402,9160,6576,4196,14338,62055,72418,114331,14911,59287,83068,125583,FL-04
5779,9528,7272,5061,6533,12549,9552,5292,20555,60358,75074,81293,19266,63768,80144,94054,FL-13
6471,6376,5039,3626,12671,12788,10075,5462,36366,66004,61077,67278,40484,61280,61951,77144,FL-26
4377,5506,6480,6291,5787,10634,9155,7101,17538,54057,68164,116037,17772,58962,74205,109061,FL-22
7612,10946,6670,4435,10955,14944,11205,5241,32953,81642,84355,70375,28217,80910,93263,81809,FL-09
5134,7007,4547,5276,7408,13482,7172,5361,31097,77039,75891,99447,20741,80587,92219,107418,FL-19
6987,9891,6401,2299,5242,10927,9812,3883,16474,66724,83976,67037,20255,66517,87040,74562,FL-01
3781,3513,5014,5570,5729,8916,8743,5750,13716,56223,71027,107308,16188,55125,80404,112450,FL-07
9784,8246,6166,5967,14336,14412,9779,9478,28876,51381,52908,105138,28329,47029,55250,109392,FL-27
6580,9411,2336,2340,6795,12999,11006,1701,22472,66933,64107,58035,18482,66813,78899,68920,GA-03
4922,5915,2610,1913,8030,11014,7745,3000,24141,63393,62583,62131,18428,65810,61938,78590,GA-10
5677,8801,3714,1788,7896,8439,8767,3270,25251,62592,61790,62691,24054,55242,83724,91620,GA-04
4937,12035,6251,6674,10542,14968,10591,8117,19477,48167,46841,110662,13703,38288,50211,129317,GA-05
10424,8156,3388,2088,10568,12514,7869,2113,36029,71544,64978,57435,25730,69400,75025,66406,GA-09
3073,3523,5568,2820,4976,7468,3782,4704,25137,44293,60741,110497,24976,46390,65477,126710,GA-07
2645,2651,1526,3622,3705,3353,3727,6023,12274,23692,37548,162840,9071,28194,50814,164305,GA-06
5320,9087,3554,3274,7268,11968,14069,3572,21875,63703,65366,53892,18425,60334,74788,69781,GA-01
3469,4043,5128,4512,6531,5804,6100,3633,21179,48575,62732,103553,18156,48293,70746,116475,GA-11
6837,11806,6224,1163,11875,15200,10167,2686,23311,60441,58539,44562,16667,66171,60431,57272,GA-08
4651,7641,7005,2625,6206,7916,11526,4313,20760,64507,80021,79643,14898,53887,92276,78392,ID-02
2774,6278,3769,2113,4354,7537,5283,3503,14268,58408,76118,84383,19120,51529,71395,97895,HI-01
6011,7742,7168,4666,10051,10723,14027,5531,20325,53000,61872,57282,14940,52021,72925,84703,IL-01
9223,11370,5228,5550,14434,14349,12102,7126,20027,39536,36757,105218,19977,38902,51738,112063,IL-07
7038,8819,6698,2180,7582,13618,13458,3705,18857,58737,59421,40926,14888,56537,80973,59265,IL-02
3206,3502,2103,6539,4171,6119,4046,6013,15890,38798,49273,143127,14560,36974,49264,147420,IL-05
6181,9835,6392,2353,4687,11722,9075,4796,10155,57029,55847,62104,10113,57476,62900,71072,IL-13
1781,2052,2343,2783,1750,2520,3258,3839,9072,37900,55858,125996,9177,41203,61414,129731,IL-06
2686,2786,3606,2107,4831,6195,4389,2760,22367,43173,48805,98762,21433,40922,55975,103397,IL-10
5074,6106,3435,3413,11760,9817,5504,3033,45587,63221,42581,58148,41601,49506,42322,61321,IL-04
4939,3663,4649,5629,5159,5872,5322,6721,14670,30625,46442,132149,15644,34788,46444,139328,IL-09
4941,7678,6081,1803,7501,10487,10645,3046,15388,63242,70837,48890,13749,58280,80179,58348,IL-12
2963,4300,2447,2977,4486,6136,6211,3746,26547,56438,62470,79292,23922,53661,64387,84312,IL-08
2632,6541,3407,2868,5780,10918,6692,3102,16988,78972,67252,62209,15337,73296,76733,69379,IN-09
3976,8760,3897,1404,4838,11972,8918,3331,19716,81899,64389,46489,16374,74135,67954,56013,IN-08
3920,7553,4164,2233,4788,10725,11598,3443,18079,82472,60260,48778,15943,74561,73760,59425,IN-01
2478,6334,3390,3208,4445,7811,6342,3980,11433,51008,51825,122379,11066,49652,67231,126636,IN-05
7657,12044,5380,2806,11949,14375,8704,4521,30040,70326,51954,53366,25331,66823,67477,64660,IN-07
2845,7432,5120,2111,4702,11991,10029,2782,14278,83494,70564,63372,11347,69257,78962,75160,IA-01
3510,9014,6169,3326,5649,10790,7650,3291,16881,79735,69847,64321,13059,63674,83078,77886,IA-02
3224,5735,4764,2150,4149,7792,8548,3086,18906,61450,66138,51191,16868,48624,71967,58194,KS-01
2942,3841,4008,2862,4181,5910,6873,3433,15131,42844,57896,120951,13814,42891,64799,126247,KS-03
2127,7123,5048,1707,4105,11415,8221,2586,12657,63892,69046,59120,10418,58498,69837,73905,KS-02
7894,10755,5511,3394,7578,10519,10414,3011,19070,64953,57097,75512,15474,57444,71250,89058,KY-06
10183,12870,4481,1757,12874,16791,10732,2158,24347,87612,54855,33106,17517,73540,69517,46874,KY-01
20389,17981,5454,1986,19029,23265,13042,3105,33847,74138,43802,25864,28094,64982,56052,35378,KY-05
10832,16825,5811,1491,16967,21438,10694,4098,21034,78642,53893,37164,20137,64899,64761,52200,LA-04
12646,16425,7055,3335,13523,21404,15517,4614,28625,67690,56644,55818,26494,61789,70556,74968,LA-02
8628,5761,4993,3218,11037,12199,11309,4218,27075,67970,61640,78701,17718,68038,72134,90997,LA-01
10211,13903,5732,2403,15208,23100,11678,3063,26578,70261,42958,33580,19229,65694,60615,49041,LA-05
3298,5593,3211,2858,2993,8614,8077,3971,12194,62978,58626,89771,10584,58980,61245,108885,ME-01
5327,11194,5333,2118,4821,13615,8858,4511,14611,79582,62578,49268,11340,64115,72758,65969,ME-02
4880,7236,3102,2854,4834,7317,5867,3095,17637,70563,62567,73118,15500,68173,70742,91927,MD-01
2825,4997,1840,3129,3992,6897,7788,4710,16144,40371,50254,126030,15878,43146,56539,143733,MD-03
2670,5083,3568,1961,5487,6815,5296,2941,32406,61828,59081,80076,24337,60174,68643,101007,MD-04
2345,4280,2068,1824,3505,4452,4362,2884,20822,68625,63098,75615,16568,65125,78279,95420,MD-05
6817,9322,4634,4282,8044,16695,9287,4895,17649,48152,46761,90287,19768,49453,58246,101277,MD-07
3911,7227,3787,2543,6136,11269,9129,3308,18644,62181,60404,73959,18167,63266,70686,88343,MD-02
3039,5243,3162,2445,4028,8203,7008,4023,20493,55500,50697,104199,21498,49671,60341,119671,MD-06
3810,3109,2330,3648,4586,6168,4052,5391,22544,43162,43605,135095,18041,41125,50758,148175,MD-08
3049,3880,1856,2076,3300,5839,5216,5334,14430,50255,46169,126841,13514,47291,54247,139258,MA-04
7893,10234,5357,8759,12871,11617,8576,7921,26109,47072,42835,114612,26147,47127,44077,128198,MA-07
2314,5689,4179,2338,6587,9020,6347,4692,14310,63051,58987,93866,14468,54012,63879,110029,MA-02
4137,5516,2982,2982,6100,7322,9487,3586,17924,67240,60354,92658,14371,63820,73833,106509,MA-09
1620,4193,2776,4533,4177,9304,6280,4718,20242,54563,49393,124720,18152,50559,58043,142271,MA-08
7365,8326,4610,2168,8121,11481,7627,3755,19257,71736,54881,66589,18712,65027,66720,82415,MA-01
2160,3764,2573,5479,3733,6018,4996,6590,12910,43931,37550,151114,11784,39202,43830,160844,MA-05
4076,9523,7047,1841,4438,12002,8747,3064,15262,72147,74854,62533,12024,65497,80703,65903,MI-01
3837,6763,4750,2151,3757,9072,8650,2139,17163,66672,70705,64074,15192,68030,77110,66765,MI-02
8167,11150,9531,4225,10148,14815,13070,5236,14674,46432,50899,70157,14116,45682,61822,84985,MI-14
4606,7847,4800,2056,6442,11240,9290,2813,17575,60659,71271,75682,11237,59604,74240,82258,MI-03
5965,10934,8810,1445,8602,16360,11769,3076,17769,65559,67985,43634,14450,59354,86986,46947,MI-05
11274,17467,9185,3020,15485,19348,15518,3583,21238,62146,53975,25631,21143,56884,64890,37310,MI-13
3606,6540,4532,2466,4715,9144,8380,3726,18651,63720,71394,75884,18516,70700,75786,81283,MI-09
2008,4738,3756,3333,1764,5867,6901,4800,10878,48539,66770,96140,11022,46723,74938,104460,MI-08
2771,6887,3497,1600,3975,7781,8104,1407,14575,67727,77381,45707,11339,55738,80385,56363,MN-07
2364,3815,2187,986,3230,5179,6469,2023,11626,63480,78577,71328,9579,51747,79982,80611,MN-06
2166,5474,3884,2205,2610,6764,5989,2512,15204,63267,67269,60108,9832,50747,71891,76072,MN-01
1769,3203,3075,1544,2286,3699,3786,3233,8529,38150,64939,122214,9197,42990,70015,128209,MN-03
4582,7376,7225,4154,6746,6952,9230,5555,12811,39250,58447,115428,13690,33915,56346,117728,MN-05
7199,8806,4224,2953,9141,11039,11972,4578,23434,65648,66604,71918,20801,57710,80398,83821,NC-13
7361,8395,5110,2599,8961,13359,11973,3287,23109,52807,63434,86724,15672,47670,77456,98220,NC-09
3141,7996,5611,2449,3366,8221,8385,2280,13537,62668,88161,65381,10500,52155,78848,82039,ND-00
5557,8932,4587,2604,6978,12393,8740,2988,18412,68287,54561,76691,15671,65125,66544,86367,OH-02
4700,12371,4222,1391,5744,13501,9427,2164,20332,95277,59381,35573,16142,85013,66687,48818,OH-06
4245,7540,4273,1278,4959,12031,8047,1670,18241,88171,63699,43864,12890,83109,71715,51139,OH-04
1749,5489,2271,2632,2311,7194,5170,3038,13301,70244,65043,84097,14140,67182,72281,91767,OH-16
10023,12166,7048,4892,12719,16786,19187,4631,16082,51302,55824,57165,13508,50140,69176,65457,OH-11
4731,7622,3252,1846,5270,10955,7551,2341,14630,83473,61376,54559,16457,76340,67032,63727,OH-08
5368,8717,5637,3257,7689,11344,10728,4426,20940,61437,70801,78842,19634,58946,79863,85499,OK-01
7885,10454,5135,3244,11477,15490,11819,3802,25132,58824,67498,77257,22206,57912,70266,86337,OK-05
5880,7548,8359,5173,7869,7913,10154,8246,20235,52545,82280,121091,17061,45615,77203,139852,OR-03
4752,9661,8747,4985,3940,9621,14825,5452,20658,64503,94428,70018,16770,65084,100472,81753,OR-04
5003,6206,2969,1912,6023,7013,4564,2643,18583,45484,36866,57696,16594,45113,43110,61995,RI-01
6239,7644,4860,1815,10185,13665,9302,3227,26350,64625,61022,50489,19731,66329,69700,59075,SC-03
12462,10321,4451,2300,10785,17463,11742,4111,25018,77584,59960,50925,19877,78340,79397,61718,SC-07
8277,11143,5592,2476,12199,17677,16088,4488,24174,57399,47108,40630,18664,51858,56733,52125,SC-06
9667,11228,5173,2317,9763,14934,9911,4107,23996,70119,63791,61373,18659,66808,74362,69456,TN-03
7842,8935,4458,1277,9909,16476,9717,3683,21804,69886,56784,55199,16408,68114,75232,63776,AL-01
7727,7063,5052,1268,10232,13561,9191,2675,26601,63315,63234,51325,24587,63072,67725,60806,AL-03
6918,6241,3062,3319,8654,10927,7682,4350,18034,57633,60201,81726,16714,60074,73053,80237,AL-05
10117,10466,4937,1452,12925,12738,9357,1745,30210,74099,61478,36781,26441,64118,72503,43607,AL-04
8383,11850,9387,1959,12840,20227,15113,4111,20602,65911,41919,36459,16133,55456,60780,52008,AL-07
5789,7082,4774,2630,9386,12860,12398,3406,22119,61317,56591,44378,19726,60830,67374,57231,AL-02
5246,5856,3020,1969,4434,7846,6823,3881,17167,46861,61816,84076,15125,52256,67611,96555,AL-06
2292,7841,4558,1930,3709,9132,6472,2701,13719,67034,82108,63448,10627,50997,72719,77448,AK-00
8376,12024,10058,3364,8669,13784,14067,3689,22440,54381,76523,59755,19173,48734,87744,64072,AZ-01
10857,8631,6105,2029,15124,9661,9654,2243,37654,66637,64546,35319,43198,52091,70286,39776,AZ-03
2334,4087,3340,3366,2613,5652,7971,3060,14476,52055,87253,103351,13032,53633,102595,106741,AZ-05
3863,9031,10955,2196,7552,11633,14768,3389,26580,78291,96655,59664,22215,76976,106806,62315,AZ-04
17592,10622,8403,2652,22914,14905,10963,4344,56866,63578,53541,32916,47390,57382,60936,40719,AZ-07
5562,7051,6004,3177,5297,9935,10514,6816,14249,45274,78638,83286,17657,45710,80192,89887,AZ-02
4817,5310,4971,3633,5659,5799,8113,4967,19694,46518,78529,125567,19898,48971,88680,126384,AZ-06
3771,4842,6820,4014,3832,8535,10357,4193,20447,52336,92045,80698,16578,62403,100440,89612,AZ-08
6640,9144,6237,2894,10037,13703,9710,4341,29941,67784,64147,70564,26972,67130,67370,78058,AR-03
4405,9859,7094,3165,6710,13959,10235,3695,21295,66668,59479,67795,16501,67966,74128,77255,AR-02
9008,9117,7356,4890,13277,12513,11652,4045,36131,58667,73932,63457,34965,56310,79010,58450,CA-36
8758,6879,3311,1866,12489,7963,4216,2272,63209,55006,51186,45681,53510,46358,56843,50585,CA-46
1342,3461,3713,5196,955,3089,5293,9849,7940,16845,44191,161072,6674,24059,50556,162061,CA-33
2515,2899,3100,3054,3095,4362,4265,3693,20668,46451,57672,130332,24390,46452,66959,126682,CA-15
8143,6123,6347,3439,12257,8294,8142,4124,33216,44649,63300,79762,34595,41090,61770,83446,CA-47
6564,8213,4769,1412,6059,11808,9907,1942,18560,62847,54755,66827,16260,69511,58322,78881,TN-08
7696,9380,4640,1617,8495,13881,9765,2663,28407,86767,62568,61603,21890,80640,75140,73391,TN-06
13363,10876,4635,1822,23510,15648,9780,2115,70821,60904,41897,21134,49459,55179,45858,27826,TX-29
8852,6603,7562,2624,14423,13342,12221,3705,29766,74391,63533,42655,26486,62022,67301,49805,TX-27
4356,6257,5292,1552,6351,10405,9519,2743,24505,63197,71438,56700,21276,58233,75870,64657,TX-14
7174,5905,4444,1640,10160,11667,8801,2630,38520,66112,66575,41453,28608,64761,69818,52739,TX-05
2998,3644,3954,4471,6033,5181,6325,5346,23139,64200,73303,114449,19290,61365,83690,127436,TX-10
9947,10931,7313,2626,16350,12981,10920,4166,41148,69332,64684,62587,40120,58128,65815,70365,TX-35
4102,3520,3864,2948,4397,4776,6643,4311,23949,47187,74137,135025,21019,50716,89559,139904,TX-22
6882,6819,4539,2159,8858,10469,8515,3896,27543,54498,56722,49129,23959,54481,61061,52420,TX-19
1793,2904,4479,4106,1554,4637,5972,4600,8965,34077,64739,92194,9079,37200,75598,81691,UT-03
3651,4632,6675,3486,3220,5430,7011,2907,16562,50898,76085,79684,14650,53696,87611,71504,UT-02
2947,8179,4401,2448,7191,11923,11401,5013,20940,64550,69948,55761,19775,58258,84059,70060,VA-03
6600,7381,4446,3111,8995,8752,9766,2668,25214,63372,62604,68370,19657,63111,73368,89347,VA-04
3322,4428,4608,2263,3769,5250,6538,3492,14286,46493,74531,81062,14522,44442,82011,97364,VA-02
5170,7780,2791,3638,6011,10614,6437,4317,24921,76456,57654,61270,23503,69202,69018,75507,VA-06
1980,4839,3019,2734,2870,4734,7500,3883,15762,48782,72195,121851,9685,45812,79541,120773,WA-01
4306,9723,7567,2628,4412,8530,13897,4300,11312,48992,84178,66995,10856,47273,86921,76395,WA-05
1844,5155,6234,2455,4049,7070,9280,4459,18353,53811,87292,81901,15299,50181,93508,90150,WA-02
2319,6277,8229,2729,2201,7306,8670,5007,13787,57713,80621,80209,11587,55194,91005,85927,WA-06
8507,13339,4294,962,9225,16501,9031,1916,23152,77154,36564,28972,25256,60759,47064,37201,WV-03
3751,6027,3022,1274,3142,9647,9034,2527,17527,65999,71376,69381,13187,62130,75006,79248,WI-01
1872,4705,2441,2203,1681,8205,5627,2400,12205,63114,76588,90068,10128,59212,73771,105510,WI-05
2240,5247,5037,3439,2521,6184,6188,3774,11462,56173,61846,108491,9796,49582,65972,118403,WI-02
1366,5268,3986,2905,1456,6337,5678,2945,9666,59539,59605,51157,7856,43566,66219,55878,WY-00
4714,9044,4052,1688,5910,13881,8859,2418,12910,82157,55496,64865,11171,79234,63803,67567,PA-14
3139,3276,3196,2753,5186,6643,4980,3705,17431,55140,43139,110602,16219,53890,48425,113359,PA-06
4552,9558,3014,1933,4943,12149,4941,2339,21140,91888,47845,49350,16352,84168,52956,59280,PA-12
910,2517,2276,2554,3207,4043,4702,3185,9672,40679,56507,133775,9545,48541,71144,139782,MO-02
7408,9120,7748,3865,7274,14076,12306,4936,16071,54644,59633,68169,15238,56094,66944,89838,MO-01
5953,8808,6082,3457,7633,11763,11688,4332,16932,71527,65933,73387,15684,73655,75310,77346,MO-05
1497,4670,3875,1365,3287,5657,5890,2975,13890,47200,66467,64509,10813,45057,66702,68941,NE-01
3009,5179,3495,3016,4600,6425,5378,3799,12695,41592,58347,85136,12577,40696,59067,94979,NE-02
4740,7287,5965,1852,7363,10627,9505,3407,28981,70628,79225,49378,28341,65920,80323,53939,NV-04
3527,5734,3548,1983,2548,7863,5499,3656,12994,63341,60956,84580,12183,57410,64345,98164,NH-01
1782,4423,2584,2059,2780,7057,4077,3304,14245,69861,61535,87646,12533,79104,71434,96720,NJ-03
1837,4462,2961,3674,2729,7395,6048,3815,12654,56877,54689,104317,12308,59894,57966,112176,NJ-04
5178,7457,3295,1826,7853,9647,6071,2777,23559,75977,56964,57280,19758,75274,61311,74067,NJ-02
1859,1826,1913,2398,1646,3831,3044,2676,8840,42003,41274,139197,10282,48776,47728,146017,NJ-11
6979,8314,4314,4558,15335,13892,6092,5103,41536,66674,41064,85327,33981,60250,40129,92472,NJ-08
11743,10630,7712,1739,17487,12394,12951,3335,27246,57413,61279,37757,26116,47322,60893,50708,NM-02
4537,5930,3433,2528,5751,7879,6751,5619,14198,52141,62981,91394,11722,53911,64203,103122,NY-20
6917,10462,4258,1603,7622,11139,9196,2478,19250,73795,61226,51193,15007,63071,66229,64672,NY-21
2183,2410,2608,2667,3166,5329,3105,3654,23258,52453,56118,100222,21305,57548,53629,115109,NY-04
6624,9314,4163,1861,6943,13207,7891,4253,16997,64145,64906,54163,14763,62356,67747,61494,NY-22
4922,8840,5335,2565,5526,10434,7922,3715,15516,70762,62690,69182,16467,61855,66947,82151,NY-19
2778,5581,3918,1656,2698,9153,7904,2839,14291,71760,68803,77547,10764,66047,71910,88863,NY-27
5257,7423,4099,2815,11746,11117,6501,4091,42837,69478,47691,62048,40160,57093,47706,72251,NY-14
5343,9397,5324,2415,8360,11414,8607,4357,16792,60446,60472,67739,12478,56135,68761,79990,NY-24
4818,3931,2843,2098,6315,5366,3807,2807,30008,48609,65378,79958,29590,42527,72801,87079,CA-26
4560,3245,3215,2287,6529,4014,5126,2742,38138,46325,62594,95601,39375,41987,62839,87881,CA-19
3678,3726,4895,3276,5787,3837,6988,4509,31291,36545,63714,80381,27362,41985,66999,80790,CA-24
6815,9373,6357,3784,8888,13165,11419,4259,26025,56651,68918,64187,26495,49267,75512,79843,CA-06
4818,3749,4197,2889,6724,4827,5847,4779,28935,43461,59566,109298,25602,34364,70555,122278,CA-11
8296,8298,8242,1862,10115,10101,13300,2273,30479,57653,66590,32869,26298,52088,70994,40455,CA-08
4535,7701,6410,7888,9246,10291,7403,10900,21153,37776,58295,117509,21494,37022,56758,123767,CA-28
6181,6961,6139,6613,10832,3836,6577,7041,24995,31324,47505,191541,25472,28422,43327,173628,CA-12
3070,5263,6737,3574,3678,5265,10066,2560,15741,51863,84732,91347,14439,50372,98486,96787,CA-04
7018,5600,4691,2070,9823,6254,6970,2573,49523,65061,62396,34650,44583,59097,69687,44237,CA-41
1625,2379,3005,5777,2622,2601,3740,4772,18737,34186,47293,177962,23600,32771,51439,155280,CA-17
5248,5660,3900,2233,7687,6018,4349,3367,36008,58278,71111,51522,41626,51842,70904,63063,CA-38
1719,4758,8368,3702,3987,6979,8737,4001,10514,53630,83971,98596,10101,49412,87807,101695,CO-05
3131,7019,4519,2509,4998,7655,5133,3385,28132,62167,71148,95091,21723,61895,73524,101005,CO-07
6793,7002,4527,3477,8746,16010,9152,4705,26968,87905,79744,102359,21811,90827,89993,116844,DE-00
6005,7116,3838,2666,6774,9510,6958,4052,16935,54888,53887,87132,15482,55083,63921,96998,CT-01
7415,6879,3007,1605,8177,9786,6495,3105,20744,63179,51758,81434,16974,57296,60124,92881,CT-05
8647,11468,7589,4625,9602,13262,9262,6043,23628,58895,59115,103538,20096,62619,64705,104572,FL-14
5655,9081,6074,3653,6213,10505,8595,4130,22419,79482,76018,102055,21993,85839,101235,106498,FL-16
6197,9609,5142,3737,9633,10494,10105,4334,27581,74222,73351,62888,23925,75954,86595,73429,FL-15
4758,11095,5751,1867,6130,13248,10180,3437,20066,76478,79120,78319,20869,86062,91022,86335,FL-12
6246,7511,3487,2106,8389,13549,9404,3398,21340,67659,59958,56435,14810,62718,78419,62276,FL-02
4317,5482,6353,5734,8659,8930,9902,6592,31237,58718,65994,103676,22138,67636,82920,103643,FL-21
3336,7890,2656,860,4752,10373,7996,3821,21856,64480,68277,56601,21883,67146,77988,91153,GA-13
10907,10307,5631,2874,12297,19006,16617,2480,19596,57485,52794,32836,21832,51613,65745,42553,GA-02
6547,8158,2346,1843,10331,12805,7426,1462,38486,70995,62107,37575,31172,70090,69914,48822,GA-14
6350,8437,3531,1878,9985,16596,11786,3525,23932,70298,53835,44594,24654,61550,64095,54859,GA-12
4638,7089,7864,2200,4595,7931,9530,3456,21628,78832,100813,79339,20335,69755,115494,85423,ID-01
2387,8229,5723,3065,3398,9065,6931,4435,11938,68423,70158,60941,15867,56995,69700,76642,HI-02
3948,8041,4753,1712,2675,8569,6267,3463,9868,63225,60248,73873,9286,59683,73262,82771,IL-18
685,3211,2348,917,1789,4389,3907,1656,13256,51406,66812,100207,12077,50538,68018,105483,IL-14
4149,6745,3883,1489,4340,9142,9427,2401,17293,71921,70064,50286,14014,67885,77325,57576,IL-16
5822,12003,6006,1653,6941,13194,10427,2028,17620,68342,61564,39905,16042,61370,74465,47918,IL-17
2690,6127,3200,2487,5658,10444,4845,2940,26301,60321,65388,66115,23236,59537,58502,79220,IL-03
2635,3353,3688,2328,3991,5202,4809,2987,25157,52019,55315,80502,24166,53629,59334,91691,IL-11
3684,8240,4770,1067,5628,9737,9912,2133,17034,72431,71861,42891,13168,64157,79575,53463,IL-15
5413,8685,4392,2226,6602,12926,7828,2198,24209,78558,54945,48234,22155,72903,63429,54112,IN-02
5275,9044,2853,2444,5231,11533,10017,2356,22052,84503,60623,45618,19353,77347,67964,54724,IN-06
6727,5883,2965,1629,5738,10318,6506,2589,24318,73826,65207,56950,22295,71822,72448,59729,IN-03
3528,5842,2619,2698,5069,8917,6890,2477,20073,76289,65183,60536,18123,73889,71174,66509,IN-04
2903,7123,3809,3297,3454,11378,8113,3689,18555,78762,75326,54770,12996,63049,80569,64975,IA-04
2624,6754,6474,2926,4417,9320,8360,3713,18143,65205,79481,91476,14588,62538,84363,101605,IA-03
5763,6117,4333,2229,4731,9292,9975,2407,16288,58411,70265,63101,15002,52102,73964,74592,KS-04
8548,10679,4151,1347,8878,15339,8135,3686,25341,81073,66876,47695,19490,70280,78181,61120,KY-02
5700,8998,3825,2940,8529,12270,12856,3646,15651,57231,61690,83219,13212,59167,73332,86720,KY-03
5692,9169,3752,1131,7355,10333,8417,2628,20971,72161,64401,69365,17756,64034,74131,77319,KY-04
6254,7425,3854,1975,7043,16145,10494,4333,24239,73807,59546,68552,18209,69050,68519,84542,LA-06
11611,13483,5271,2548,14003,21474,11520,5281,27559,79044,55984,49180,20457,74901,60232,64820,LA-03
2615,4556,2815,2616,4110,6545,5723,5065,17185,56764,51261,116521,15861,55701,60305,135030,MA-06
4340,7250,2420,2211,5782,6352,6723,3155,20906,67020,55452,95926,20323,59982,65526,104468,MA-03
4069,7079,5024,1547,5209,9960,8769,2894,14938,71836,70441,60304,14746,64111,76421,68257,MI-07
5263,8971,4797,2494,7253,9183,8815,2807,17369,62736,68476,60836,14583,59471,74157,71094,MI-06
4212,6214,3326,1233,3330,10489,7204,2432,17836,72428,82926,59168,15732,68232,88443,64501,MI-10
5000,9588,5267,2062,4859,11761,10306,2697,16356,76167,69572,48945,12536,66341,73084,59335,MI-04
1248,4105,2688,2216,2241,4907,6313,2796,9378,40325,67948,127274,9913,44555,70843,125238,MI-11
3995,5982,4815,3933,5899,9729,7462,4906,15754,54570,60238,72186,15258,52451,62603,79365,MI-12
1142,3307,3492,1207,1639,5375,5393,1579,10746,49808,69053,95298,9348,44485,77897,97578,MN-02
3429,8223,5885,1957,3610,8559,8951,2709,14196,71517,79836,48557,8307,58095,80521,63618,MN-08
3052,6317,4125,2503,4805,7400,7683,3763,13028,46646,56179,99007,14196,41963,58762,110768,MN-04
4083,6643,7425,7148,7203,6702,9032,6156,22079,47116,77058,107959,17170,40386,78223,107056,AZ-09
7143,12225,6085,967,10953,16323,12598,2616,25334,85536,55308,31797,21118,74191,69804,43441,AR-01
7346,14957,5736,2285,9841,16026,13767,3056,22200,81565,55663,33653,19315,70805,69701,45615,AR-04
12265,7625,5825,2348,19907,11519,14429,3052,60375,50311,51182,24473,45485,37567,60105,29236,CA-16
9541,7678,6553,5932,14758,8957,8093,7221,36676,36230,50840,95044,37686,32393,58864,100058,CA-37
2696,4724,5622,6596,5113,4982,7337,7552,17581,43233,87277,99918,24297,43846,78413,108779,CA-53
5940,5793,4256,2161,8124,8941,10547,3399,34392,49776,66542,56328,33767,52048,70436,64651,CA-31
6314,8199,5230,2774,10594,10592,7541,4788,26958,81432,66833,55701,22966,78555,80168,64518,TN-04
6147,9824,4945,2244,4991,14555,9376,4705,15848,68978,58117,55662,12753,56175,67293,68687,NY-23
5840,5233,3542,3463,8970,12744,7028,5732,30720,49168,47273,87664,26543,47953,53958,110741,NY-16
4872,4836,2962,4339,8369,8993,4040,7592,28220,61620,50147,84942,24771,66065,51420,99152,NY-11
20088,16910,8735,2778,38117,23591,21903,5281,35260,53194,37023,24372,41303,45085,47473,34246,NY-15
8742,14771,5207,4669,16438,24453,8973,11656,23674,61415,42373,77653,26491,64664,55127,98731,NY-08
4642,4952,4916,8222,8021,5153,4655,10865,9497,23746,25282,194354,12885,22297,28162,203026,NY-12
3065,6580,4357,2662,3890,8325,5000,4497,18400,55375,62854,74596,14340,51579,65227,92363,NY-18
10404,8811,7011,3423,12992,13817,12561,5760,30891,58123,51357,56825,19422,57296,73256,83427,NC-01
6370,8822,4598,2483,9394,14032,9973,4359,24191,71542,78880,66030,21367,60174,94896,88255,NC-07
5740,6073,4442,2614,6968,10116,7901,3178,20252,61118,76618,104616,17082,57272,91038,118338,NC-02
8049,11628,5911,2282,12851,13795,11949,3133,31772,70434,65592,54591,24262,69393,78073,78093,NC-06
5067,8544,5113,2114,7298,10671,10518,2765,21010,64466,72138,56182,18081,59979,86953,66009,NC-03
7829,9399,4856,3011,9606,13317,10831,4552,27058,65470,76257,60258,22042,70186,82175,74721,NC-10
3240,5589,3296,4892,5761,6175,6066,7863,15850,36775,55300,149876,14579,36250,62017,161247,NC-04
11536,7530,4537,2276,8125,14985,12084,4287,26467,66518,65369,60891,20426,60749,81354,73613,NC-05
4472,7543,4306,2652,6143,9497,6949,4244,14063,59114,53185,86280,13007,57839,62768,94928,OH-01
7250,7745,6414,2026,9255,11480,11179,3471,29830,71320,76880,65696,21379,68410,91820,78369,NC-11
5324,7244,6082,1912,7366,11047,14677,3934,22433,67947,74727,62956,18217,56816,89175,78635,NC-08
5121,6910,4675,4928,9787,8202,9668,4575,30231,42017,72611,111571,21714,46055,89701,126661,NC-12
5209,7904,2530,1062,5768,11563,7993,2231,25237,91875,57492,46825,22399,83742,65451,54519,OH-07
3770,5968,4089,1628,4182,7993,7915,2684,18242,64193,61866,81021,13541,66439,72263,86652,OH-14
7924,10648,8276,3302,9692,16130,11874,4421,22627,63246,64066,71814,20392,60507,69563,76556,OH-03
6385,7944,6533,1952,6147,10174,11586,3576,13683,58089,67691,68935,15077,53808,77481,78292,OH-10
3052,5889,3051,2145,3783,9134,5918,2163,13727,78164,67109,62175,11464,70205,76082,70525,OH-05
5182,13704,4830,3270,7298,17843,11803,3654,16850,78988,58114,48777,16088,74267,65695,60829,OH-13
3594,8331,2890,3418,6576,10120,7496,3733,17592,74697,58431,83929,12555,66973,64679,95114,OH-15
7885,9124,6806,2221,11283,18476,14393,3942,20119,65014,57191,50266,18840,60165,67006,56015,OH-09
2988,6609,3976,1194,3901,9266,6963,3276,12896,57043,59800,109390,12765,60643,67261,113511,OH-12
9895,16018,6936,1571,11392,17277,15472,3280,24267,79174,63369,34060,19568,69383,71888,48559,OK-02
5255,9479,5455,1661,8889,11850,10439,3258,21265,78171,61533,54615,18884,73268,67972,60493,OK-03
4570,8874,4484,1859,6047,11055,8227,2499,18226,70776,73625,60534,20170,71709,76786,67568,OK-04
3262,6153,5677,3967,3519,9413,9907,5117,17695,53884,84102,116850,16164,51095,91267,119217,OR-01
6178,7261,5652,4626,5100,8194,11446,3007,25866,58049,85397,84490,19690,56830,101537,93681,OR-05
5981,10501,8469,3044,7154,11750,15141,3966,26236,66608,90877,72215,19129,72430,92718,81559,OR-02
1852,5687,3658,1595,4135,6232,3504,3453,13000,46570,44897,59905,11828,46525,50810,69440,RI-02
2694,5231,2279,2453,5040,7994,7322,4274,19350,54457,77175,108079,14896,58246,86347,121881,SC-01
6771,4937,4205,2997,8483,7707,7781,3181,26084,54250,64787,79017,19750,56944,77204,86891,SC-04
5015,7744,4070,1449,8620,11021,10559,3603,21383,65801,69839,59106,19007,62859,84345,70107,SC-05
4974,5299,3736,1682,8326,9620,9321,3204,20031,53600,61872,76118,15311,54227,69557,91482,SC-02
5207,10943,5117,1809,6250,11302,8702,3295,19110,79108,83611,81198,12247,69326,90231,87775,SD-00
9732,10624,5439,2424,11568,17175,8968,3633,27525,79556,60067,49214,22154,77635,67079,58474,TN-01
4977,5759,4180,3942,7749,8986,6881,8228,24557,52293,57389,101217,17659,52963,60810,119677,TN-05
6430,7938,2853,2019,5311,13275,7391,2409,19267,67592,63715,78650,19848,71763,64312,87381,TN-07
6712,9667,5028,3065,8019,12212,8160,3337,19720,66170,62223,74523,20002,64776,73423,82487,TN-02
9015,13361,4915,1105,11505,18394,10972,3436,21466,59698,52054,41150,18761,52939,67050,64878,TN-09
15128,8390,4890,1815,23673,12862,6269,1616,39456,53926,51690,40927,40809,46713,57170,46560,TX-28
7608,7710,5178,1551,9045,14377,14464,2326,25485,57861,67201,47422,21960,53851,76522,53496,TX-01
3512,3879,6168,6310,5716,6534,6104,5297,22812,32629,55317,122297,16585,38158,62303,128979,TX-07
2394,4388,3829,1915,4332,5691,8436,3679,23314,60533,72707,75744,23403,60719,82203,87722,TX-06
5680,7426,5054,3585,7133,11796,9765,3916,23716,54828,60620,71404,22467,48843,64065,78616,TX-17
6361,9056,4697,709,8179,12952,8257,2419,30860,74156,69712,42876,24633,66385,76205,51036,TX-36
8432,7695,6032,2408,18050,10888,10400,2735,24858,51074,65925,49311,33010,45094,61312,57616,TX-16
1849,3918,2565,5728,4009,4842,5786,5921,23525,42052,65324,135263,21321,47766,72537,131595,TX-24
12529,7436,3997,2753,18751,15140,7658,2391,76077,58590,34497,25561,59811,49695,41504,27285,TX-33
6551,5206,3892,1719,8120,10293,9766,2141,31822,68224,72558,56295,28970,62002,79495,58790,TX-11
14381,9095,4184,2049,24920,9445,7561,4700,44138,52461,50979,44826,44893,47594,53636,49384,TX-15
11977,6583,5393,2071,13177,10013,7348,1966,35690,59308,58670,54930,36544,58189,61304,59147,TX-23
5223,5410,3133,2819,5339,9608,6482,2631,24591,61492,78560,82531,21799,68405,81700,89175,TX-12
5437,4737,3616,1297,7721,7748,8460,2312,29953,68145,78359,89795,25011,63855,88209,86639,TX-08
14528,11068,5912,2091,22811,14315,9684,3012,41868,47730,48016,27879,45896,43038,46674,33319,TX-34
8859,11284,5479,2846,14532,20212,9797,3295,39415,60020,52839,48043,36285,55010,66324,56938,TX-30
10879,10694,6541,1776,18091,17645,10946,4060,45241,64094,56405,53373,37866,54776,60433,60668,TX-18
5629,3685,2799,3902,7492,6796,5165,6239,25999,41180,58187,117420,21764,44295,67794,108323,TX-02
7544,11110,6904,2457,15431,11820,10036,2949,38101,54659,70520,57622,31782,57435,74710,63405,TX-20
2670,4833,4357,5314,5360,7236,5638,5819,15178,46630,73979,132798,13804,46597,79973,134292,TX-21
3094,5043,5416,1735,5280,8776,8160,2867,18214,56564,91511,103979,17254,63096,92252,107029,TX-31
4982,6953,4837,2879,5341,7712,7427,3543,17717,52656,66284,107119,15506,54974,68107,109245,TX-25
3751,3388,3713,4369,6132,5613,7215,4043,26159,37539,56619,115250,23806,40804,67192,110833,TX-32
2197,2697,2214,4707,4264,3394,6045,5678,13465,39881,63738,162589,12454,46743,77244,157743,TX-03
6560,10421,6848,794,9250,11900,10237,2195,22254,66139,76367,54967,24168,64751,81560,66325,TX-04
5480,7873,4744,1843,8619,11774,7904,2336,25760,65872,63499,43363,23875,58260,65533,51022,TX-13
1308,2791,3535,2591,2793,3997,6590,3615,20276,49032,76745,130920,18759,51768,87429,136873,TX-26
9371,10619,6213,6573,12350,14941,12654,7403,43744,57453,57075,53462,39773,46204,57240,65101,TX-09
4482,5050,3677,2557,3712,8083,6388,4011,13300,64594,47609,73807,8281,49592,53740,91253,VT-00
2730,2819,3362,1634,2144,6561,5124,2551,14546,56584,71145,76104,13316,53556,81427,66586,UT-01
1685,2884,3794,3509,4027,6660,6827,3002,16779,56450,78837,87103,15445,56206,86700,80042,UT-04
3205,4750,3035,2294,5537,5979,6345,3113,18920,67779,70708,98489,21554,60736,75753,107741,VA-01
1116,2002,1879,1459,2072,3410,1667,3414,17357,38820,56320,154820,17884,40114,61223,160053,VA-10
6224,9311,4156,1975,9425,12339,7915,3489,26010,65569,61374,64448,20732,58305,75761,80336,VA-05
3131,4455,3301,3277,5680,6872,6387,4879,19231,60902,63205,101632,16631,57789,76200,116263,VA-07
2458,1697,1808,3623,4448,1921,2749,6234,17207,33147,49022,152366,20194,36631,56782,144205,VA-11
8772,9024,3851,1686,9899,14674,10717,2898,28139,73050,60500,45611,20828,63776,70311,58070,VA-09
4009,3212,4524,6279,4808,4874,4603,6100,18361,27124,44215,173301,18455,31038,45219,180869,VA-08
3279,5669,6388,2162,5018,9870,10904,2469,18111,69031,83967,67726,16771,57592,93996,70623,WA-03
4023,6679,5001,2438,4404,7126,10557,3686,19826,62187,87049,64714,15769,60888,89498,75055,WA-10
7457,4553,5051,1452,12538,8950,8734,1860,40128,57169,60410,49566,28027,52728,67646,49167,WA-04
3094,4162,6412,6375,2885,3820,9212,7602,12673,30206,59161,183611,10565,26286,56788,180330,WA-07
3214,5711,5600,3439,6712,5172,6997,4292,21273,44127,64582,117111,21477,42040,66345,114048,WA-09
2452,4717,3185,3536,3922,7155,5556,2539,20998,54667,71814,93916,15972,53769,81459,90151,WA-08
6350,8951,3518,1866,7177,12452,7443,1859,15919,73252,48867,43554,12892,67547,52911,51455,WV-01
6119,11938,3798,1864,7875,16983,7445,2448,20477,77237,46762,45023,14990,68257,57346,51293,WV-02
3344,6269,4670,1711,3704,9188,7160,2309,13196,76252,71854,56346,8775,65372,73852,68942,WI-03
7931,10737,6084,2650,10049,15153,11673,4919,21596,55018,49763,54625,18433,51823,57513,70103,WI-04
3807,7615,4492,1647,3591,10032,9103,2354,17921,83639,76845,56102,11972,72680,80263,65331,WI-07
2069,4875,4002,1678,3124,8416,5778,2316,15523,79779,69254,64504,11185,70681,74413,72976,WI-06
3038,5749,3681,1223,3673,8511,7956,1932,14748,81023,76849,61868,12812,72935,75608,74155,WI-08
152977,134386,59878,29828,148606,175670,123907,73444,96076,190795,181973,205088,84614,139889,170427,315315,PR-98
7868,6728,4420,1259,9976,12270,13395,3149,33626,69798,69468,44096,22845,67998,74646,60611,MS-01
8438,9821,7188,1864,12514,16751,12313,4172,25136,56825,59210,51724,19868,46129,75345,72635,MS-03
5191,12397,7086,3679,10689,20295,15898,3951,22381,66846,70300,46270,19362,57859,87405,60063,MS-04
12525,10858,5777,2366,15292,21928,15612,3731,26646,57234,49576,32458,21316,45816,68395,46536,MS-02
3256,6102,4848,5987,4298,10740,9482,5420,9471,55882,53149,91255,8992,60441,65130,95179,PA-18
3916,7590,3521,1641,5934,9151,6409,2067,16889,79794,56096,71150,19394,75765,63291,77518,PA-07
15049,16414,6715,4921,20924,22674,10022,7191,28806,68691,42179,44871,26627,67769,48455,52803,PA-02
1931,5682,4294,1842,3517,7365,7325,3099,9103,59628,60427,107672,8528,61892,67694,109963,PA-17
443,3776,2578,1539,2158,4981,4682,3245,12479,63395,59470,102385,14278,62757,59523,110323,PA-01
4634,8578,3430,839,5184,11384,6268,1475,21253,102813,48794,44599,18802,95682,56148,55350,PA-13
4679,8506,3510,1905,7492,14219,7897,3308,14756,78977,49402,61079,11714,75395,55181,68497,PA-16
4431,10399,4099,2204,5047,16767,7159,3626,16201,79503,61984,55790,14160,79688,66075,59470,PA-08
4005,5949,3016,1526,5089,10602,6123,3237,18224,74175,54587,79996,16838,77764,65584,82234,PA-10
5151,5385,3454,2427,7373,9995,4437,2416,27270,83737,50718,64322,23379,79123,57692,71559,PA-11
4435,7517,3317,789,5960,11756,4306,1847,22298,97628,54898,45322,17668,91686,58363,58186,PA-09
2224,4070,3132,2347,2415,5780,4731,3864,10764,53702,49423,115227,9196,53537,57446,129287,PA-04
4073,10174,3707,1581,5171,14019,5770,1781,14774,99018,53258,43469,13160,94072,51434,53500,PA-15
4039,7255,3111,4238,4012,11181,8014,4691,14405,60552,45153,84162,14217,65022,54866,98514,PA-05
8906,15761,6896,7712,9337,20116,14977,9678,14006,48990,41562,86292,16101,54752,50932,105412,PA-03
8780,12538,7789,2397,7097,15931,11443,3691,20803,74490,67384,56209,19420,67434,78832,67792,MO-07
4471,7734,3325,1822,6079,11764,9691,2292,14551,85075,59191,67758,13453,71411,71843,78369,MO-06
9765,15149,6793,968,12089,18068,11229,1452,26636,85405,55600,37262,22479,72641,66500,50102,MO-08
3551,6370,3786,2553,6409,7492,6852,2169,19253,77430,81158,70746,15784,72223,85595,81373,MO-03
5138,9684,5558,2876,5995,11680,9475,2841,19892,77102,63918,56047,15213,71190,70635,68958,MO-04
3776,11932,10008,4819,5706,16607,12969,6426,18495,94269,102328,115112,12666,82541,111348,122025,MT-00
3241,5845,4381,1932,3670,8128,6810,1813,17317,58746,65302,40374,10488,48983,70040,51084,NE-03
8754,12701,8927,5336,18378,13864,12209,4384,43690,66638,59217,36156,39443,56404,56181,39491,NV-01
2357,6121,5040,4949,2542,8883,9618,5788,16605,69284,97718,95849,15246,68938,97975,106061,NV-03
3417,6193,7371,2875,3876,8094,8277,3776,26730,57676,85764,65892,24783,55293,82056,68321,NV-02
4505,4461,3216,2263,3684,7657,4070,2595,14842,66818,55983,82358,8524,55324,69768,91607,NH-02
5233,5645,4173,2048,6625,9659,6179,3133,16740,66082,57502,76243,15627,71298,65492,85910,NJ-01
7149,9851,3887,2692,11881,14364,7476,5926,24095,66845,48583,73295,24689,60591,63576,85292,NJ-10
1695,2352,1564,2560,3698,5510,3016,3944,12949,47445,54018,121622,11983,52014,53566,132306,NJ-05
1265,4935,1357,2747,1880,5750,3495,3095,13740,46998,44877,130272,10333,46532,47128,146513,NJ-07
3868,9439,3366,3079,9221,13395,4955,4016,29613,70188,49143,86367,24945,71696,50643,95174,NJ-09
3580,3737,2946,3393,7210,6633,4217,4558,23607,55633,50741,95198,20976,57773,53589,99990,NJ-06
5234,7048,3025,4482,7729,10452,4344,4983,18963,46879,42916,115672,17482,56903,48377,119141,NJ-12
6452,10223,6499,4238,9976,9524,11259,6884,19644,47289,62855,73953,18767,48682,63581,82082,NM-01
7808,10596,6090,2526,10830,14129,14116,4397,21778,55463,64735,58671,16923,46447,74526,67146,NM-03
3071,3379,2808,1257,3388,5249,3773,2424,20754,64678,65607,72171,19850,64689,67900,82544,NY-02
5925,7232,4089,2958,7750,8778,7625,4880,15400,44205,61169,90593,16091,47932,64705,101493,NY-25
2362,3036,1776,3235,2406,4334,2465,5499,14205,35027,50115,138781,13818,44248,51105,145589,NY-03
6658,6863,2819,6059,10472,8054,4191,9040,22684,29681,22239,153097,21124,28341,27848,164516,NY-10
17281,10188,6077,7073,27291,19336,12358,6521,38585,53020,41000,71632,40256,43459,44999,89593,NY-13
6110,10574,6252,4475,10273,12212,13024,4818,12294,55142,65676,68076,11584,56241,72873,76909,NY-26
5741,8766,5926,3914,10833,13962,6271,7395,21539,49443,44552,86437,25714,58141,48466,108628,NY-09
3756,3393,1433,1702,4650,7301,3509,3048,18152,62003,64523,83694,14225,60123,61182,101829,NY-01
12026,9022,4356,3500,19148,12258,6942,6489,39760,48913,32853,82606,41393,43097,34541,86559,NY-07
4205,4687,3733,2960,4330,6305,4254,4106,19472,39309,50713,110103,17832,42769,45190,127363,NY-17
6154,7126,5369,5034,10692,8871,6173,7904,32262,56933,48684,87064,32191,54401,53508,100602,NY-06
5668,6615,4768,3118,7516,10125,4868,4829,35165,66665,61713,55059,38223,72181,70612,72048,NY-05
