26_to_64_years_Less_than_high_school_graduate_With_health_insurance_coverage,26_to_64_years_Less_than_high_school_graduate_With_health_insurance_coverage_With_private_health_insurance,26_to_64_years_Less_than_high_school_graduate_With_health_insurance_coverage_With_public_coverage,26_to_64_years_Less_than_high_school_graduate_No_health_insurance_coverage,26_to_64_years_High_school_graduate__includes_equivalency__With_health_insurance_coverage,26_to_64_years_High_school_graduate__includes_equivalency__With_health_insurance_coverage_With_private_health_insurance,26_to_64_years_High_school_graduate__includes_equivalency__With_health_insurance_coverage_With_public_coverage,26_to_64_years_High_school_graduate__includes_equivalency__No_health_insurance_coverage,26_to_64_years_Some_college_or_associate's_degree_With_health_insurance_coverage,26_to_64_years_Some_college_or_associate's_degree_With_health_insurance_coverage_With_private_health_insurance,26_to_64_years_Some_college_or_associate's_degree_With_health_insurance_coverage_With_public_coverage,26_to_64_years_Some_college_or_associate's_degree_No_health_insurance_coverage,26_to_64_years_Bachelor's_degree_or_higher_With_health_insurance_coverage,26_to_64_years_Bachelor's_degree_or_higher_With_health_insurance_coverage_With_private_health_insurance,26_to_64_years_Bachelor's_degree_or_higher_With_health_insurance_coverage_With_public_coverage,26_to_64_years_Bachelor's_degree_or_higher_No_health_insurance_coverage,65_years_and_over_Less_than_high_school_graduate_With_health_insurance_coverage,65_years_and_over_Less_than_high_school_graduate_With_health_insurance_coverage_With_private_health_insurance,65_years_and_over_Less_than_high_school_graduate_With_health_insurance_coverage_With_public_coverage,65_years_and_over_Less_than_high_school_graduate_No_health_insurance_coverage,65_years_and_over_High_school_graduate__includes_equivalency__With_health_insurance_coverage,65_years_and_over_High_school_graduate__includes_equivalency__With_health_insurance_coverage_With_private_health_insurance,65_years_and_over_High_school_graduate__includes_equivalency__With_health_insurance_coverage_With_public_coverage,65_years_and_over_High_school_graduate__includes_equivalency__No_health_insurance_coverage,65_years_and_over_Some_college_or_associate's_degree_With_health_insurance_coverage,65_years_and_over_Some_college_or_associate's_degree_With_health_insurance_coverage_With_private_health_insurance,65_years_and_over_Some_college_or_associate's_degree_With_health_insurance_coverage_With_public_coverage,65_years_and_over_Some_college_or_associate's_degree_No_health_insurance_coverage,65_years_and_over_Bachelor's_degree_or_higher_With_health_insurance_coverage,65_years_and_over_Bachelor's_degree_or_higher_With_health_insurance_coverage_With_private_health_insurance,65_years_and_over_Bachelor's_degree_or_higher_With_health_insurance_coverage_With_public_coverage,65_years_and_over_Bachelor's_degree_or_higher_No_health_insurance_coverage,stateId
37033,16904,21328,8332,77377,53982,27451,7828,117700,90798,31721,6644,93664,85243,11374,3622,15800,5748,15011,142,26152,15312,25673,0,36468,24037,35260,0,31212,22926,29313,115,CA-03
89163,34593,58197,29171,73634,37427,39190,11718,69198,49463,22783,8396,33166,29361,5320,2214,28579,5367,27648,1090,12915,5420,12379,287,15757,8875,15283,0,6744,4767,6282,124,CA-21
29351,14887,15356,9408,52416,41090,12840,7513,97376,83912,16406,9461,168716,159135,12355,5892,14039,2647,13483,50,19989,9564,19063,189,41335,20735,40137,0,52497,29223,49803,232,CA-48
52713,26242,27615,10767,103067,69490,37287,11442,119677,97510,27610,8420,65460,61096,5685,3217,23909,8733,23271,0,24624,13508,24260,0,30565,18798,30135,336,17278,10164,16615,0,CA-10
63259,26043,38592,45958,63269,32844,31752,19271,65095,46091,20875,13553,116636,101208,17995,14299,37163,4524,36142,1360,18195,2623,17837,813,13916,4651,13355,429,17726,6532,16549,430,CA-34
13161,7525,6598,2846,31979,25189,8465,3997,82084,67412,19859,7928,248986,238087,18066,8603,8283,2239,8001,64,13827,6981,13244,114,30800,17643,29516,43,57481,33827,53746,362,CA-52
33071,16265,17649,8585,59552,42175,19247,9723,102481,83422,21746,11256,187789,174005,18550,10372,13900,3523,13689,350,20608,8304,20255,276,36334,20436,34686,209,49483,29009,46553,89,CA-30
15600,10285,6216,3464,33864,26589,8692,6305,64047,56189,10961,5271,261674,253405,10485,5733,5243,2615,4435,196,14409,7303,13260,206,25916,15758,24764,182,71058,45350,64916,314,CA-18
60348,38073,24273,28902,58646,42059,18917,9610,84839,66301,21976,7259,94385,88551,8414,3436,19143,7067,18049,255,16444,8248,15942,99,31018,19182,29704,23,39890,28035,37785,0,CA-20
36288,23629,14120,6326,89439,70003,22443,17733,145187,122417,30030,12558,111513,104429,11680,5460,16548,3682,16204,279,29016,11453,27515,242,32939,17023,31587,0,23845,12359,22731,155,CA-42
43245,27428,18292,8811,75794,57823,21687,8738,115200,99729,20897,6625,102662,96309,9785,3262,16473,5880,15701,49,23202,10894,22220,103,27401,15011,26241,102,23385,14611,21410,30,CA-25
52636,27301,27277,15778,88684,62444,28664,17850,92281,71712,23412,12714,80203,71928,9780,4440,35866,5148,35131,989,23904,7068,23029,72,25195,10547,24087,199,20915,9617,19455,81,CA-32
63384,33291,32770,20921,70718,45347,27529,17297,96289,70679,29932,9399,112923,101946,13688,9711,22866,4041,22077,1372,21423,7672,20611,488,23365,12732,22153,199,22480,13308,20690,192,CA-43
69887,38469,32852,26713,89496,62730,30205,13699,103253,80109,26921,11572,68205,61571,8188,4321,26776,4948,26121,1848,16732,5637,16161,33,19485,7859,18324,194,12469,5756,11447,0,CA-35
36380,19282,18517,7386,54453,38140,18061,6432,77239,58759,20713,6024,231559,213153,23483,6257,17966,4725,17316,441,17374,7874,16693,585,23972,13946,22402,202,50873,33861,47158,164,CA-13
83647,38694,46463,33585,74958,48951,27693,18423,84596,59306,28487,10982,48530,41916,7850,4153,36533,4826,35149,497,16583,4992,16055,131,16559,7069,15582,185,11629,6425,10227,321,CA-44
24355,13920,11605,13292,38190,31348,8986,11970,88933,75347,16832,8811,170493,162645,12997,5022,10998,2951,10998,382,17647,9756,17084,191,34102,21110,33382,515,54337,32255,51481,137,CA-49
37905,24601,14949,8595,71078,55854,18632,11453,115812,99923,22533,7111,117048,109654,10357,2471,11950,4756,11162,361,25042,15063,24249,196,46504,30626,44567,246,50695,34842,48342,16,CA-05
75322,33219,43646,28008,74065,45239,30555,18801,84399,58518,28164,13481,79764,65790,15719,7855,31378,5318,30573,596,15310,3995,14496,207,16814,6599,16339,170,15678,7678,13917,149,CA-29
27809,14461,14894,4878,71349,48763,26971,7521,135493,107153,35321,10535,134242,124140,13783,4002,13140,4144,12747,45,26173,17163,24947,234,40925,29479,38698,116,38134,26843,36878,0,CA-07
26757,16083,11625,6622,57438,44490,14953,9283,98914,86455,15992,9721,156265,145195,13085,10319,16444,5326,15207,421,22163,8088,20608,166,32613,15359,31016,110,45180,20371,41169,415,CA-39
34335,21081,14765,11846,69187,49615,23268,12465,116088,97567,26502,11450,111423,103294,12351,5167,13906,3130,13458,206,26423,14225,25501,386,41387,22287,39474,122,35806,21177,33717,42,CA-50
39241,20063,21283,10961,81413,57287,29434,11328,123653,90256,39825,7870,77988,71514,8566,1946,16557,4891,16183,75,26646,12996,25757,192,33910,20728,32272,146,23741,15847,22787,0,CA-23
61396,28039,35624,22646,77825,52468,29426,18225,95210,68651,31808,14293,52521,43014,11538,6321,35146,6060,33861,1454,21175,11039,20414,319,20450,10784,19576,0,12397,6095,11659,129,CA-51
25041,11752,14663,5075,73309,47712,29602,8224,119687,85019,42495,12788,82059,71837,13137,3716,12427,5921,12363,0,36163,22485,35136,76,58890,37725,57891,272,40958,28589,40004,228,CA-01
97377,37019,61388,47789,68292,39815,30008,22002,69319,48861,21967,10272,32688,27706,5272,3795,36656,4424,35162,1546,11917,3422,11052,314,10206,4207,8981,121,4456,2792,3667,0,CA-40
15654,11170,6049,4415,37486,30032,9105,5729,97614,88447,12214,7507,234719,226153,12600,10999,8200,2327,8045,269,18586,8506,17613,0,36410,19376,34796,0,58963,32695,56218,381,CA-45
46067,19680,29085,13811,75200,49961,28119,6812,124143,90575,41819,10445,86053,78014,10740,2566,19207,4645,18843,689,19031,11599,18532,141,30857,18248,29763,0,26013,17805,24291,0,CA-22
54256,25342,31078,13074,100063,64897,38447,9212,108937,85921,27678,7985,82098,73242,12553,4149,22651,7024,21411,550,26232,15513,25108,127,32061,22129,31161,146,25713,16616,23619,130,CA-09
30314,15980,14980,8505,60512,39282,22189,9463,79066,65878,15642,9766,177529,165515,14187,9056,25823,3492,25329,1245,21404,6658,20403,218,27904,15386,26041,0,46885,24931,43334,56,CA-27
30893,21525,10459,6097,56362,42835,15004,6942,83380,73770,12312,4999,212272,205356,9254,4259,21059,8303,20312,0,22086,12820,21153,184,35462,24048,33675,201,45978,32309,41855,338,CA-14
25501,13310,13277,7677,50525,35937,17045,7150,98346,75835,27819,8091,139741,131408,12455,5566,10546,4770,10306,233,24572,13850,24145,48,48710,27677,47487,71,71433,45342,68118,110,CA-02
24271,11945,12917,12951,67339,46920,22208,13809,97073,78673,22391,12119,255808,243648,16318,11065,11367,2826,11255,1134,21482,8667,20938,241,24849,12230,24153,32,45937,27931,43237,176,CO-01
21767,11370,11565,10066,79667,53680,30123,16924,104048,79616,28803,17152,114151,105051,12586,8734,11575,4796,11523,217,35111,18321,34328,19,49074,28479,47284,3,49373,29633,47899,85,CO-03
29408,20979,9609,9093,78551,62148,19322,15933,123561,104802,24287,12222,167272,161540,10139,5524,10818,4343,10692,729,31117,17707,30182,7,38578,23855,37406,13,38961,24160,37463,80,CO-04
12650,9557,3254,2672,47104,39510,9470,8685,90849,77906,16743,11971,238566,229578,12837,8737,4253,1917,4157,149,20210,11209,19688,0,33961,18194,32659,0,67309,39086,64770,189,CO-02
22683,16737,6713,11041,70845,56840,17288,14013,111861,97422,20419,11152,186615,179952,11939,8279,7654,2451,6847,569,20197,10488,19407,92,29005,16619,27963,229,45665,26841,43553,251,CO-06
24069,9218,17504,2859,53720,27799,30735,3025,60416,40312,24327,4421,240851,232250,12819,5513,11160,4002,10700,271,18702,9793,17701,0,15101,10642,13436,247,39455,30185,35232,164,DC-98
22710,10168,13682,7061,99066,65299,37549,13758,81838,64217,20728,5710,134183,124588,13856,5213,16015,7225,15905,123,40388,24248,38665,218,26205,15455,24616,92,38857,26366,36343,325,CT-03
19904,8045,12252,11327,53471,35131,19426,13948,60267,45346,16711,6584,195787,184060,14583,12272,14702,5425,14068,506,26059,12394,25265,257,21255,12769,20166,174,49673,33758,45519,341,CT-04
16964,8514,8924,2384,88732,66326,26655,8709,93904,76195,21279,5500,123428,114442,12428,3432,10527,4925,9974,0,36173,22122,35006,231,34711,22292,33159,44,44142,31139,41597,0,CT-02
26257,16050,12407,13971,89803,67605,27005,29627,89334,75457,20065,17195,61502,55660,8647,6598,25018,12918,24424,206,87775,49621,86178,419,75629,48382,74565,249,71214,47143,69108,325,FL-17
20065,12263,8420,10664,93489,74719,24719,29354,108054,91841,22056,23920,79338,73959,8439,10998,19507,9239,19403,34,67062,36754,66188,797,59962,32741,58313,42,53796,32573,52520,40,FL-06
32361,17900,17475,13272,87951,65284,27498,30493,99086,80343,26215,18521,66559,63030,8096,6879,16316,4783,16000,231,31146,16067,30600,614,27357,14822,26232,218,20521,13384,19575,131,FL-05
37151,25497,12622,28344,87165,68011,22419,46056,85969,74207,14570,28133,76250,71058,6177,10753,35896,5155,34597,1141,34537,6173,33004,412,18569,5992,17673,383,17087,4544,16269,311,FL-24
18766,8833,10977,12292,83629,58381,29925,24577,93344,74376,28474,18431,59296,55063,8649,6576,29596,13178,29364,16,91435,52575,90666,114,98818,58101,96939,333,81987,52878,80586,148,FL-11
16903,14045,3760,7406,64582,58026,7895,20378,99025,91641,10329,19613,157138,151913,7211,13908,16418,4564,15371,782,36472,13002,34081,686,31661,14493,29416,333,41720,20441,37526,563,FL-23
18957,12122,7451,8377,72644,57293,21346,25723,109174,91823,25353,20173,101936,97736,9433,12130,17320,7982,16958,235,59260,33096,58453,453,62050,37395,60300,125,60419,37972,59054,194,FL-08
19478,13923,7533,12787,73227,63090,13137,25489,107818,96354,17074,13504,111009,105965,7626,10986,23371,9368,22918,488,60714,35100,60357,396,55432,31492,54255,167,66760,45447,64731,465,FL-18
32784,23133,11596,26768,96174,80134,19713,42023,93960,78293,20252,24177,79223,72590,9572,10590,24308,5752,23507,617,39503,12475,37865,1376,25226,10130,23786,766,18084,8932,16858,627,FL-20
50359,40013,11703,29653,82306,69889,14314,32826,76649,70562,7288,20674,98849,94875,4888,17233,52028,4424,50501,2621,36373,11513,35652,606,23697,10731,22549,41,34337,15285,32245,571,FL-25
16077,9126,8181,10393,76850,58905,24052,22296,102010,87653,22645,15079,101898,98967,8470,11801,12961,5469,12697,154,37195,17344,36628,297,38456,21657,37943,101,35751,22444,34904,473,FL-03
38242,26357,13773,18483,77977,64379,16271,26418,106741,93687,18403,22250,133760,129743,8108,16460,16106,4717,15144,821,29413,11082,27767,524,21765,11246,20747,0,25679,12430,23780,284,FL-10
18163,12432,6764,7901,76451,66591,14601,17717,102577,96014,12694,18222,172944,168620,9623,11273,10347,4652,9681,156,36174,18379,34660,337,38784,24196,37342,174,55987,35395,52832,764,FL-04
20264,14080,6950,11748,68112,51794,19717,21459,102244,89495,19477,17916,119408,114140,9199,12718,18615,5787,18128,183,52929,24428,51521,514,48302,24349,46777,114,50662,28835,47590,0,FL-13
31654,22697,9673,24873,81536,66135,16825,31842,89018,77967,13900,21857,110531,106212,6592,15466,37145,5475,35618,1782,30098,7264,28558,839,24133,6410,22950,280,24799,8832,22494,471,FL-26
16964,13250,4856,9898,64491,55348,11535,21911,90870,83012,10025,22726,149325,143740,7033,16992,17100,6026,15608,557,41066,17290,39066,297,40844,20246,39685,293,67302,37240,63529,667,FL-22
32698,22521,11482,15411,101512,76356,30679,32557,131856,113295,26951,21347,110646,104630,11420,11578,28613,8594,28074,519,48222,23779,46720,1609,37505,20944,37165,577,34812,20431,33506,418,FL-09
25522,17585,9744,14985,77771,63119,18602,28821,85930,77701,14390,17377,102610,96922,8456,9572,22213,9675,21761,752,67198,39258,65897,442,75264,46431,74468,0,102598,69064,99738,785,FL-19
20219,10787,11110,11546,82406,61872,27787,27390,116848,99152,28901,21502,94504,92195,8046,7941,16344,8228,16217,57,40180,25047,39669,150,39712,28787,38894,0,37762,27348,36385,60,FL-01
19531,13077,7948,7312,70263,59933,13829,22314,103768,92175,16263,18890,169664,163709,12174,12583,12056,2944,12056,195,28797,14057,28027,235,35442,17435,34833,94,40390,22458,38977,161,FL-07
24421,16004,9567,19645,60866,49764,11780,23480,76470,67513,11079,15878,163996,156428,9817,18833,35581,3156,34721,1278,33126,4025,32042,305,27630,6376,26842,236,40989,17523,37988,263,FL-27
23390,15403,8704,15225,87575,71853,20103,20968,107332,95681,18846,12889,96571,93652,7150,5543,15154,6440,15020,83,43160,23307,42102,157,31613,19100,31274,0,25665,16593,24840,69,GA-03
23411,12850,13134,12834,82613,67241,20879,22839,85631,76913,13582,18674,108058,104817,7112,6407,18900,6864,18679,184,37327,21334,36747,123,27990,16245,27310,0,28259,19484,27618,0,GA-10
27395,18054,10188,18872,74215,60107,18588,31531,101264,90171,17477,26096,115198,112461,6860,13555,14614,5858,14282,929,27379,12990,26542,60,27338,14309,26127,75,26012,16760,24767,118,GA-04
23291,11716,12917,10199,59751,41810,20563,21145,75326,62319,16085,16213,193859,187967,9664,14776,13881,3536,13812,229,28144,11540,26842,250,18758,9330,18264,0,35239,23365,33563,127,GA-05
32986,21987,12491,26027,84086,68777,19728,28755,90885,80656,15967,17551,81454,78128,5288,6122,22260,10181,22098,327,45345,26337,44255,469,38845,24795,37820,172,37869,26613,35571,9,GA-09
21186,17304,4372,26013,54522,49734,6199,20437,91582,85690,9179,19435,195127,192770,4928,12338,9712,3225,9236,835,24859,9811,24246,588,21634,11809,20729,544,31033,21144,28217,1268,GA-07
8171,6681,1619,14447,29722,26517,4407,10710,60840,57548,5140,7545,262787,260504,5541,11475,4394,2006,4021,446,15805,8208,15110,0,23229,13265,21957,331,55281,35481,52753,384,GA-06
22663,13905,10234,16597,76034,60437,19414,25041,93560,78898,21517,22602,87400,84235,9246,7121,13026,5467,12825,156,38733,20631,37563,283,33176,18840,32570,405,28688,18975,28115,0,GA-01
17214,13560,4301,19567,57093,51968,7336,21172,92015,85180,11823,17232,176138,174785,5918,12199,11998,4754,11998,122,26354,13629,26216,78,30343,20286,28704,0,33216,21955,31571,318,GA-11
22333,11978,12062,16349,75624,59336,22060,29933,84414,73702,17465,17732,75659,72872,5860,5768,19135,7825,19024,119,44544,28089,43074,620,25451,16654,25115,241,21713,16745,21215,186,GA-08
22211,15869,7835,13533,74421,63629,14264,23131,120556,108062,20056,18571,116789,113181,7014,9507,9905,4340,9518,225,31304,18745,30802,320,45356,28497,44387,62,35512,23909,34971,55,ID-02
17424,12653,5807,2199,73155,59464,16676,5611,105091,94380,16220,4077,132367,128045,9613,3739,20276,9971,19599,100,39870,26271,37669,171,34040,27242,32125,77,40715,31955,39052,62,HI-01
25826,11680,15715,6867,72552,52332,22225,11697,103553,77814,29984,13899,114164,106710,10466,6090,17071,6195,16822,296,36456,21314,35056,111,35127,21670,33810,286,26744,17848,25141,0,IL-01
28188,10257,18876,10064,64454,37673,29293,13485,71284,51842,22121,8765,185626,179511,7709,8336,23715,4256,23009,600,22924,9104,21659,340,22646,9485,21958,125,28506,20629,26600,778,IL-07
25204,9614,16159,8137,86074,58549,30755,14840,111118,82060,33123,11577,77600,68602,11712,5140,14349,5033,14099,206,33406,15898,32337,191,33884,18494,32339,190,21911,14701,20027,91,IL-02
17634,12360,5481,5632,49531,39736,10630,8812,69289,59083,12161,10668,247967,241547,8058,10790,14322,5924,13758,149,25127,11387,23893,193,21400,11732,20534,91,31832,19931,28829,99,IL-05
18299,9938,9172,3499,80274,57958,25605,8686,95522,77768,22716,5165,107017,101553,7947,2642,8958,3909,8897,208,44142,26439,43216,428,30663,20717,29461,156,26626,19022,24443,228,IL-13
10531,8782,1997,3197,47982,43701,5426,5809,84560,77311,9913,6878,199109,194859,6160,5833,7529,4387,7275,240,28388,17386,27370,0,29911,20114,28601,0,52157,36157,48454,456,IL-06
23842,15805,8919,14590,52884,43167,11302,11396,75113,63607,13928,9674,151935,147959,7005,6500,11801,5155,11606,546,25640,15151,24071,57,23535,14343,22591,57,45280,28544,41818,292,IL-10
49873,33089,17558,28160,69288,51332,20579,29857,64614,51319,15166,12941,102169,96041,7819,8161,23809,6569,22539,1044,26129,7653,25108,387,11988,5549,11336,151,11367,6762,10545,121,IL-04
18118,10415,8451,7577,38157,28377,11089,11940,63015,53802,11139,9660,210713,200692,12064,10008,13277,5777,12735,1064,23795,13066,21803,138,28095,17994,26619,22,58540,36611,54982,441,IL-09
22268,9385,14114,3461,84338,59244,29537,11190,113407,89929,31865,10104,80516,75413,7835,4094,15052,7739,14804,0,42295,25884,41859,168,37327,25419,36348,86,24141,17899,22763,0,IL-12
31799,24644,7977,12812,73608,58817,16691,17081,94907,82421,14673,11969,125821,119166,9071,11252,12765,4867,12120,289,27385,16364,26716,175,25297,16734,24208,70,29826,18843,28533,383,IL-08
22241,11382,12249,4472,100261,79264,25543,14139,109447,96541,19746,12005,103138,97025,9390,3921,13722,7180,13633,27,51986,33628,51256,45,28453,18863,27825,53,27332,19180,26385,0,IN-09
21863,12836,10666,8065,102784,81493,26626,15246,101976,86539,20821,8631,78366,73738,5928,2814,13414,6916,13237,725,55313,31275,54835,30,30502,18527,29800,250,23177,14313,22414,0,IN-08
21872,12712,9823,5225,107248,86357,24810,15888,109162,90081,22753,8485,82125,78229,5538,5065,15007,7519,14955,58,48927,30978,48129,162,29725,18172,29085,31,24287,14887,23704,67,IN-01
13561,7800,6148,6392,62915,51148,14562,12800,90893,80019,14357,8189,198887,193249,8626,7679,8907,4524,8907,37,37250,24620,35955,223,27900,17197,27349,0,43586,28614,42003,85,IN-05
40130,17419,25120,17159,98798,70182,33719,23637,95708,76530,24261,11262,98421,92577,8628,6276,14588,5853,14442,653,36890,19599,34723,107,23864,13607,23041,0,16750,9841,15768,0,IN-07
17843,10449,8379,3837,100024,79933,25827,9195,120970,103469,23087,6142,106613,101974,7517,2159,10560,5774,10549,285,60183,39575,58882,241,34180,23320,33305,0,30949,20426,29937,0,IA-01
19701,11362,9073,5889,98805,75948,27828,11713,117858,96917,26784,8968,111032,105780,7758,2835,12753,6774,12597,169,50867,33113,50304,120,36575,25146,35992,165,32653,22776,31654,168,IA-02
21141,17189,4659,10102,67305,59012,12729,14540,96988,89735,13256,12947,76265,74937,3249,4043,10732,5732,10430,251,39084,26098,38516,11,34527,23735,33466,134,29862,21418,28604,474,KS-01
14806,10985,4529,12501,53499,47932,8528,14469,87708,80583,11399,11807,195764,192154,6230,7344,7426,2731,7030,324,25598,14405,24924,132,31081,19730,30083,0,45042,31004,43543,219,KS-03
14164,9093,5874,6739,76138,64174,16514,14161,102818,92829,16484,12039,94762,92311,5166,5028,8222,4891,8165,0,47506,31629,46940,77,32815,22619,31796,48,33375,24523,32036,123,KS-02
24845,10909,15183,7963,91635,62894,35201,12609,101948,77577,28258,9176,128341,121200,10480,4457,16785,7728,16575,284,35969,21077,35439,0,29079,19483,28816,224,33293,23324,31823,0,KY-06
32903,12770,22195,7224,115663,77050,44640,14484,95694,72157,28736,7814,59632,54737,6960,2480,23740,10993,23329,361,55234,32506,54936,28,31066,19755,30839,0,20655,13929,20015,0,KY-01
53194,14996,41303,7602,117804,60915,63549,15661,83554,54152,35904,8388,47432,42667,6254,3113,39899,16611,39711,28,43918,23801,43286,0,22962,14746,22390,18,14648,10910,14007,0,KY-05
37913,11755,28280,8428,105288,68497,42189,21816,89829,72047,25886,10102,63956,58342,8063,2713,19869,6398,19863,58,49194,24516,48797,517,29225,19919,28822,0,24647,18216,22971,50,LA-04
43373,16895,29716,13186,102028,61949,45012,21072,102492,70966,37096,16291,100599,90629,12474,7043,23344,6865,23313,110,40994,15158,38952,252,27269,13509,26359,394,25638,15397,23794,144,LA-02
31489,12850,20362,12425,86371,60451,28471,19171,100526,76892,27939,14003,125939,118845,9901,6383,19130,6015,18857,56,46140,21002,45588,55,31265,15925,30789,41,40037,25277,37931,249,LA-01
40482,12797,30043,9939,107454,65729,48903,20540,77560,57278,25302,11038,57323,50732,8870,3848,19420,6497,19168,172,40341,21358,38674,234,28546,18338,28263,444,25407,16902,24445,0,LA-05
13681,6937,8095,3298,79727,63136,22132,13661,87713,76551,16138,9144,138748,134001,9507,6339,11516,5579,11222,10,41220,24201,40011,84,31724,18092,30774,0,55560,36667,53501,64,ME-01
14764,4847,10816,4129,92324,63833,34333,22756,99425,81109,25873,12357,79425,74166,8407,5831,16918,7539,16850,16,50252,28678,49587,88,35520,22767,34459,0,34594,23984,32448,18,ME-02
20965,9947,12251,4984,94203,74880,24988,8444,99199,85195,18856,5623,123392,117920,8783,2600,16535,9422,16218,9,47642,31763,46726,27,34696,27137,33340,161,41554,34090,39083,0,MD-01
20122,13844,8524,4841,61248,46046,19007,6321,85732,72502,17234,5186,208799,200092,12916,9255,12862,5333,12312,699,25987,17917,24803,533,21490,16218,20417,0,50460,40111,46344,982,MD-03
27673,18139,10545,20721,86999,69555,21557,14800,92573,77323,19073,10592,141787,134753,13386,5759,14389,8476,12697,1342,28692,19677,26015,374,28019,22388,25922,343,31891,26686,29382,611,MD-04
23382,16534,8874,7300,96894,82477,18825,8393,104578,93049,18119,6421,136354,128895,14859,2924,11953,6570,11548,413,33943,23342,32621,71,30179,24665,28193,115,31183,26028,28950,105,MD-05
28589,9704,20761,4409,79253,46986,37276,9619,85728,63282,28066,5939,151982,142197,13752,5289,18454,7344,18040,240,30929,18188,29951,86,24666,17867,23751,230,39408,30982,37618,0,MD-07
23562,12550,12771,3595,90296,64094,31315,13697,103439,84185,26059,7968,131839,126579,11188,5641,18840,9442,18201,456,35860,22520,34951,0,25393,19201,24144,0,26185,19749,24863,4,MD-02
22291,15927,7562,10615,75973,55778,24047,9675,85318,69945,19471,7216,179907,172544,12369,5870,14614,6562,13501,832,30733,20236,29728,166,25939,18442,24809,17,41314,31742,38328,154,MD-06
19093,13551,6626,16425,54847,43786,13083,12272,65530,56603,12073,6331,208354,203454,8289,5345,12036,5832,11700,669,25707,17993,24723,49,24470,18196,22576,190,71906,56317,65930,306,MD-08
16611,9198,8456,2368,69632,52897,21552,4995,75777,62622,17868,2219,213770,204034,15865,3478,14563,7792,14066,318,30279,20152,29429,0,27062,19860,26033,0,51405,35884,47409,205,MA-04
42195,19700,25110,5454,78950,48653,35017,9879,75557,52466,26609,5639,214296,198211,18981,5673,24084,6830,23021,542,24387,10397,23197,543,16050,7141,15103,0,25536,14593,23278,229,MA-07
19719,8058,12575,2162,86470,59649,30780,5419,96540,74877,26924,3616,163198,150460,16729,3211,15552,5477,15404,40,37540,21793,36151,90,30213,19825,29419,64,39013,28428,36142,63,MA-02
24391,10463,16051,2738,91656,64597,31795,6380,97045,75008,27092,4428,132009,121351,14019,3683,15153,8814,14728,0,42345,29286,41318,134,42122,30157,40330,120,66158,50358,62381,64,MA-09
25920,12137,15520,2288,73760,53132,24319,3060,82822,65389,21077,2517,222064,211589,15256,4287,15714,7285,15296,0,40419,24825,38775,245,27970,19776,26137,0,42019,30588,37375,0,MA-08
30958,12511,20647,2655,101682,65691,41546,6503,95427,70339,30409,4651,113302,103673,12528,1923,18266,8039,18018,33,45363,29534,44658,0,31150,20590,29776,0,36310,26899,34250,209,MA-01
16065,8832,8300,2263,57818,38858,22005,3234,61132,49578,14435,3918,256138,242897,17516,3805,11804,5447,11202,49,29158,17730,27628,81,22329,14475,21083,259,55752,41289,49611,461,MA-05
18222,8222,11341,3761,86428,59912,31540,11872,109270,85718,30424,11970,80976,74971,9456,4798,12927,7436,12780,69,58130,40410,57752,208,47538,34260,46887,50,45650,34454,44838,0,MI-01
22420,11857,11709,4928,96184,72379,27220,9677,113512,94413,22873,8628,100186,95551,7812,2818,11817,6087,11427,290,42079,26111,41211,91,36425,22728,36045,51,29558,21094,28867,0,MI-02
28480,8216,22086,3546,72801,40586,36424,12979,93308,65874,32359,10756,117422,108250,11640,4973,13682,6591,13548,237,28364,16781,27879,47,27577,18228,26544,33,38304,28876,36715,40,MI-14
18960,9863,10885,8896,91919,69783,25622,9102,112481,94659,23473,9114,122573,116917,8239,5671,10432,4488,10432,597,35810,22472,35224,100,34166,22133,33541,0,31841,22492,30808,0,MI-03
26203,8232,19540,3902,90160,55030,42074,10831,122692,91462,39589,8478,68791,63113,8236,2078,15696,9155,15687,76,48508,35633,48122,40,39961,31879,39448,174,21841,17419,21353,0,MI-05
39550,12555,28943,9864,100497,54260,52308,16857,101469,69622,37397,10154,52206,44939,9072,2489,17992,7241,17787,422,34667,19644,33416,420,27934,18714,27266,0,12733,8901,12168,0,MI-13
25053,12288,15148,5177,89922,67043,29205,11507,114485,94973,25668,9432,127846,121292,9215,4103,14365,8309,13799,69,45804,32567,44931,28,33141,24620,32504,0,28117,21900,27576,216,MI-09
13367,7496,6714,2245,64201,49863,17061,8825,105484,90034,20926,7861,159718,152042,10254,5055,9236,5608,9114,47,30571,21570,30018,100,35288,26044,34063,40,40233,31480,37967,0,MI-08
13842,8119,6426,4703,75799,57663,22696,7484,124104,104372,25212,7296,74944,70513,6519,2574,13582,8330,13487,57,53357,37312,52321,70,35601,26060,34934,46,25292,18651,24702,82,MN-07
14219,8207,6652,2879,80459,64973,19789,6859,128029,114020,17656,7087,126064,121236,7292,3363,9626,6497,8829,11,34311,25079,33715,0,29175,20613,28736,0,22168,17064,21529,0,MN-06
13713,8209,6110,5717,70403,57341,15849,8976,104329,89799,18848,9547,105542,101286,6792,3927,9515,4971,9494,105,44611,29818,43981,93,32777,23955,32032,8,28965,22148,28237,19,MN-01
13458,8613,5407,3514,54188,44070,12840,4878,99524,86147,16173,4666,198010,191952,8496,3712,4574,2595,4128,67,26567,17347,25755,101,34671,25916,33058,0,48741,35464,46126,0,MN-03
20329,7345,13926,7796,53183,34915,21053,8468,90748,69320,24037,11151,188492,177457,13939,7009,8528,1953,8351,509,23030,13308,22357,233,25447,15500,24692,0,37061,26386,35112,0,MN-05
25831,15025,11883,14138,80300,63488,21727,19195,102065,87894,19711,19604,121602,115690,10231,5748,19453,6880,19046,209,41234,19852,40243,35,36377,21820,35997,0,32394,21505,31131,20,NC-13
24697,13202,13123,14012,71056,52585,22597,16388,104827,90820,21654,12750,147770,144528,6482,5523,15598,6704,15433,157,32617,17869,31950,388,35733,21775,34804,194,34154,23995,33122,31,NC-09
13681,8827,5535,2816,74722,63734,15070,12258,129009,116191,19126,10457,114853,111744,6625,4502,12509,7029,12444,130,38781,26055,38137,132,34594,24605,33644,104,27342,19394,25735,197,ND-00
22208,10522,12701,4383,96010,68821,32689,12955,90421,69753,24491,10740,128469,124492,6888,2977,19841,8536,19638,0,43721,23142,42439,83,28895,18018,28085,102,32931,22490,31566,150,OH-02
23904,10596,14306,5335,119450,84527,39931,15604,97059,79795,22240,7407,62584,58436,6098,3220,17233,7410,17018,209,67044,38758,65844,145,31806,20317,31092,0,20064,13557,18929,85,OH-06
20509,11982,9711,5095,118748,95248,29001,11149,107632,91442,20712,7295,71173,68160,4744,1885,14391,7238,14347,119,56572,36768,55218,33,30942,19987,30361,68,23775,17070,23417,0,OH-04
11105,6987,4849,7506,88602,70465,21579,7120,95044,85486,13674,6743,134099,128575,8123,4635,11694,6142,11263,764,52441,31939,51522,119,40116,25586,38471,0,38933,25440,37266,0,OH-16
30406,8589,22956,3842,77698,43442,37078,12321,106681,70541,42880,8240,95224,88767,8740,2592,16633,5804,16407,75,36726,17632,35964,0,32050,15910,31110,24,29681,17800,28148,43,OH-11
20876,9951,12504,4134,110957,82942,32953,13780,97852,80837,21561,7391,92690,88453,6607,2961,15264,6944,15066,595,50699,29470,49142,129,30295,18839,29079,101,24208,17203,23196,143,OH-08
24153,17449,7532,16096,76344,63229,16570,26949,102993,92498,15823,23672,121711,118438,6500,9796,12002,5921,11553,378,32598,19502,31908,706,36334,22025,35390,281,38028,25832,35933,101,OK-01
28099,19236,10151,24886,80739,63160,21549,29082,91753,80023,16850,20030,121237,117335,8226,8472,12165,4463,11888,471,30498,17330,29148,358,35993,23477,34841,165,35548,27253,33778,0,OK-05
30460,18152,13864,9978,73393,52700,25272,11884,125454,100772,31215,13849,210134,197002,17838,10716,9483,2564,9392,758,25798,13636,24999,256,34381,19292,33250,583,47679,30286,45464,205,OR-03
25432,14147,12401,7107,84361,58608,31850,12487,135422,101120,44154,13505,103360,91788,15727,5741,12706,4924,12626,65,47287,23574,46826,140,65168,36328,64209,159,51193,32234,49789,310,OR-04
27261,16305,13559,3845,68605,48572,24484,6554,62602,51222,15634,3073,90854,85228,7298,3453,14388,6748,14007,332,26846,16603,25525,183,20246,12934,19763,169,25620,17495,24880,181,RI-01
31835,16616,17353,11736,86262,66503,26140,17079,90928,78938,19372,15292,77983,73724,6322,3160,17735,7623,17438,252,46040,23449,44879,126,34851,20557,34439,114,30407,19865,29467,0,SC-03
24031,11484,13660,18421,94024,70932,28965,32310,91027,75426,21551,15977,71539,67519,6942,6404,24752,9797,24734,241,53581,32716,53147,155,44421,32182,44005,0,39352,30533,38550,0,SC-07
27204,15515,12607,16589,76619,57769,25240,22278,76851,60873,23067,16127,68725,65421,7395,5349,18932,6338,18907,34,35437,19645,34060,134,28575,16794,27250,43,20592,15620,20135,195,SC-06
24503,10402,15523,13369,87705,64932,27911,25482,102213,85708,21887,13025,98523,94807,6202,3914,23674,11301,23460,10,46654,26304,46222,423,34561,22702,33532,88,32016,22693,30645,219,TN-03
24799,14416,11920,12765,91714,71136,26534,23857,93874,82182,18307,12816,86216,82327,7085,5037,17161,7660,16884,431,44030,22662,43075,124,36202,20711,35271,175,30440,19807,29424,105,AL-01
32903,17454,19267,12729,86440,70751,20067,17837,98706,87420,18290,12636,84448,81462,6750,2602,22201,8810,21877,267,39557,24159,39201,33,29233,19191,28669,0,25987,20312,25282,0,AL-03
22693,15157,9427,11760,76062,61703,18453,17144,95540,86369,17201,14857,123488,120605,8320,4157,15077,8626,15024,0,39842,27761,39355,52,31340,24100,30693,0,36563,30366,34548,291,AL-05
36339,24691,15193,17949,89602,74112,22126,20345,96321,85696,17830,15440,61378,59491,3751,2616,24417,12426,24312,207,48050,26280,47188,153,33006,21853,32691,477,18553,14496,18068,337,AL-04
27180,12450,16596,10722,87751,61545,32090,22241,78818,61021,22810,14498,64637,60648,6135,5678,19165,6950,18633,228,40058,19461,39368,60,27865,15901,27348,314,21848,16025,20652,0,AL-07
23892,12564,13338,11172,78983,64459,19759,20607,91174,79140,20178,13967,72015,69795,7295,4250,20800,8739,20550,0,40160,23112,39612,43,30188,22096,29297,116,25771,19616,25111,65,AL-02
19328,12911,7635,9180,66604,55611,15715,12931,92695,85360,12397,11075,140245,137099,7039,6270,12978,5880,12598,216,31148,18390,30751,9,33069,21333,32187,52,36375,25369,34411,0,AL-06
16610,6457,11139,5773,80249,56208,27747,22994,108228,90011,27807,19223,104790,98947,12285,7253,6586,2473,6366,81,25964,12789,24959,503,28011,18436,27074,132,27629,21265,26377,29,AK-00
26826,11692,15923,10909,71878,43555,32070,20897,109125,80685,34642,20152,74726,69427,7553,6391,18614,4846,18383,505,32491,15816,31891,321,53521,29024,52642,844,47775,32143,46433,0,AZ-01
51865,25129,28932,24492,83990,58466,28754,22978,101952,78138,28192,17165,54636,49641,6886,6356,28136,5649,27604,449,25379,11359,24566,190,25988,12626,25406,515,15377,8901,14738,0,AZ-03
15066,10542,5109,5993,63589,52940,13317,10784,133834,118957,20677,12336,160179,154597,8663,8558,11207,3953,10849,9,38279,21371,37627,273,51305,31860,49538,0,44704,30314,42086,133,AZ-05
28367,15593,15049,6858,88241,63068,31604,16623,119721,93501,33794,16732,70019,63620,9719,5673,24371,13142,23518,0,66884,38770,65621,320,87069,54603,85568,18,50998,33668,50042,0,AZ-04
69308,34385,37574,47807,91281,57955,35715,32821,90039,62719,32276,20195,60048,53223,8720,6497,24554,4732,24163,1230,15087,5935,14766,330,19178,8750,18727,348,10961,5153,10299,387,AZ-07
20243,10922,10684,9941,59929,39039,24639,10966,103065,81276,29860,12084,110241,101175,15793,5001,11607,4547,11254,26,33853,18516,33356,294,52965,30593,52298,99,61972,40203,60070,75,AZ-02
28011,14935,15597,12214,56587,42024,16907,15665,115015,98634,22161,15069,174850,168024,9506,9752,9503,3255,9163,136,32025,16364,30867,507,46768,23297,45133,343,71854,37778,70017,95,AZ-06
22478,14336,9216,9820,72001,57750,17142,8823,132628,115046,26042,11214,110517,104089,11517,5687,11226,5440,10876,186,43739,22683,43070,1422,60452,34226,58907,287,59296,36485,57439,84,AZ-08
36917,23101,15295,16450,95871,70966,30693,21292,92935,73661,25507,14287,118893,111768,10185,4746,18994,7056,18171,635,36324,19453,35867,55,36287,20759,34820,142,29077,18434,27920,45,AR-03
21439,10024,12532,9451,98475,68299,37013,18963,100642,77724,28993,12349,108822,102259,10413,4232,17092,6216,16931,445,38804,21185,37968,0,33420,22222,33088,324,34893,25657,33497,219,AR-02
49865,22483,30767,14220,79492,50560,33305,15662,101301,75134,31689,12368,67638,58480,11294,5070,27870,6723,27605,454,37331,14361,36148,200,53855,28971,52057,191,55797,33611,53409,409,CA-36
81395,52488,31929,29855,74632,52214,24203,19093,78974,65428,15704,11652,77467,67719,11382,6901,24402,5101,23390,1450,17384,5017,16429,278,18956,7102,18219,173,13452,6968,12451,93,CA-46
8580,5458,3330,1485,27230,20845,7378,2698,64441,57645,8631,5915,251605,242369,13555,8462,6504,2335,6380,126,16280,7909,15934,114,31294,17236,29760,65,71683,45129,67776,130,CA-33
27998,17712,11482,3779,67028,51620,17943,4628,96473,85342,14098,3987,218234,211439,8596,2560,17759,5873,17120,702,25635,12496,24267,56,27862,15754,26568,46,37426,24506,33309,404,CA-15
47769,23338,25943,16877,64221,45506,21571,11815,93097,75239,20979,13596,128539,117076,13169,7848,21994,4229,21239,602,21555,8534,20266,0,28564,12818,27073,184,30063,17257,28244,83,CA-47
18281,10744,8698,9540,89654,69173,24786,18687,81822,70966,14948,11259,111666,108531,5747,3812,18398,6820,18000,227,41917,22739,40902,212,30469,18353,29314,0,31559,21828,29525,50,TN-08
29531,19051,11802,12644,113498,92282,26362,20815,100025,85962,19515,12588,103173,99056,8870,5735,23729,9813,23540,80,52191,28997,51469,154,36585,21621,35864,0,27433,18492,26103,0,TN-06
49985,30942,20104,71838,63784,50661,13818,57557,58317,50986,9163,28980,37083,34252,3550,8391,30569,4055,29711,2780,16972,5248,16100,342,10777,5519,10194,200,6024,3116,5588,251,TX-29
25772,17880,8744,25585,86282,69829,19266,31373,90067,78766,16368,22830,63330,61154,5115,7713,26578,6963,26439,620,34921,18074,33362,216,33852,19368,32839,42,24530,16239,23408,453,TX-27
20175,15448,5457,22718,70757,60352,13464,30240,101580,91942,13979,22311,90599,88396,5211,7924,12453,5225,12122,688,32998,19693,31181,0,34451,19259,33464,231,24579,16695,23441,0,TX-14
30419,21031,10004,34494,73545,61871,15890,37462,88783,78665,14267,22640,68438,66020,4332,7459,17092,4820,16422,720,34763,19117,33598,194,34101,20287,33710,22,21117,15220,19424,258,TX-05
25175,17792,8317,14629,70973,63122,12047,32209,111355,103584,12636,22290,194070,189892,8763,12651,11425,3215,10747,116,29308,15022,27214,156,29294,16508,28305,431,39907,26171,37509,241,TX-10
42007,27842,15615,38692,85215,69864,19905,34890,95015,84040,17594,27601,101258,97117,8350,16841,25160,6200,24705,396,26045,14275,24723,333,20772,12581,20436,0,15677,8862,14662,0,TX-35
18362,15039,3720,18606,57150,50454,8510,23743,121614,115357,9310,17847,222674,220564,5823,15828,14281,3512,13607,1948,22027,11114,20497,656,29987,17654,27622,371,37390,24689,34688,519,TX-22
26269,19924,7240,19444,66762,56100,15832,27740,76475,68881,12335,21349,74264,72332,4333,7692,20467,6089,20087,111,29428,16576,28975,23,29575,18125,28851,0,21944,15877,21191,0,TX-19
10367,7705,3447,5430,47855,40897,8920,10787,99018,92333,9932,15754,138094,132602,7540,6154,4614,1996,4345,382,17851,10973,17223,0,29651,17174,28891,107,33501,21705,31106,117,UT-03
19235,14338,5788,10636,68545,60525,10727,17284,116088,106435,12903,14326,113343,109568,5273,6862,6844,2811,6436,948,26442,16486,26020,0,40138,27495,38956,492,34564,21000,33092,0,UT-02
25059,13772,13351,7785,89220,66971,28412,16101,110899,91230,26551,14311,92872,87064,12182,3740,16786,7991,16724,464,32498,21097,32001,80,28595,18388,28210,99,26785,20573,26497,91,VA-03
27561,14806,14676,10840,91172,69181,26755,14133,103082,87282,23336,9725,119220,114529,10126,5902,20873,9856,20110,657,34351,23604,32965,0,30363,21130,29565,36,30030,22360,28813,0,VA-04
18152,11299,8328,7314,57603,47146,13696,8395,107291,98374,16387,11076,128170,123754,12292,4422,9650,5811,9094,164,29869,20541,29176,48,33299,25773,31821,0,38311,30350,37407,367,VA-02
26734,16456,12060,8724,96488,77245,22960,17556,89362,77380,16434,8613,101432,97680,7191,4211,23648,12899,23394,214,46594,27341,45755,109,33200,22526,32942,0,33608,23430,32694,120,VA-06
18650,13169,6520,4674,68605,56091,15532,8922,114477,100544,19490,8993,198133,190382,11367,4850,6716,3190,6366,127,25254,15241,24673,117,36086,23220,34479,216,42424,27547,38810,633,WA-01
17595,7674,10914,4635,72495,48403,27708,10072,131816,98050,44687,8588,101230,92370,12481,4408,7649,3057,7263,149,28908,15150,28474,152,46953,27914,46026,608,40828,26719,39956,62,WA-05
22190,15346,7702,7748,73970,58308,19354,9623,129553,105014,30649,14489,124718,116873,11595,4436,9218,3500,8805,0,28882,17587,28255,105,45389,27932,43797,51,45089,31653,43334,0,WA-02
16341,7868,9409,4156,76939,56155,25358,9467,113178,90441,30925,11225,111847,104364,12767,4577,8385,5405,8279,109,35604,25051,34743,0,55224,39299,53882,186,52701,39701,50908,27,WA-06
30141,9795,23167,4881,100366,58826,48658,13196,64446,45869,23758,6715,48379,43780,7226,3002,30423,11437,30423,26,51333,29544,50642,60,23348,15389,22618,28,16082,12025,15678,0,WV-03
20676,12367,9324,6470,83922,66773,21746,12032,111241,97321,18547,7153,116401,112189,6497,3739,9720,5111,9448,487,45590,28687,44626,201,35730,23937,35338,40,29537,18843,28182,113,WI-01
14155,9871,5075,2447,76539,64583,15430,7018,109414,100118,13713,6825,155567,151456,7518,2996,9267,3887,9267,0,49635,31374,48793,9,38920,23727,37711,61,38976,24943,37571,0,WI-05
14068,9232,5291,4637,69315,57894,14430,8292,101635,87712,17849,5796,179527,174079,8836,4246,6598,3406,6493,319,36965,24942,36086,54,29256,20666,27980,84,42658,32650,41236,23,WI-02
9663,7178,2938,4680,64725,56022,12283,17561,86949,78950,12766,15341,73400,71205,4795,7360,5658,2735,5575,22,30128,17373,29507,21,29839,18363,29484,67,30447,21502,29996,0,WY-00
17754,8972,10440,2298,106166,79100,32954,10896,91865,75289,20688,6236,96219,91328,6797,2918,14093,7792,13989,21,65356,43794,64388,0,31846,21561,30720,0,34064,25920,32645,0,PA-14
23312,14208,9714,7422,71943,56643,18784,7879,67509,57797,12675,4846,178523,172677,8558,3345,10556,5610,10229,117,37614,24148,36410,89,24966,16855,24216,0,44497,31769,42822,133,PA-06
20411,12955,9453,8717,119476,91918,35017,12198,74035,64175,14261,6856,79332,75661,5904,2985,16768,9370,16525,335,63314,43026,62001,327,26002,18022,25540,81,28246,20893,27210,0,PA-12
11276,7057,4679,2947,51662,46491,7827,6342,85035,80887,6118,6814,210723,208282,5689,4719,8763,3736,8565,229,37087,20133,36383,0,40507,23910,39753,143,59200,36115,55828,114,MO-02
22691,10864,12598,8355,80815,55539,29689,18477,96698,80183,22996,14627,129767,125713,6796,4977,14438,3705,14378,250,32058,12812,31270,0,29544,13699,28630,457,26384,16175,25252,90,MO-01
20030,11922,8849,12780,96725,77295,22346,23288,102853,91363,17027,18280,115961,112039,6695,7644,11512,4637,11352,767,42776,24735,41699,210,34461,21167,33271,0,29143,18246,28081,143,MO-05
14899,11797,3691,6429,56387,48877,10324,9647,98049,90426,12549,10806,103958,101893,4363,3213,7849,4288,7706,0,34406,20372,33584,44,29629,19885,28778,14,25913,18652,24918,0,NE-01
15567,11360,4847,11032,52808,44606,10077,12276,86752,79594,12234,8751,146902,144160,6663,6641,5754,2215,5513,71,26556,13298,25781,71,27513,17387,26054,0,27404,17370,25957,0,NE-02
36701,26288,12079,16038,97360,74388,27047,17560,112623,91910,28096,13332,71051,64533,10056,5050,13945,4616,13386,1388,35105,16652,33994,18,42658,21991,41524,202,29081,15711,28455,68,NV-04
17168,10759,7778,3791,80054,64303,18384,15998,91444,78978,15702,8885,135518,130830,7700,5446,9535,4174,9348,162,35620,23455,34968,0,31720,20179,30403,0,44205,33494,41844,18,NH-01
13614,8766,6066,3406,90688,74596,20788,10939,94669,83927,14523,5219,138403,132046,10083,3899,13889,7448,13631,95,56821,41334,55724,0,34162,24998,32934,41,40835,30162,39127,107,NJ-03
12262,8254,4853,5722,69679,57073,17114,9993,80073,67211,16867,5482,165086,155867,13512,5272,10344,4933,10224,215,47605,31091,46321,374,32762,21765,31467,118,49277,36670,47331,0,NJ-04
23558,13515,11127,12176,98896,75323,29159,15329,88333,71356,21403,7050,93524,88681,7519,3826,19205,9046,19025,241,50557,33631,49889,809,29203,20025,28826,0,35269,25726,33576,455,NJ-02
10216,8241,2425,2800,52885,46723,7503,6760,66624,59659,8630,3869,222973,215962,9622,4763,8957,4052,8801,583,34946,22057,33295,415,21945,14585,21336,0,58932,42985,55271,495,NJ-11
36872,20268,17618,28594,89409,60457,30310,32507,60897,45479,16934,15487,152525,142567,11408,12731,29765,6826,29428,1851,23388,8372,22068,462,11323,5233,10701,566,13657,6495,12452,595,NJ-08
40087,13929,27641,13592,76720,46569,35973,14501,94545,63017,38767,10462,57978,51068,9306,5972,27295,6785,27034,763,33648,19341,32609,328,32001,20033,31500,418,28532,18421,27224,124,NM-02
22738,9167,15318,2288,70348,51397,22962,6316,99425,83829,20342,3775,151858,143023,11276,3241,10484,5213,10328,129,39751,29852,39138,0,31375,22737,30805,0,42341,35096,40050,0,NY-20
27491,10310,18476,3285,100916,68320,39008,8140,98484,78148,26866,4929,84572,77558,9824,1676,17597,9153,17536,108,45836,29403,45190,36,32704,23299,32124,0,30004,23474,29705,0,NY-21
27638,17349,12401,7428,70739,54760,19861,7423,81684,72568,12516,5579,168873,159397,13214,5441,14424,6541,13534,174,37810,23226,35674,194,24342,17000,22438,506,42493,32501,39492,188,NY-04
28261,10956,19887,3376,91173,60572,35749,6848,99166,78469,26252,5510,89467,81844,9653,2139,13196,6216,13132,94,48589,29673,47728,87,36828,24971,36344,0,27888,21004,26753,0,NY-22
22525,11137,12589,2676,93580,70578,29120,9078,96873,76407,25219,7766,107062,96419,13260,3584,16338,7939,15965,397,47387,30919,45744,127,36118,24448,35344,61,44321,32488,42870,18,NY-19
14701,8919,6909,3325,90219,72214,24324,5658,111344,93996,22177,4115,128245,120520,11607,2091,12424,7812,12424,0,55014,37568,53406,23,33983,22743,33506,48,37865,28310,36520,19,NY-27
46587,25122,26314,19461,81697,49381,37187,25479,77933,59233,22839,9366,107875,94375,16945,9046,31958,10668,30632,1087,33289,12163,32072,610,14708,6404,13858,81,18972,10813,17932,595,NY-14
25286,11515,16796,3894,87371,62200,30175,7124,104092,84286,26481,4170,114216,106807,10913,2832,13188,6070,13119,98,41101,25110,40085,270,32863,23338,31909,11,33200,24363,31737,90,NY-24
30286,16806,14589,22694,59669,44619,17131,16956,96551,78985,21442,10999,117597,110003,9874,5180,15927,4591,15254,495,20485,11063,19310,111,33332,21448,31573,0,45872,31295,43974,174,CA-26
49402,28529,22208,12883,64543,47267,19631,8595,95888,79592,19072,7761,148573,140207,10971,3683,25741,7334,24965,415,20361,9544,19576,340,25587,14826,24247,103,31645,19205,28587,96,CA-19
35318,20952,15125,20561,51266,37252,16116,9808,87574,71820,19933,9363,107249,101196,8467,4858,11652,4097,11592,211,22657,14618,22050,239,41720,28942,40803,257,52290,36196,50383,180,CA-24
43251,17990,26427,7890,87931,53675,38020,12734,114803,82811,37655,11279,115205,102146,15991,4471,16402,4639,15765,252,24014,12993,21985,42,31082,21444,29471,135,27723,19784,26646,0,CA-06
40240,21624,20019,13438,56658,39428,19162,8588,96707,77423,22316,6244,170746,161156,12499,5272,10471,3284,10036,612,19918,10783,19362,82,33800,23807,32337,0,59622,41134,56367,202,CA-11
43756,17527,27796,15157,85827,56002,34008,13138,100378,70283,35657,11746,55031,47827,10162,2723,14425,2825,14329,328,24474,9313,23523,90,38725,16929,38298,146,15640,8051,15234,218,CA-08
23329,12062,12483,10106,56630,36685,21648,11151,87831,69272,21899,11104,200068,180353,23097,15333,21744,4393,20946,1158,22913,5332,22187,203,27317,11680,25544,551,36919,19045,34166,537,CA-28
34913,19281,16831,3683,45297,29321,18050,4721,72625,58041,17227,6236,309080,296351,17478,9679,28005,7232,26370,808,19135,9955,17927,56,22921,13154,21253,136,48109,30337,45331,183,CA-12
19054,11927,8459,3406,66575,50598,19301,7390,122382,102114,27564,9427,136294,128809,10183,4372,13922,6641,13922,86,36192,22057,35647,22,65049,46810,62844,52,50792,36986,48767,410,CA-04
64524,38404,28988,24495,93182,62696,33784,20884,105580,79633,29601,11726,62849,55418,9685,2829,19585,2237,19231,973,17483,5743,17108,250,20971,9395,19865,106,14945,7272,14181,38,CA-41
25779,16163,10487,2940,49779,40627,10551,4043,78518,68725,12590,3078,292237,282109,13246,7338,17015,5212,15561,418,17144,7392,15860,534,21158,11827,19983,0,35787,21499,32161,658,CA-17
46462,25086,22454,14388,77590,58128,22495,13596,107921,93556,18845,10621,88371,80720,9767,5014,28768,5815,27887,339,27664,9719,26614,244,26667,13548,25217,279,24221,11415,22863,390,CA-38
14031,7229,8296,4789,70380,53048,23113,10921,121389,93602,37825,16616,144543,132659,23254,7486,7299,2429,7100,70,25967,14092,25533,10,39810,24547,39369,89,45669,28563,44242,103,CO-05
35007,25263,11162,11260,86428,65954,24770,14645,105487,89679,20225,13033,156645,148855,11585,7212,10795,4551,9561,132,32259,17336,31544,260,32506,20066,30657,50,33571,19953,31776,38,CO-07
33528,17562,19288,11147,120656,88782,38743,15354,117507,99682,24559,9429,160794,152020,14646,6303,18731,9366,18461,267,61052,41407,60205,278,49689,35792,48892,0,55679,40766,54141,47,DE-00
21795,10461,13042,4448,80576,57455,28548,8823,91612,74968,22103,6295,142122,135498,8939,5480,18355,8903,17648,133,35283,21459,34475,197,27792,16994,26393,98,38219,25800,36378,157,CT-01
27018,11676,16351,7961,87698,61989,30136,8886,79816,62539,19509,7633,129791,121515,11521,5133,17208,5694,17037,466,38457,20438,36944,84,30970,18078,29872,37,40337,27532,38239,286,CT-05
25893,14572,12737,17244,84302,65353,22639,27894,91550,79557,16579,18397,161469,155696,10195,15422,17619,3832,16912,674,30882,9332,30584,341,27337,13161,26582,46,33131,15696,31534,507,FL-14
20182,14784,6194,15897,81053,66626,18594,32753,105047,93462,16922,20056,116760,112814,7569,8981,17296,7332,15888,1760,67437,32219,66443,623,61910,34437,60571,33,86013,53387,82391,1142,FL-16
31601,18810,14643,16021,94092,75450,23272,26045,112078,96891,21525,22180,98771,93477,8809,11694,18705,5805,18190,448,44214,21580,42690,682,35533,17927,34884,407,29695,16688,28490,504,FL-15
20123,11044,10258,9267,79722,61076,24366,31016,100474,87386,18143,24795,114427,108815,9154,9161,21563,7439,21283,207,71720,30948,71037,247,57269,28952,56136,302,44303,25363,42801,342,FL-12
20183,11805,9768,13715,77608,59862,21476,23062,90738,77550,19974,14932,79001,75618,6760,5043,15996,5663,15920,259,49149,29509,48668,24,41841,26061,41193,193,37132,27333,36064,211,FL-02
22292,16221,6615,21897,60957,48277,14391,24446,84715,76426,11641,18979,122816,118643,8164,15955,18993,5863,18722,1492,51070,22359,50311,1874,55527,27181,53727,558,79051,47872,76129,616,FL-21
22661,18127,5763,14747,89459,77487,16764,25214,111812,99438,20906,18791,117745,113536,7549,12036,13291,5171,12651,564,30235,16842,28498,199,24174,15420,22298,35,18674,12387,17429,0,GA-13
23526,11597,14004,14550,74829,56773,22416,24962,90601,75326,23384,18693,53842,50879,5927,5255,25195,6783,25014,1086,33604,15461,32902,314,25360,14966,25066,99,18914,12954,18595,93,GA-02
42279,29652,15438,21291,94260,74316,24867,25002,95954,86280,15159,15380,62818,60180,4874,5129,22218,9545,21407,232,38442,21230,37913,380,26130,15324,25970,146,20167,13830,19997,0,GA-14
24983,14323,12470,17740,90954,72290,24174,23608,83476,70236,21337,18267,74394,70964,8064,4224,20359,8817,19757,453,38412,20801,37628,0,26272,15746,26049,256,20696,14591,20287,269,GA-12
22851,16413,8052,13470,89736,77994,16858,25152,147516,132213,24286,25591,115466,111882,9820,7330,14205,7672,13835,92,45766,25417,45280,116,55768,36807,54946,216,44879,30285,43647,89,ID-01
16471,12415,5118,2241,98719,73785,29601,7920,102069,86009,21958,6463,92714,85780,11223,3881,14604,8070,14463,274,32594,22568,31406,313,38619,27897,37058,70,43330,31484,41992,477,HI-02
12994,6466,7357,2478,81122,61455,22851,8361,95776,82300,17609,7443,120681,117164,5658,3353,9809,5559,9709,128,48494,32100,47875,0,37739,26766,37099,32,35089,25062,33440,387,IL-18
13772,9495,4628,5116,68233,59361,11225,7873,98051,88246,11625,7170,167785,164856,5768,4268,8199,5268,8039,531,31704,21986,30437,466,32572,20312,31504,238,32507,21431,30678,0,IL-14
21591,13260,9502,4659,95409,76157,24070,8370,114546,99072,20413,6693,81309,77239,6074,2351,12535,6955,12325,431,49187,32320,47956,0,37039,25665,36162,0,25683,18718,24702,19,IL-16
26189,11860,15408,6112,92403,60892,35021,11237,102592,79683,27366,9062,64053,59935,6043,1898,12633,6419,12533,303,47623,30737,46895,189,38568,25088,37419,160,23807,16301,22979,41,IL-17
28321,19691,9269,9212,79988,60913,21687,13516,88724,77300,13532,14365,112887,106705,8035,7035,18226,7760,17519,1015,40385,23199,39035,154,25180,15352,23603,207,27027,19084,25648,102,IL-03
30218,20890,10032,14150,71903,57348,16991,12668,88891,75097,16965,8068,137600,132823,6925,7186,10366,4991,9966,476,26875,16105,26554,160,22130,14947,21277,0,29911,20020,28175,49,IL-11
18318,7891,11758,6146,87021,62152,28795,12276,116114,95070,26675,8076,75086,71537,5814,2909,14164,7603,14164,476,53603,33531,52679,104,38645,25377,37949,0,20149,14782,19637,70,IL-15
29963,18469,12590,12912,102094,79560,26270,17196,87201,75109,14664,12533,75434,72056,4505,3756,14350,6316,14074,198,48866,27254,47780,145,28455,17457,27120,21,25212,16018,24338,148,IN-02
25509,12232,14050,7726,108755,84069,30718,15728,96784,79894,21070,10584,79125,74566,6719,3327,18046,8293,17967,180,54638,34010,53633,175,31010,20533,30223,135,19768,13490,19464,191,IN-06
28778,17349,12369,17027,94556,74995,23395,16013,102852,90006,17389,10922,88306,83943,7339,5389,12012,6535,11702,892,48068,28134,47100,88,29841,17027,29245,81,24816,13903,23776,97,IN-03
26443,16171,11330,8135,98537,82524,19240,14157,101965,89821,16465,12036,99888,96584,5654,4072,11137,5667,11002,0,50006,30946,49380,0,29378,18013,28873,0,25591,16144,24739,0,IN-04
19686,13160,7312,5950,88705,69882,21900,9804,121531,104612,21819,6343,89929,85643,6663,4500,11860,6457,11470,91,59104,38112,57983,209,35714,23302,35024,0,29576,20061,28899,20,IA-04
23786,14427,11044,5360,85973,65077,26390,9606,130120,109332,27557,9069,155416,149214,10759,4137,10177,5148,10045,225,45164,28145,44718,151,34793,22129,33553,123,34430,21887,33337,0,IA-03
20888,14145,7968,10527,72084,61066,16208,16206,100591,87379,18816,16742,101714,98938,5458,5937,9459,3749,9418,405,35189,21475,34271,89,36329,24507,35419,35,31052,20619,30302,403,KS-04
33448,13933,21373,5716,112578,79573,39601,13125,113372,91146,30042,9182,85882,81188,9203,1881,21593,10344,21521,101,48038,29845,47368,263,29436,19038,29051,81,23151,18567,22089,102,KY-02
24771,10170,16284,4795,80722,53130,30891,11558,107470,83194,29495,8877,131348,123226,10752,5066,12867,6219,12570,126,41085,24514,40336,23,32774,21200,32063,0,33992,24066,32599,0,KY-03
28184,15107,15156,5702,96955,72141,29499,11073,111743,95786,23251,8351,115361,110522,7801,2847,17133,8422,16775,258,45110,27201,44707,9,28097,18910,27592,78,28874,20153,28242,132,KY-04
29107,14684,16628,9391,99152,71213,31863,22420,99072,85482,16800,10654,119995,115675,8701,7796,15298,5829,15261,155,41493,19635,40409,652,28770,17939,27723,95,27326,19698,25249,0,LA-06
37407,16957,22730,10556,122939,83132,44386,18251,97735,75426,27122,9108,91244,85568,7435,5022,23807,8670,23442,511,43505,23938,41837,629,24421,15018,23486,0,22642,15174,21235,194,LA-03
24546,11477,14260,1921,74878,59405,18967,5372,80731,66477,18439,2659,200088,190570,13536,2703,13175,7023,13024,68,41376,28334,40133,124,35225,26932,33591,0,52696,37438,49583,226,MA-06
31438,13561,19919,2697,97136,61895,41276,6913,96677,74540,27857,5593,160814,152519,12299,2743,16603,6567,16512,190,32546,18432,31482,225,24682,17289,23353,204,37897,26085,35198,0,MA-03
20436,10428,11316,4635,91049,71151,25957,11301,110373,93261,21780,7909,96787,92507,6906,3491,13358,7575,13253,96,47910,33581,47129,169,40107,29129,38969,35,31529,25850,30468,0,MI-07
24521,11616,14031,6319,84793,63169,26313,11728,107891,90266,21635,9937,94193,89390,7158,4489,13172,6656,13030,0,42028,28089,41383,31,35515,25033,34807,144,35166,26685,34160,43,MI-06
21819,13269,10210,5634,92609,71932,26084,9753,124493,109403,20544,9366,95459,92188,6198,3454,12673,7991,12526,84,52640,39120,51761,91,45300,37307,44213,55,26118,20514,25811,0,MI-10
20327,8980,13043,5401,91180,64602,32291,13037,106896,85170,28931,8385,81922,76723,7342,3002,12231,8348,12038,17,56881,40928,56583,31,39971,29942,39697,77,26212,20194,25802,45,MI-04
10591,6404,5068,1761,53901,43106,13245,5310,100928,90235,13925,6186,201318,196642,7354,5466,10081,6212,9711,203,32960,22748,31659,127,37320,28958,35992,58,46758,34830,44958,88,MI-11
22001,9993,13336,4461,79232,56072,28781,7049,98159,80175,23965,5668,122518,115382,10332,3124,13694,7403,13547,238,33716,23646,32589,0,27760,20754,27258,90,31329,23612,29031,0,MI-12
12576,8589,4520,3526,64798,51282,16227,6537,115529,102426,16437,6245,154218,148816,8942,3451,6373,3442,6332,182,29727,21153,28747,8,29977,22129,28823,159,34349,25335,32274,32,MN-02
15017,7341,8370,2279,82872,60460,26513,8653,123324,100283,29383,8388,80588,74572,8301,2790,11567,6403,11443,77,52430,37174,51673,255,40500,29104,39778,110,31824,25157,31121,8,MN-08
22583,9825,13679,3574,60473,41100,21438,11254,91408,75201,19965,6715,164699,154528,13017,4453,8429,3389,8186,132,28904,18553,28159,0,26155,17855,24841,252,41430,32037,40050,42,MN-04
23386,12899,11424,16737,56578,41827,16758,19040,115906,94730,26466,19177,169571,159732,13132,11297,8248,1714,8248,448,20335,9314,19999,154,30688,17057,29231,47,38300,22769,36426,150,AZ-09
30760,13262,18627,6918,111910,72798,44501,19952,94341,69309,30994,12266,58292,52777,8412,2041,25163,8654,25134,0,51833,26538,51212,122,32477,18196,32024,329,16690,11651,16060,0,AR-01
26886,12662,16194,8680,109084,72163,43830,18096,95381,70995,29180,11069,58339,53660,6758,2251,22151,7870,21891,359,52221,26520,51616,78,36225,21305,35710,23,23221,14525,22778,0,AR-04
81368,31042,53998,27386,72404,41733,34262,12027,93967,64411,35613,10038,41719,35200,8506,3286,27281,6633,26776,195,17822,8398,17528,167,24008,13384,23042,14,11590,8279,11267,311,CA-16
52921,20848,33637,21213,50778,30783,21141,14249,86129,63191,26950,12168,163307,152885,13293,8787,22688,4230,21221,1026,17759,6298,16743,356,22336,9217,20734,0,28231,16882,26309,51,CA-37
26568,14908,12923,6649,61782,44939,20494,10734,123876,105911,26195,11861,165774,151018,21504,9565,15475,4637,15205,270,19185,10321,18541,26,30149,16848,28353,233,37811,21176,35095,353,CA-53
46968,23147,24749,14959,77429,50931,28206,14395,105654,83940,25420,10697,97331,88403,12363,5222,18453,4723,17574,800,21173,7943,20122,0,29070,14252,27660,397,21101,12620,20129,50,CA-31
27935,14648,15056,16889,110076,88168,27788,22544,113224,100592,19311,11748,94463,88279,9895,6955,21403,8689,21271,35,42887,23816,42165,178,30988,19217,30293,193,23739,16794,23143,0,TN-04
21120,9218,13770,5602,91257,58865,37747,8300,96390,74658,28109,4780,92961,84095,11689,1932,11616,5507,11561,171,47833,29075,47110,154,36782,23892,36353,87,33540,24878,31947,126,NY-23
35486,20229,19875,6661,67955,47094,25828,10828,78468,60608,22511,6052,154440,142163,15238,6061,29214,13926,27991,488,33040,18691,31874,256,24388,15701,23070,52,42938,29608,39595,401,NY-16
30810,12388,19106,9247,88328,63765,26531,8818,81343,66591,18152,4743,150553,133145,20413,7371,24803,7737,24594,224,42555,20287,40865,27,21389,12379,20030,0,33849,19566,31853,81,NY-11
82106,23426,64050,17043,93654,43879,57226,17264,88654,43481,49984,10721,51234,38733,14521,6071,32776,7036,31831,958,22617,7092,21507,378,11059,4409,10049,0,6410,3323,5771,118,NY-15
40893,16918,27002,5270,112340,69020,47946,9726,81297,57808,26915,5955,149118,131234,20871,8107,26859,6972,25985,715,38774,14426,36872,961,20520,10984,19413,0,28918,13731,27583,0,NY-08
14276,5440,9277,3132,35007,25005,11248,2507,40549,30676,10705,4083,317391,308137,12317,10942,17333,4404,16718,0,16797,6913,16403,463,15812,9092,14790,399,66260,43883,59450,145,NY-12
22256,12322,11456,1922,79273,59264,23990,7547,101076,87232,17676,5920,132786,123964,11365,3527,14630,7722,14281,307,32880,20434,31926,86,27413,19663,26473,23,35366,27126,32080,0,NY-18
29407,16847,14546,20328,70064,53774,22206,23941,90819,74467,21535,17479,109533,105988,6229,6802,21957,7040,21957,514,41717,22545,40301,260,32468,21494,31414,0,29321,21458,28162,133,NC-01
26423,15973,11644,16441,77957,60497,24238,23868,113820,97541,24329,17870,101845,97091,10301,7329,17532,8559,17162,219,48958,28015,48610,271,50544,35830,50005,480,47972,37470,46660,133,NC-07
19001,11250,9387,14325,75799,59143,21573,18128,121638,111410,18145,19349,178940,174859,8672,10816,15465,6378,15439,364,38898,24763,38091,66,34453,23389,33744,241,33797,25379,32688,47,NC-02
32002,20264,13884,22711,89670,71962,21586,25200,105455,90526,20133,15565,97696,94602,7742,5028,21348,8976,20723,420,46910,23981,45963,249,37873,22776,37536,61,32484,21286,31597,0,NC-06
20460,13814,8567,13271,73249,57621,22212,21643,111801,101022,21952,14680,81206,78725,7655,4745,17196,8230,16642,52,42722,28683,41815,177,39148,28765,38624,0,33501,25245,32607,236,NC-03
31548,19739,14468,13428,84818,65007,24356,23704,108790,94927,18421,19775,94315,90671,6435,8252,21163,7536,21017,70,46273,22691,45682,0,41044,23075,40428,442,37047,23758,36331,45,NC-10
14548,11272,4517,15952,47206,38358,11476,14411,85860,75425,15388,13486,251050,243432,11651,13907,8446,2212,8204,359,21033,11870,20525,578,23685,14170,23265,274,46884,33693,45306,479,NC-04
25579,16357,10625,18889,75416,60153,20043,24979,106094,95776,16616,18215,97176,93653,6719,6185,21025,10634,20937,498,46757,28746,46148,86,35370,22450,34670,0,34608,24053,33935,370,NC-05
18478,9346,9874,4728,85536,63788,23956,12223,92988,77189,18974,6091,145968,140303,8015,5350,12729,5729,12521,137,33614,18327,32305,133,25424,14269,24876,31,33132,21559,31945,0,OH-01
26350,14698,12465,18386,78095,64152,17545,24412,106334,91379,22293,23236,87973,84914,6087,9524,21426,11364,21179,297,52640,29365,52279,25,52778,31680,51794,32,49435,34034,49028,108,NC-11
22434,13295,11018,13219,75877,63211,19369,21343,119285,101501,29427,18648,102220,96574,12658,4857,16379,7422,15730,100,40404,22301,38917,139,34678,22103,33825,92,28490,19256,27890,0,NC-08
24602,19177,6947,27764,60004,47453,14776,19762,115896,104031,16586,25733,196269,190146,11304,13678,11718,5034,10956,1126,20610,9554,19952,461,29148,14571,28203,693,26984,17100,25329,793,NC-12
23940,14064,11043,15169,117136,92886,28420,13528,97188,82846,17945,6003,75110,72243,5320,3436,17093,8904,16951,665,61580,38076,60268,164,28631,18138,27760,65,24308,17507,22291,32,OH-07
18039,9931,8692,7534,82020,63360,21961,11138,95369,82294,15916,8027,127706,122993,7078,2251,13656,6008,13145,169,50213,28738,48905,43,39880,26199,38489,308,39426,26692,37911,88,OH-14
32251,11410,21370,12962,96638,65535,34541,18742,109409,86879,27811,16236,120961,111807,11912,8378,13997,3933,13923,959,30014,16847,28913,421,22573,12993,21176,0,18871,10744,17541,436,OH-03
21436,10124,12019,4567,75251,51026,27650,12423,110239,84493,30482,12686,104976,99763,8963,5994,14681,6107,14452,31,40016,21723,39438,124,35688,20141,34610,0,35983,24302,34710,179,OH-10
17243,9551,8544,2803,98299,79679,23544,9162,111117,95760,19646,6910,102394,97921,6156,3749,11249,6598,11181,167,53376,36830,52115,76,31789,23385,31020,0,27979,20321,27157,282,OH-05
23286,8746,15743,5694,105159,69827,38503,17737,97966,74556,27863,8710,80082,73347,8928,4980,15423,6741,15385,79,58725,32705,57860,396,29913,16963,29180,111,28476,18606,27013,133,OH-13
21180,10821,11444,3833,98079,72908,28955,11788,100696,83778,21742,6712,146635,139600,8906,4389,14591,7141,14502,353,45976,29186,45117,157,23374,16778,22667,193,30354,22184,28900,171,OH-15
32933,10676,23754,7317,92478,58823,38580,13919,101328,75416,31552,10482,81499,75267,7978,4046,16931,8289,16783,0,43435,26713,42746,0,29464,17522,28791,0,23182,15019,22543,0,OH-09
16123,7529,9196,4057,79877,59182,24203,10268,95206,80721,18978,9501,177282,173020,6904,5314,12026,6151,11870,111,41696,24033,40419,55,29122,19753,27993,0,39515,26962,37488,246,OH-12
24364,13225,12450,17311,87645,66384,26224,39286,90173,72620,23650,24609,53877,51546,5699,6545,22187,8610,21950,321,50615,25893,49585,393,39234,23024,38580,67,25609,17921,25188,164,OK-02
24460,17032,8513,16232,95864,81487,18278,29077,87761,79462,12569,17406,82876,79683,6650,5292,12785,7043,12591,34,44894,27048,43955,92,36365,24920,35225,88,28817,22001,27959,111,OK-03
21330,14822,7810,10079,93628,77765,22186,24657,105175,96250,18599,16801,93604,91544,7619,6903,16721,7666,16411,301,40176,24911,39243,92,33957,24508,32590,197,26957,20144,26338,0,OK-04
23567,14208,10800,9417,77226,60671,21198,11355,129377,112197,25075,11445,186681,180083,10669,4507,6809,2621,6790,55,27994,14889,26657,104,45641,27878,43388,31,49980,31988,47471,0,OR-01
31613,18824,13944,11831,77512,55447,25484,13526,130727,106170,30479,14210,130258,121973,13145,5926,11690,5311,11381,762,35471,21967,34921,126,55984,36066,54737,79,47236,32595,44873,149,OR-05
31329,15436,19103,9892,88725,58291,35211,16534,126705,92970,42208,16902,102610,92325,14977,6189,16223,7688,16098,404,51669,29737,51209,38,59442,35947,58669,524,50286,33893,49075,73,OR-02
16217,9623,8054,1837,66018,49713,19750,4699,74974,61978,16027,5264,100626,93451,9666,2374,12090,4714,11908,0,31918,14777,30638,0,20132,12741,19468,0,28436,18938,26249,0,RI-02
18293,12449,6920,10719,69591,58729,14819,20167,106186,97160,15544,16792,156189,150962,10493,9300,11943,5336,11829,0,31837,20167,30952,398,43819,31126,42902,150,65197,46241,63790,0,SC-01
25771,13483,13990,15220,69639,59022,13647,18566,105546,94641,14987,12221,122814,119864,6517,8561,19727,6224,19639,0,32924,16372,32254,0,31036,19097,30470,176,37490,25773,36147,536,SC-04
22984,14514,10782,12025,83299,68238,20131,21405,109432,95845,20286,14899,96638,93136,7351,5777,18487,8642,18230,7,40829,23626,39579,152,36792,24589,35694,836,28995,21706,28306,55,SC-05
19847,12187,8651,11589,66401,53695,16376,20106,96507,83264,20740,11528,124254,121999,7495,6119,16710,6846,16311,410,33906,20214,33517,0,31904,21682,31164,158,36461,25967,36020,157,SC-02
19904,11848,8790,9102,89987,76643,18002,24184,125254,114951,17926,15399,125885,122819,7445,6668,13047,5676,12607,162,53178,30971,52045,188,43163,25533,42029,0,37645,25052,35840,42,SD-00
27269,11753,17501,15830,99039,70945,33764,27223,88718,75433,19910,14538,76898,72098,8944,6758,27576,10926,27507,41,54036,26344,53401,298,36442,21002,35834,0,28580,17849,28025,31,TN-01
23912,16062,9678,17159,67521,54474,16330,19480,87452,75454,15654,13538,180096,171874,10670,11000,12229,4886,11679,608,30422,16630,30045,215,23247,13383,22418,606,31773,21171,30460,102,TN-05
23357,14709,9931,8293,91969,69679,29070,20009,91400,80036,20992,12146,129269,124980,10229,5048,19123,7170,18943,52,43245,24921,42600,35,25542,16390,25036,0,30572,19735,29588,0,TN-07
22072,10305,12878,13339,86831,65900,24845,17113,97159,83130,19775,11644,118921,115473,5653,6015,18520,8373,18218,182,44963,26055,44044,323,35940,23845,34709,0,36082,24715,35166,122,TN-02
25583,13195,13865,15972,80769,54641,32116,31552,88862,70760,24279,15134,82599,79118,6741,5766,16686,5669,16485,575,27509,13116,26760,554,26746,14348,25799,0,18200,12287,17261,38,TN-09
34012,23590,11534,45733,59683,48680,13633,37996,69433,63119,9961,26773,62413,60959,4964,8751,35046,6712,34915,2035,19042,8890,18593,407,17737,11048,17566,140,15549,11391,14632,37,TX-28
24186,16945,8090,22455,68135,53164,17554,26409,93589,82922,15405,22808,66341,64273,4065,6785,16266,7757,16013,544,34910,17869,34663,108,42387,26290,41395,62,30246,22713,28856,66,TX-01
17638,15042,4764,22956,41960,37395,5677,23963,78689,71842,10801,24676,193166,188765,8084,16032,6008,1071,5609,1230,13556,5769,12668,121,20839,10975,19826,797,46354,27767,42393,388,TX-07
22807,16902,6641,19396,73650,65399,11405,26478,109736,99845,14220,22302,126034,122253,7894,9395,10437,4217,10293,161,26653,13482,25933,298,30608,15634,29336,223,30107,19478,27518,287,TX-06
27093,18395,10209,16155,68839,55912,16318,25005,91968,80280,16502,16383,115142,111545,6504,6647,14751,7597,14422,225,25213,14750,25033,169,27584,18476,26681,0,28752,21950,26879,117,TX-17
26555,19510,8208,23457,83379,68882,16808,39356,101539,91830,15318,21909,68377,64398,5478,7740,19012,5909,18930,999,36774,15638,35541,69,30170,15885,29021,372,19532,12611,18679,33,TX-36
24777,16649,10062,23611,55131,43919,14187,35292,83756,73472,17632,28901,78098,74779,8531,12672,34026,7524,33271,1126,20477,8415,19839,244,19826,9794,19257,308,14948,10271,14020,117,TX-16
20559,18471,2694,20268,55560,50033,7032,21832,98612,93431,8315,18529,217505,213331,7104,17269,8407,3690,7947,505,18349,10288,17126,1268,25083,15409,23191,124,34453,22198,31617,771,TX-24
62019,47469,16140,76470,62893,51376,13778,46423,50740,41508,10955,21415,37648,34870,3613,9920,23682,5977,22166,2182,15933,5185,15424,0,11420,5245,11304,327,8182,4294,7430,673,TX-33
29078,22536,7447,23349,79848,70148,13156,32297,104714,96837,13709,18504,80704,79265,4323,6811,21852,8560,21762,151,29514,18388,28946,35,38166,24339,37283,101,29569,20358,27982,56,TX-11
33893,24468,10894,55200,57496,47464,11515,40147,66365,60244,10930,26120,66498,63570,6695,13096,36047,5332,35118,2691,17733,8975,17019,134,18435,9775,17901,0,16453,9837,15827,733,TX-15
34879,25356,11302,27382,73768,63236,13608,29962,85290,76800,16064,18602,88212,86645,5721,7128,32760,6795,32008,753,25658,11087,24966,141,23206,13427,22692,275,18706,13580,17680,180,TX-23
23754,17387,6726,19306,83839,71925,13495,28551,107168,99369,12807,22056,125853,123571,5057,13279,12713,3349,12713,467,26337,11551,25973,663,35813,17963,34715,423,32584,18985,31375,221,TX-12
25811,21035,5286,24301,80258,68678,15000,25765,111411,102863,15159,21427,138662,135136,5523,6760,16728,4964,16367,222,34090,18146,32636,1327,40960,22696,39895,117,31823,20733,29743,288,TX-08
32617,21324,12088,46637,54136,41703,14645,38118,61435,50505,13910,24840,39321,38365,1713,9415,43407,7908,43273,1712,20435,8422,19740,305,18874,9703,18600,533,14403,9198,13358,588,TX-34
40413,28080,13407,36439,75949,57859,21399,42012,85902,74840,15266,22508,80317,77400,6090,9999,19971,4755,19098,1277,24853,8448,24329,320,21994,10864,20939,82,16182,9630,15449,0,TX-30
34923,22277,12956,53641,71322,52068,22648,48484,85191,70236,17796,25158,91510,87581,5489,9661,19059,3861,18622,3166,22997,6471,22293,404,19601,8318,19104,198,15649,8527,14216,529,TX-18
20513,14668,6952,24871,51090,43020,10194,22272,86374,80044,10143,18846,179468,175577,7437,12618,13122,3151,12329,1503,19617,7670,18899,55,25493,13802,23936,127,39150,23453,37290,449,TX-02
32811,21162,12537,34627,71774,59489,15844,32578,100141,87824,20934,27970,95322,90457,11062,6779,23644,7247,23353,1503,24661,12297,24025,733,26477,14975,25723,241,18567,13043,18005,442,TX-20
14372,9770,4882,12619,54187,45512,11544,20248,99516,93510,12125,20734,193450,188677,11007,13852,9157,3941,8978,0,28356,17176,27362,219,39309,26413,38238,181,61483,45596,57210,160,TX-21
20122,14841,6041,10987,74665,64393,15914,22711,136327,125447,24930,21277,161373,156154,15984,7472,10719,5720,9058,896,28804,15191,28391,1194,29293,19016,28552,42,38952,28138,37968,194,TX-31
20329,15802,5346,12703,65483,56862,12645,25046,93587,84447,16751,16207,168831,164822,8768,8743,9534,4031,9411,267,28759,15189,27874,302,31657,20381,30715,144,41576,29897,38631,111,TX-25
22087,16705,5740,26841,40205,36013,6367,28369,81484,76779,6638,22943,168885,165181,5872,15014,9144,2085,8896,621,15571,7676,14629,682,25799,14859,24527,0,45590,28585,42435,169,TX-32
12206,10749,2920,11091,52731,48950,5851,18258,104002,100667,5298,15615,260181,257340,6946,16016,7982,3596,6436,671,19489,10363,18080,964,27190,16688,25964,193,47989,28806,44007,263,TX-03
24016,15967,8828,20901,78126,64369,17283,31417,107265,94115,19185,23073,84834,82552,4021,7797,16071,6867,15815,619,38761,22160,37105,647,40668,23995,39407,239,29677,21308,29426,75,TX-04
28719,21802,8253,18300,78010,65042,16236,27374,85733,77821,13417,17009,64354,62558,3991,5585,15826,6068,15480,281,33683,18107,33357,135,34188,23083,33140,307,25483,18264,23877,92,TX-13
19436,16690,3485,14038,67321,61412,8633,13680,120351,114754,10341,20021,218010,215570,7540,15244,9122,3935,8986,32,22425,9995,21717,640,29522,16887,28586,114,36166,24726,34839,67,TX-26
38799,26981,13079,47449,62401,49723,16185,43044,78249,68450,13309,27789,87128,81758,7238,17331,16166,4577,15128,637,20042,6286,18947,1036,23277,9692,22464,442,22920,12829,21301,256,TX-09
16354,6280,10447,2688,79053,53644,29229,8505,74046,57415,19876,5941,120730,110546,13535,3687,9519,4853,9479,43,37882,21285,37439,105,29922,18871,28835,0,44361,32498,43062,35,VT-00
17707,13680,4811,8526,81443,73849,11656,12941,112987,105214,13117,11374,113487,110478,7062,5921,5458,2816,5003,229,21119,12615,20541,316,31334,21979,30375,86,24020,15485,23146,111,UT-01
21146,18221,3902,9842,79621,72216,9243,16699,125531,118660,9942,15096,139020,136284,6308,6926,6237,2546,6001,198,23154,11187,22613,0,29028,17609,28105,280,24251,13948,22925,147,UT-04
24110,16664,8921,9351,83327,72354,14782,15646,106080,96267,17613,9341,155413,150914,12984,6038,14935,8284,14761,280,35561,25176,34547,403,33800,24745,31908,359,42575,35191,40931,646,VA-01
14964,11488,4418,12672,46496,40216,8352,11250,88354,83685,7217,8289,256063,253197,9563,5368,9566,5744,8930,570,25193,15779,24193,384,21707,17028,20852,83,51617,41299,48166,514,VA-10
26121,15172,12212,8730,82345,62219,23526,17727,95763,80691,19461,9707,103011,98398,7331,5031,26562,11334,26382,463,43333,26278,42200,127,41056,26931,39911,0,39168,28740,38120,113,VA-05
21857,15631,7618,9903,77382,65218,15921,14796,97940,87988,14386,11729,168836,162339,10807,6344,12573,6193,12370,240,33747,22391,32814,197,35648,24785,34844,283,46987,35355,44842,916,VA-07
20612,18037,3513,13704,45162,41227,6329,11564,73922,67942,9851,10667,232004,227804,12167,11228,8829,4097,8383,400,14635,9543,13553,740,21126,16555,20139,39,52276,43122,48537,359,VA-11
28682,10500,19442,5724,93334,60556,37199,15746,94006,73375,25898,13590,75056,71148,5674,4006,31665,13296,31560,175,49199,25829,48753,99,35246,21090,34705,0,27179,16591,26340,140,VA-09
18498,14593,4732,17383,37505,32484,6166,12753,62763,54740,10990,10223,280804,274705,14117,10445,8948,3865,8375,476,13908,8661,12877,289,20081,15520,18507,908,54044,44893,50042,313,VA-08
24574,14780,11665,7273,86505,68657,22424,13174,133072,108006,33511,10275,98810,92281,9775,4035,10293,5516,10085,100,38100,25001,37163,65,48355,32701,46625,327,37493,26435,36114,32,WA-03
25230,16453,10584,8618,89638,69334,25811,14147,132588,110783,33472,9320,98484,91670,13040,4767,9214,4364,8689,50,28273,19095,27315,134,40556,31333,39986,87,35081,25680,33361,0,WA-10
38791,19270,20225,31075,71148,50567,24357,20297,96392,76706,24242,9845,72110,67842,7025,3163,16124,6850,15306,1080,28474,19041,27231,0,32996,22042,32158,326,25309,18239,24042,0,WA-04
15827,11263,5331,5153,42130,32762,11980,6760,90555,73785,20329,8212,299492,286671,15975,10707,8154,3327,7765,0,13492,7793,13020,278,28844,16757,27724,324,54780,34787,51943,114,WA-07
29404,19620,11204,8519,63514,47828,18266,12636,102122,83165,23194,10188,185027,178190,10100,6879,12824,3857,11727,691,18822,9355,18512,261,27115,16384,25650,612,40636,25965,38191,466,WA-09
24486,16446,9124,8719,80300,63437,19525,10014,113903,102264,16431,8452,147227,142847,7055,4136,9036,3772,8691,612,27376,17426,26965,77,36264,23967,35343,139,35708,23461,34486,366,WA-08
21455,6732,15720,3755,93003,65456,32877,12698,77275,60249,21681,6210,69915,65309,7588,3539,15712,7744,15705,376,52855,37580,52181,184,25865,17149,25783,12,22976,17615,22355,101,WV-01
22266,9969,13619,6654,108998,76178,40928,14795,78987,62446,22230,6569,71294,64815,8966,2397,20178,10181,20178,246,47764,30140,46991,69,26077,18902,25909,280,24125,18081,23543,221,WV-02
13897,7297,7230,4473,88566,71895,20959,11245,113205,97786,20983,7180,93564,87699,8157,3632,10170,5833,10141,95,54318,34578,53481,94,35032,24447,34441,69,29560,21275,28746,0,WI-03
30202,12575,18583,12729,86048,51871,37315,17458,92173,68429,28719,10095,100391,93409,8298,4634,13943,4599,13469,263,25645,11495,25002,73,19424,9260,18813,0,23638,14705,22616,110,WI-04
16197,10286,6833,6542,99899,80440,24764,11724,120099,104168,22230,8714,87524,84014,6041,3188,13892,8130,13840,118,60330,39445,59556,179,38619,25047,37796,26,32756,23065,32231,412,WI-07
15504,9433,6865,4622,97863,83805,18057,7016,108992,97406,16316,6918,105981,102332,6106,2332,11381,6495,11364,0,56586,31813,55943,147,33967,19410,33397,106,30521,18001,29851,0,WI-06
17268,10461,7521,5197,100161,83824,19798,10926,118970,105341,18472,8399,105001,101668,5586,4140,11715,5147,11314,15,54850,30431,53612,0,33564,18297,32905,0,27512,16378,27064,7,WI-08
181826,24777,160950,24427,381984,111126,279402,58020,370075,185212,195790,56442,445077,353018,103680,41353,270525,38697,269125,3373,187691,47602,183085,1389,91285,34113,88789,619,117992,59207,107661,1423,PR-98
32549,18157,15344,16993,90829,72646,23176,20083,111086,99576,14774,18735,78828,76243,4463,3677,23991,8127,23927,284,43011,22777,42446,14,28426,16372,28066,0,24157,15352,23229,56,MS-01
26242,14335,13830,16398,72258,55846,19035,19880,99364,84254,20210,17734,92321,89544,5660,4346,21937,7724,21875,302,35490,18755,34942,27,33657,20559,33058,0,29311,20473,27949,0,MS-03
24618,14167,11723,14288,78439,57338,26370,30405,116301,98945,24843,24782,72766,70753,6098,7879,17703,6416,17619,200,44429,24887,44135,118,33587,21571,33047,0,28529,19451,27870,50,MS-04
29290,11979,19016,14742,75468,49085,29636,27473,89121,71843,22183,21301,58554,54557,6551,4041,30467,4730,30380,158,30698,13235,30317,23,25306,14173,24158,211,21280,14130,20720,73,MS-02
14205,6210,8717,2434,74505,55165,23421,8040,91454,73583,23041,6103,149832,143412,9838,5133,9084,5214,8941,24,49000,32172,47704,82,32190,21650,31230,0,35417,24818,33672,233,PA-18
22406,11457,11657,4018,108725,84939,28347,11858,93908,78470,19091,6400,114345,108574,8545,4451,19393,7909,19138,12,49768,32326,48315,46,26891,18172,26081,31,30878,21991,29658,111,PA-07
48393,15361,36631,13893,113768,62064,56907,22476,79412,61004,25709,8610,84056,75172,11520,6996,27697,9358,26862,416,34517,18455,33613,0,16374,10466,16012,51,14955,8684,14241,670,PA-02
11459,5965,6288,1502,74173,58184,20253,5369,97159,82086,19089,6491,169474,164842,8078,4801,9863,5807,9775,0,53862,37048,52856,0,33400,22090,32315,0,44153,31234,41019,13,PA-17
12522,8976,4099,4547,82567,68973,16986,8094,89627,79238,13129,3855,163944,160104,5949,4151,11970,7083,11873,142,42439,32314,41500,168,30025,21739,28606,46,45517,33757,42838,216,PA-01
23035,14479,10834,8098,131278,105108,33659,13157,76755,63173,17373,5637,72151,68998,6024,2021,17394,10388,17197,590,70187,48446,68964,579,28608,21308,27918,80,26378,19907,25539,46,PA-13
17897,6653,12362,6247,104614,76002,33847,8722,80137,64254,21171,5570,98601,93238,8258,3442,13741,7090,13570,147,60916,39099,60038,93,27872,18710,27247,12,29884,22228,29021,26,PA-16
21955,11251,11895,2974,111830,79234,39159,13634,93226,75572,23005,9103,84897,77282,10534,4167,13077,7034,12983,454,56580,38534,55622,266,34785,25495,34045,14,28751,20704,27195,12,PA-08
24663,15575,10196,5063,103735,81542,26428,8713,92718,80168,16628,8061,124965,119742,9257,4467,13847,7370,13521,107,53283,36735,51837,254,26756,19594,25745,21,33292,25444,31227,80,PA-10
27111,17341,11638,13019,109077,95028,19610,10383,81786,74017,12531,5872,103636,99761,5212,5750,20530,9555,20444,1293,54593,35426,52979,394,25502,16373,25006,151,29500,21565,28937,196,PA-11
23331,14052,10877,6195,128601,104157,30574,8979,87691,75467,16901,6842,80221,76899,5192,1830,19551,12184,19298,439,68295,46381,67033,226,24131,16342,23427,0,22206,16263,21580,17,PA-09
11393,7855,4533,2648,68279,56213,15823,7097,79868,72511,10406,4595,190478,185713,6987,3554,10336,6689,10066,222,39430,28396,38027,25,28251,21230,26822,26,51172,36655,47904,241,PA-04
16683,7955,10109,4301,130080,101158,36120,11050,80652,68969,17467,5072,72581,67828,6986,2201,15482,9531,15366,104,73159,48060,72490,346,26108,18704,25447,80,22166,16211,21697,0,PA-15
18919,11311,9471,6146,88297,64158,31451,10260,81623,66179,20647,5859,143796,136098,9987,5133,10889,4938,10626,0,43017,24397,41381,370,21282,14457,20051,84,38267,28489,35064,158,PA-05
28593,12047,19668,3574,87258,50993,41583,11307,76546,51658,30199,11623,161508,151325,13104,6951,15450,5403,15102,97,36791,16772,36512,60,21551,11953,21103,59,30438,21080,29144,64,PA-03
23017,11614,12342,14329,92806,72393,24541,25681,101646,89788,18452,18675,91137,87546,6379,7586,17618,6415,17519,524,47848,25214,47117,177,41488,22485,40846,154,28451,17274,28144,0,MO-07
16560,10927,6398,8541,99902,85906,17687,18632,98346,88107,15034,11905,114313,111391,5547,4521,12780,5972,12708,130,55354,32210,54572,0,30742,20758,30332,181,27444,19126,26346,0,MO-06
30244,15666,16243,14020,103954,80832,30424,29137,86575,72863,19526,18346,64828,62078,4954,3817,25616,11618,25510,628,54714,33072,53783,179,32393,19354,32081,177,19794,13868,19296,0,MO-08
20587,14002,8120,8447,97019,86087,15081,17729,123137,115167,12867,12570,119652,117011,5856,3857,15324,6409,15195,68,46271,26193,45511,112,38200,22752,37480,0,30828,20004,29885,0,MO-03
20867,12119,9908,9660,93711,75851,22519,21077,93392,81730,18769,16524,93905,90879,5968,4468,14486,6857,14332,168,51417,30723,50629,161,33442,21455,33279,140,26896,18470,25723,0,MO-04
19928,10877,10831,5392,115451,82753,38091,22219,149899,121021,40120,20818,168415,156052,19708,12146,14736,6207,14612,78,64231,37587,63237,21,61326,35277,59818,325,62405,41269,60917,78,MT-00
18097,14376,4557,5689,63491,54602,11810,12749,94184,85755,13068,12220,65485,63499,3369,4391,10492,5038,10444,126,43247,26276,42373,133,38025,23030,36847,0,23734,14930,22940,9,NE-03
53616,35840,19225,35982,87039,61606,28087,27757,84129,62757,24812,18341,52553,44949,9935,10797,17025,3931,16093,1414,30472,11916,29156,702,29978,12749,28695,467,19631,9734,19015,498,NV-01
21322,17529,4636,4982,96600,79266,21505,14698,143563,125663,24469,18398,153127,144560,13345,9209,9485,3623,8994,394,38774,18360,37227,232,43923,22651,41884,141,47673,27460,46456,138,NV-03
32303,24623,8928,12740,78134,64334,17979,14907,117241,103003,20046,13878,94530,90423,7946,5899,12593,4389,12544,195,31070,15117,30450,60,48135,28693,47101,252,37968,23413,36271,83,NV-02
16034,9536,7273,3636,85020,66917,22855,9926,87880,77308,13244,9406,128393,123241,8443,5083,11398,4763,11349,12,37072,24201,36259,57,32683,21562,31732,67,42744,30913,41016,154,NH-02
23172,12448,12090,5672,94462,69412,28703,11887,96990,79102,23159,8979,130017,122818,10006,3233,15093,6758,15018,56,44490,27937,42730,0,24966,17444,23661,119,30101,23397,27871,225,NJ-01
28286,15813,13345,12031,92964,64323,31340,22898,88558,68792,22615,14491,129546,119336,13509,11021,26501,7706,25578,707,32253,11535,30727,86,17054,8442,15886,0,22346,13249,20158,329,NJ-10
11569,8397,3633,4203,57710,49441,10719,8539,75869,69299,9907,5896,198373,192593,8273,5171,13327,5609,13096,284,39299,23802,37597,192,27673,19050,25777,0,53220,36348,49544,256,NJ-05
11357,8138,3826,7211,57703,48334,11343,11501,65673,60063,7403,5916,218238,212364,8016,5212,8375,4680,8192,219,33891,22456,32899,366,23491,16121,21850,71,54036,37819,49718,306,NJ-07
24856,13813,12072,18579,89016,62553,28284,30306,72296,60556,13789,13030,140169,129569,11768,11802,22409,6284,20868,516,41361,16215,39045,653,18764,10613,17490,125,29568,17662,27712,1309,NJ-09
24658,16926,8733,11568,75252,63619,14981,14497,81237,72265,12462,6759,161227,153862,9414,7693,17224,5567,16429,688,32277,18507,31389,80,19440,12067,18089,92,30776,21078,28932,0,NJ-06
20424,11765,9706,14197,71852,55183,18855,12429,66107,56302,12706,6327,184894,178517,9199,7123,13808,5372,13461,529,35779,21441,34749,231,23972,15670,23187,0,46867,32425,43912,217,NJ-12
25779,10024,17507,13040,69805,42306,32765,13920,96094,72744,32174,9720,115296,102967,17563,3881,14786,4957,14633,305,28454,14661,27805,62,32138,19230,31013,182,44637,30377,43108,217,NM-01
27501,9374,19976,11593,72553,39796,37772,20673,102456,73541,37006,15535,80205,73311,10355,4732,17412,5142,17197,294,30537,14022,29948,371,34926,17615,34132,147,45472,30052,43953,101,NM-03
29409,19502,11658,3195,85897,69427,21506,6779,104105,92752,15923,4152,125207,119295,9320,3018,14011,6805,13654,88,43212,29749,41677,165,28309,20526,26835,143,25213,18845,23883,344,NY-02
28123,9948,20522,1934,67906,43416,29398,3349,96009,76147,25203,5017,150135,138824,15033,3822,14956,7610,14188,0,34961,24157,34100,45,31951,20642,31108,0,40893,28863,39431,87,NY-25
15516,8353,8526,3213,44464,37229,9753,4796,68898,60488,10558,3862,211438,200788,13579,7456,13808,6236,12721,180,36318,21414,34821,187,30814,22013,29484,138,69949,50092,65719,339,NY-03
28469,11473,18478,7250,48214,24232,26549,5331,35685,27973,9650,2603,260335,243540,19961,7694,23938,7254,23515,146,18129,5363,17397,82,17632,7893,17303,104,55946,35709,51275,445,NY-10
67574,25970,46778,13359,88197,49575,44967,14256,80643,50751,34004,8114,132956,116880,19752,10584,39260,6789,38721,1228,20937,6150,20179,0,12634,6591,12301,179,21160,12596,19574,327,NY-13
23468,7570,17644,1606,84763,53932,36894,6008,115382,86959,35117,3994,117225,105481,15253,4345,14605,5965,14310,140,40522,25667,40167,191,35207,23929,34086,0,28367,20178,26680,73,NY-26
34015,13534,22368,6514,79714,47645,34346,13798,73939,53093,23784,7625,156461,140997,17854,9385,22023,5185,20913,896,33649,11661,31730,284,19960,10190,17946,0,33326,20153,29676,94,NY-09
21187,13406,9076,6852,85096,71644,21471,7617,90394,82255,13548,6288,138562,130706,10420,3974,11839,6584,11599,66,37657,26139,36897,346,30708,22149,29725,163,44321,34529,41760,194,NY-01
59789,20961,41462,12929,75447,45274,33471,12138,59511,42856,18974,7708,146639,129461,19174,8954,38030,8370,37255,562,21877,7003,20828,261,9134,5223,8368,0,16083,9765,14666,49,NY-07
23784,13994,10689,7805,57698,42028,19012,5978,74216,59037,18120,4919,181901,172574,14797,4908,12977,5351,12678,264,27351,17142,26173,161,22631,15257,21881,129,54031,38103,51031,137,NY-17
36292,19336,18030,11399,79080,51114,30174,14405,78309,58746,21560,11127,150667,133365,19473,11436,30861,7809,29969,2368,31871,13332,30486,309,21191,10953,20029,258,33340,18609,30858,538,NY-06
42984,22502,22982,13613,100907,66294,38552,12558,102950,75980,30329,10859,100154,85494,17049,7883,28651,8686,26636,625,38623,18393,35616,536,24249,13996,21559,163,23170,15254,20875,676,NY-05
