Under_6_years_With_health_insurance_coverage,Under_6_years_No_health_insurance_coverage,6_to_18_years_With_health_insurance_coverage,6_to_18_years_No_health_insurance_coverage,19_to_25_years_With_health_insurance_coverage,19_to_25_years_No_health_insurance_coverage,26_to_34_years_With_health_insurance_coverage,26_to_34_years_No_health_insurance_coverage,35_to_44_years_With_health_insurance_coverage,35_to_44_years_No_health_insurance_coverage,45_to_54_years_With_health_insurance_coverage,45_to_54_years_No_health_insurance_coverage,55_to_64_years_With_health_insurance_coverage,55_to_64_years_No_health_insurance_coverage,65_to_74_years_With_health_insurance_coverage,65_to_74_years_No_health_insurance_coverage,75_years_and_over_With_health_insurance_coverage,75_years_and_over_No_health_insurance_coverage,stateId
2739,0,5635,447,4520,743,5171,443,4697,171,5112,96,5167,0,3993,0,3065,0,CA-03
,,,,,,,,,,,,,,,,,,CA-21
,,,,,,,,,,,,,,,,,,CA-48
1903,0,5696,0,3739,83,2991,412,2244,97,2177,287,3944,0,1352,0,1054,0,CA-10
1034,0,2687,59,3331,236,6772,1298,5185,705,3277,610,3164,394,2271,0,1215,52,CA-34
1658,140,2713,35,2597,394,3907,247,1999,395,1940,96,2715,117,682,0,467,0,CA-52
1593,68,5125,55,3156,618,6169,832,3800,334,4554,502,4238,255,1500,89,907,294,CA-30
,,,,,,,,,,,,,,,,,,CA-18
,,,,,,,,,,,,,,,,,,CA-20
3268,145,8558,80,4489,0,7350,533,6454,424,6608,376,7124,399,3058,0,1982,0,CA-42
5050,0,17019,112,6460,446,7326,963,7499,457,9280,170,8542,334,4720,0,2193,0,CA-25
1329,302,2129,0,1483,218,2204,355,1835,149,1593,208,3049,0,1246,0,1466,0,CA-32
10196,613,19798,376,9158,1719,21137,2719,16666,2183,17451,1451,20879,917,12479,294,12364,0,CA-43
3481,202,5542,0,3434,143,5744,217,4890,558,4176,176,4784,153,3786,0,2257,0,CA-35
9476,0,19267,0,12498,243,18863,1127,15892,1277,15903,1251,15859,873,13090,164,8562,0,CA-13
6257,385,13961,914,8763,852,12499,2140,9613,911,11811,651,15254,789,10509,44,8086,141,CA-44
410,0,1426,530,1408,189,1384,64,1366,175,2473,0,2338,628,1011,0,579,0,CA-49
2083,95,7954,54,3130,877,7338,637,4850,675,6950,203,6274,70,4526,48,1800,0,CA-05
1275,0,3519,0,2330,707,3505,1284,4741,983,3174,131,2579,559,2289,191,1017,64,CA-29
4039,0,6386,65,4874,144,8034,1047,6231,0,7460,158,7035,55,3319,0,2975,0,CA-07
,,,,,,,,,,,,,,,,,,CA-39
1447,0,2998,104,2124,131,3774,585,1664,296,1880,45,2466,272,1224,0,692,0,CA-50
4517,72,10698,0,4234,530,6345,425,5520,186,4627,66,4747,126,2637,0,934,0,CA-23
3632,68,6897,0,3476,836,3871,1565,3445,1001,4078,554,4360,114,4486,0,2256,0,CA-51
,,,,,,,,,,,,,,,,,,CA-01
3250,35,6178,33,2613,735,5460,807,3886,337,3470,562,3914,116,3217,26,1525,0,CA-40
,,,,,,,,,,,,,,,,,,CA-45
3394,37,3605,273,2909,0,3264,437,2918,0,2141,0,3292,0,982,0,787,0,CA-22
4905,250,14471,746,4704,100,11514,1488,7444,585,7455,201,9542,373,4993,0,3353,0,CA-09
1559,0,2433,51,1636,302,2825,848,3415,366,4313,68,3491,0,2499,0,2853,0,CA-27
535,0,1589,0,1923,192,2150,337,1779,317,2079,0,2973,61,1894,99,2465,0,CA-14
,,,,,,,,,,,,,,,,,,CA-02
4093,352,10675,586,5341,581,8814,1651,8668,644,7117,800,7159,455,5024,304,3467,122,CO-01
,,,,,,,,,,,,,,,,,,CO-03
,,,,,,,,,,,,,,,,,,CO-04
,,,,,,,,,,,,,,,,,,CO-02
6156,750,13023,1957,7186,640,10553,1441,9986,1638,9295,771,9047,283,4900,0,1882,152,CO-06
24472,311,48726,1163,27576,3300,44443,3692,36035,1886,33129,2029,39681,1275,27106,376,20055,0,DC-98
8601,0,19128,792,14696,990,15399,763,10843,970,12149,1365,14447,194,5455,0,4107,0,CT-03
6149,0,15678,1084,7647,1889,8875,1338,10794,1729,11135,1212,10088,1597,6647,0,4383,176,CT-04
,,,,,,,,,,,,,,,,,,CT-02
3695,0,7346,2165,4080,2233,4592,1186,5640,766,6776,1208,6377,633,4414,106,3116,0,FL-17
6403,837,14927,778,7697,2923,7533,2571,7716,2537,8960,1478,7199,1400,7114,0,4510,0,FL-06
25555,1869,60635,5078,34528,8037,35879,10806,30836,10102,29880,9791,33774,4133,21159,524,13292,0,FL-05
27601,984,56099,5257,24356,10957,35176,17739,29290,14296,30273,10829,31044,9770,28662,381,19912,76,FL-24
3333,59,9982,1740,4701,1040,3483,1585,5155,1933,5636,629,4339,652,5747,16,4124,0,FL-11
7212,0,20465,2482,7977,2961,11860,3798,14996,1577,13645,2667,9416,2813,8653,356,4106,183,FL-23
3338,703,11792,250,6286,1251,4369,1824,8273,1095,6776,844,9399,1388,6326,0,5562,0,FL-08
6021,223,17118,1434,6547,2193,6630,3915,11440,2556,9953,2804,11505,1634,9721,298,5767,136,FL-18
33618,2303,77441,7957,26781,13391,37854,17374,41352,11437,40824,11529,41887,7004,27207,596,18720,1273,FL-20
1506,179,5373,310,3635,266,3248,719,1842,446,3710,1173,4150,683,1797,0,1978,232,FL-25
8307,362,20372,1255,12241,1068,13256,2780,11349,2658,12024,2596,11623,1938,7035,0,5681,0,FL-03
22060,400,45033,2527,19354,5569,22929,9034,25727,6283,22628,6762,21308,3810,15136,654,7984,70,FL-10
6799,77,13072,1041,7467,1919,9389,1358,8652,393,9562,653,6354,1307,5963,564,3673,117,FL-04
5024,167,14767,716,8255,2456,8799,2315,9189,1597,9643,1173,9268,2073,6630,0,4055,0,FL-13
6073,223,15407,1622,4317,2658,8512,2924,8037,3078,7975,2418,8780,2412,5982,353,3726,121,FL-26
8833,815,16937,2213,6597,2922,13894,4717,12011,4374,12131,3385,10623,2561,8893,84,2199,79,FL-22
10090,818,21075,3391,8147,3302,13387,2027,14556,5971,8565,1391,10128,3373,7312,0,6140,0,FL-09
4452,200,11986,1947,5220,1086,5554,1923,8083,2379,6003,470,5715,662,4325,346,2513,396,FL-19
7639,371,16046,627,7907,2864,9495,1996,8019,3096,8462,1469,11164,697,7155,0,4249,0,FL-01
6240,173,15242,1515,11713,2191,11893,3677,8434,2455,10248,1687,7772,770,5428,0,3861,0,FL-07
3150,0,5058,876,3144,1475,4389,1982,3615,973,4100,2261,3901,1358,4080,0,1555,0,FL-27
15118,586,32441,2435,14910,5661,20873,4782,19824,3701,21140,3012,18901,2703,14138,71,7122,0,GA-03
13413,777,37125,864,13976,5732,16130,4233,17796,5198,22219,5793,20711,3159,15000,123,8423,0,GA-10
34412,2084,85450,6259,30317,12720,44599,17460,55799,11628,52590,10351,53613,6930,34182,103,13559,228,GA-04
31525,1638,64442,4686,38354,12694,46351,15042,43389,9576,43399,10071,39751,9184,36620,105,23533,0,GA-05
3508,54,7600,1024,3156,1605,4042,1818,4111,767,8013,599,4892,1040,4086,0,1819,0,GA-09
15554,423,33267,2197,17965,2498,22494,3012,22044,3761,26171,2254,13481,1803,7127,1479,3025,110,GA-07
7726,119,15091,273,10471,2055,13927,2395,16577,3778,9155,1690,9895,983,4774,80,2177,0,GA-06
16167,960,42883,2427,16921,7580,20060,8589,22648,3931,21304,3808,23875,3077,15955,29,9129,0,GA-01
10055,700,25339,1604,11285,3353,16910,3752,14055,4253,19688,2303,11006,672,7417,0,3782,0,GA-11
19000,245,38590,2475,18862,5568,17697,7147,20979,6374,19276,5797,21083,2755,17810,0,9222,47,GA-08
,,,,,,,,,,,,,,,,,,ID-02
,,,,,,,,,,,,,,,,,,HI-01
23632,1228,55609,3886,27654,7913,35740,8079,36982,4225,39613,5890,43228,3552,33817,212,25045,85,IL-01
20226,759,47861,2713,22352,3630,33733,4032,34410,4766,28994,3916,35718,4352,30366,408,21645,46,IL-07
27191,684,64734,3790,30732,7096,43097,8228,37715,3770,46531,4583,47459,4517,29849,158,20148,0,IL-02
1102,0,1499,0,2824,496,5096,9,2457,0,2593,313,1662,153,1619,0,699,0,IL-05
6839,0,20309,1094,9346,1273,8295,1388,8057,1206,7437,424,6556,295,4998,0,2529,0,IL-13
1143,0,2471,0,1339,200,1454,0,1963,6,2140,499,1976,328,709,0,370,0,IL-06
3709,0,9881,136,4155,945,4571,549,5869,515,4942,471,4741,368,3216,57,1933,0,IL-10
1344,0,3661,474,2664,712,5207,578,3513,441,3189,670,3030,514,1740,0,1587,0,IL-04
6134,0,9830,2222,4204,1281,8504,1753,6995,1957,8462,2274,5479,1862,3289,0,1273,0,IL-09
6450,1054,19577,913,9314,3219,12216,1038,10786,2204,11743,1064,11766,505,9449,0,4356,0,IL-12
3824,280,10226,574,3873,559,5340,1555,5813,808,4755,104,3399,344,2255,0,1131,0,IL-08
1349,0,5287,111,2690,70,1802,202,3972,198,1949,121,1895,120,1978,45,324,0,IN-09
2175,0,5600,159,5018,591,2826,343,2796,520,2343,941,3213,34,1661,0,775,0,IN-08
9112,1321,24982,1761,10970,2535,11223,3306,13577,1707,13950,1400,13894,1294,10740,132,7007,58,IN-01
5504,0,14358,50,6019,750,6493,584,7078,836,10465,451,6200,380,3900,0,3086,0,IN-05
20329,3006,46182,2971,17846,4635,27519,6284,25785,5361,22688,3767,23014,2717,14796,93,8732,0,IN-07
3133,218,7428,305,3770,820,3882,842,1930,464,3688,164,2701,0,1001,0,864,0,IA-01
4225,681,6568,549,3018,1062,6357,326,3936,1608,2700,675,2332,66,1613,0,900,0,IA-02
1299,7,2379,172,3309,334,1303,286,1353,329,1315,208,1548,155,956,0,931,0,KS-01
5257,196,11497,1658,6628,369,6154,1783,8619,1031,5569,1613,6347,1197,4366,0,2704,21,KS-03
2771,25,4044,327,5394,843,2327,598,1718,377,3263,320,3024,522,3668,0,897,0,KS-02
5497,111,12078,952,7547,524,6707,293,6490,1518,6301,1460,9122,855,6080,224,2316,0,KY-06
3039,299,7609,226,4133,888,3417,1095,5653,488,5703,199,6651,95,5706,0,1602,0,KY-01
,,,,,,,,,,,,,,,,,,KY-05
20625,830,42757,2467,21980,2951,23218,4073,23226,4845,27521,2494,27734,2149,21137,128,11973,0,LA-04
37800,1038,83699,1945,38127,7004,51030,13118,49726,8334,45291,7293,60547,5529,44377,251,23353,67,LA-02
8988,0,27550,236,13054,496,11171,2214,12142,2990,10137,617,9722,517,6393,0,3394,19,LA-01
21382,791,48978,1324,20816,4741,21941,5100,24723,3889,21090,3446,24974,3099,17698,214,10340,28,LA-05
,,,,,,,,,,,,,,,,,,ME-01
,,,,,,,,,,,,,,,,,,ME-02
5106,31,16802,699,7951,873,9186,1097,9737,714,11644,1056,10896,56,7017,0,4274,0,MD-01
13079,1274,34373,339,18392,828,19885,4372,22350,1270,21111,1172,18964,1596,12035,1211,8067,261,MD-03
25687,523,54301,2740,30296,3099,47194,7505,46987,4634,52183,3570,55350,2223,34096,1241,22187,429,MD-04
18589,311,49087,1207,29130,1609,29291,1939,36460,1697,42482,1145,40995,1113,26347,268,11328,0,MD-05
23280,884,56344,3125,32720,3076,42707,5008,42517,3749,43992,2897,49688,3173,33189,253,23925,0,MD-07
23691,292,52061,1921,23906,2741,31627,5752,33505,2696,33828,1970,27467,1580,17689,0,8069,27,MD-02
8439,35,18968,552,9262,684,12534,962,15097,1358,11792,899,11037,419,6335,102,1792,82,MD-06
5550,782,17317,867,8717,650,9243,1428,12300,1569,13248,1392,10898,976,5673,270,4715,162,MD-08
,,,,,,,,,,,,,,,,,,MA-04
14451,864,35029,751,20797,2187,26485,4087,26606,1897,23192,1874,22566,545,14990,479,10672,84,MA-07
2332,0,7721,0,4270,29,4515,954,4813,331,6177,0,4240,0,2424,0,837,0,MA-02
1155,0,4544,94,2228,61,4398,598,4096,80,2729,243,2855,28,1407,0,1731,0,MA-09
5750,0,17947,285,7704,999,12057,798,10211,1167,9966,838,10139,519,4109,0,3257,0,MA-08
4566,0,7728,57,4625,943,6868,608,5608,343,5425,0,4892,84,3479,0,1850,38,MA-01
6357,0,5490,179,5433,142,5036,452,5211,370,4780,281,4003,484,3146,0,1131,0,MA-05
,,,,,,,,,,,,,,,,,,MI-01
4059,111,9512,43,4632,461,5049,466,6323,408,4024,320,3705,114,2574,0,1736,0,MI-02
29382,797,65009,1883,31559,3082,46611,6078,37583,4554,45322,2545,46997,2977,36197,0,21061,33,MI-14
5549,0,12130,232,4853,1200,7100,1779,5865,338,5548,817,6632,457,4276,174,1918,0,MI-03
9600,113,23260,473,9922,1293,12568,1696,11957,929,12937,1002,13865,509,10305,0,5786,0,MI-05
30435,1223,60424,3380,29761,5550,41630,6751,37017,5367,41264,4230,38600,3220,31751,150,21516,160,MI-13
5770,29,18586,755,8321,1280,14942,910,13681,1293,12495,546,9885,467,6343,0,2507,0,MI-09
3501,0,10053,92,5543,378,5124,836,4613,608,4248,379,3806,335,3105,0,1769,0,MI-08
,,,,,,,,,,,,,,,,,,MN-07
3988,0,7855,0,2632,0,4087,448,3754,785,2356,34,2000,64,224,0,1166,0,MN-06
3007,502,4628,307,1263,865,1847,878,1246,360,2173,875,981,0,628,82,42,0,MN-01
5316,0,17902,0,4198,424,7576,656,10052,260,7007,300,3677,214,2283,0,406,0,MN-03
13383,170,25753,1269,10039,2510,15659,3194,14011,2504,8189,2793,9773,1254,5502,202,3510,0,MN-05
12795,569,31061,1118,17958,4453,20007,6861,17613,3450,18310,2907,16690,2719,12220,0,6843,0,NC-13
11301,76,29061,606,12167,1702,14981,2946,15855,2628,17041,2329,18811,1860,13484,240,6624,0,NC-09
996,499,3388,1036,2643,1009,3770,1415,3092,866,914,68,686,209,499,141,0,0,ND-00
5804,279,12552,238,4142,1300,6665,986,7291,524,8198,464,7614,402,5892,0,4203,0,OH-02
535,0,1789,340,1110,162,957,68,1243,26,1367,21,1669,144,790,0,792,0,OH-06
1927,0,5861,532,2253,319,3537,121,5142,196,3036,563,4432,58,2467,50,1205,0,OH-04
799,0,2288,70,977,38,1657,45,1711,0,1526,304,1158,0,1475,0,664,0,OH-16
25613,763,61491,2062,33198,4408,38304,5378,35142,4088,39715,1972,46669,3121,31229,0,23312,0,OH-11
4027,95,8465,620,4316,1742,5126,626,6126,525,5642,564,4721,647,3234,460,1756,0,OH-08
5756,350,12658,1120,5455,2183,6693,3197,6328,1957,7540,1033,6531,1124,4549,50,2249,0,OK-01
9339,483,19916,1151,8039,2666,11354,3770,10628,1920,9470,2115,10969,2362,7592,153,4127,0,OK-05
3247,0,6730,65,3411,431,5588,683,5327,564,4005,220,4639,642,3065,0,1554,53,OR-03
,,,,,,,,,,,,,,,,,,OR-04
2858,427,6306,497,6699,738,5689,562,5164,1142,4709,776,4865,73,3520,321,1108,0,RI-01
9140,708,20897,1765,10031,4236,11843,3891,14334,2357,14707,1952,14859,1296,13031,233,6638,0,SC-03
15472,144,36619,816,15471,6753,17710,6383,18364,6374,18601,4629,21078,4197,19289,344,9290,0,SC-07
23453,1093,57435,2247,29445,10064,33556,7936,32755,8920,31588,6897,41351,8501,33550,40,21128,89,SC-06
5192,85,12250,642,6489,1028,8103,1725,7016,1600,7863,1683,8999,1301,6652,0,3596,0,TN-03
14866,51,37452,589,13888,4879,17273,6829,21835,3672,17717,3922,20940,2898,17094,237,8730,24,AL-01
12305,274,35467,795,15682,3562,15589,5302,20177,3664,21000,2063,23001,1827,14197,0,8114,0,AL-03
9682,468,22616,568,15699,3089,11890,3390,14826,2229,14633,2322,13659,1179,9649,0,5501,0,AL-05
2563,155,8916,471,4005,2048,3956,1246,5763,1587,5094,727,6146,523,3355,0,3048,0,AL-04
32055,1197,72469,3106,35973,10221,38376,11188,37119,10049,42130,5264,48704,6430,38632,211,22689,41,AL-07
18566,470,36680,994,18787,4747,21812,7901,21730,5206,18841,4719,20468,2336,16951,0,8427,0,AL-02
6751,419,19605,493,9493,1404,12220,1964,19915,1057,11093,1498,12202,814,7145,9,3049,0,AL-06
1403,15,2760,46,1866,295,3293,484,1693,86,2367,105,2579,153,1790,0,465,0,AK-00
1315,0,4070,326,2332,69,1797,329,2668,285,1532,1068,2704,0,1406,0,885,0,AZ-01
2542,499,6559,1318,2945,1050,2929,1190,2700,557,2987,493,2325,623,2902,0,1278,0,AZ-03
1542,128,6179,372,2770,617,4863,332,3671,440,5443,745,2827,134,2494,0,1149,0,AZ-05
,,,,,,,,,,,,,,,,,,AZ-04
11119,224,16952,1305,7212,830,10325,2201,10482,1982,6225,989,5795,406,5140,62,2245,0,AZ-07
2462,108,4767,275,3654,131,5165,361,2550,647,2500,75,3554,236,1547,0,854,0,AZ-02
1523,306,2154,197,2932,1113,3306,926,2422,1518,3117,157,2356,136,1185,0,1035,0,AZ-06
2387,0,11625,894,2633,541,2336,286,4194,776,4145,967,3702,376,2810,66,1721,77,AZ-08
2252,0,4579,435,3886,786,2801,336,2582,632,2878,338,1657,211,916,142,479,0,AR-03
15108,327,32025,1652,15969,4412,20050,3448,21689,2619,18588,2129,17259,1855,12495,190,5787,0,AR-02
2738,0,7762,0,3398,81,2789,746,3731,0,4011,70,4074,280,3984,0,1675,88,CA-36
1387,101,1102,81,2285,85,2277,302,2537,304,1052,196,1395,387,852,0,240,0,CA-46
337,111,4859,205,2203,52,3153,340,2070,51,2390,0,2644,469,1222,0,1340,0,CA-33
1036,0,5458,145,3746,0,4202,445,5678,272,5363,43,5806,428,2507,0,2164,0,CA-15
3239,164,7198,38,3151,236,5754,1281,7574,788,5011,690,6733,396,5046,0,1797,0,CA-47
10753,114,33539,68,13318,1828,12573,3805,18596,2086,17910,2700,15747,2536,10420,32,4961,62,TN-08
1683,0,8264,241,3280,1120,4030,201,5308,560,4803,883,4622,522,2261,0,1462,0,TN-06
9366,250,15606,1334,7029,2671,8496,3308,8666,2618,5325,1553,6882,1554,5231,66,2301,0,TX-29
2063,303,6799,476,2044,645,2836,1895,2197,1341,3098,896,3475,872,4386,0,1983,0,TX-27
11435,791,24009,1314,10246,4895,12951,5422,12288,2841,10708,3315,15173,1546,11406,0,6572,61,TX-14
7202,1026,13626,2812,11023,2808,11279,5680,14025,3378,10435,1838,9926,1302,7408,87,2013,228,TX-05
8725,370,22253,806,11900,2883,10514,4513,14677,3303,11260,2565,10653,2105,5983,145,3362,35,TX-10
5121,0,11953,1521,6370,2578,7735,2589,10663,1063,6530,1433,7925,1547,5962,76,3085,0,TX-35
9369,1236,28035,562,11054,300,9771,1626,23813,2415,18208,1689,15725,1035,8648,108,3046,0,TX-22
2992,198,9063,35,3382,701,4426,1510,3432,656,4295,609,3963,346,3430,0,1401,0,TX-19
,,,,,,,,,,,,,,,,,,UT-03
,,,,,,,,,,,,,,,,,,UT-02
28298,1122,60555,4518,29968,8511,38957,6060,38455,5491,35578,4046,38449,4184,26532,14,18175,0,VA-03
20568,190,52884,1494,26815,4849,30098,5575,33362,4649,33203,3372,39783,3674,28108,334,15764,0,VA-04
9014,243,22002,877,10718,1752,17681,1055,15058,1508,15029,578,16606,1912,11123,45,5496,48,VA-02
7649,0,14551,711,9701,2100,7223,1243,9767,1565,7921,1430,10191,984,7163,0,3738,0,VA-06
,,,,,,,,,,,,,,,,,,WA-01
,,,,,,,,,,,,,,,,,,WA-05
2062,168,3944,452,1349,402,2950,429,2742,319,3009,302,2792,179,1217,0,470,0,WA-02
1473,0,3764,427,2240,104,2861,155,3982,1008,3507,650,2601,241,2852,0,412,0,WA-06
935,0,3487,0,2249,267,1228,214,2432,674,2375,35,2794,147,2062,0,1299,0,WV-03
4362,0,8947,0,3529,1168,4742,374,4877,500,3713,252,3248,230,2638,0,981,0,WI-01
884,0,3518,46,1863,300,2920,215,2107,519,1975,0,929,81,1552,0,352,0,WI-05
2780,50,5653,228,3642,1522,3825,558,4676,86,3440,337,2986,726,1145,23,927,0,WI-02
,,,,,,,,,,,,,,,,,,WY-00
938,0,2269,146,2251,297,2402,298,2381,455,1385,329,2522,288,1667,0,645,0,PA-14
4270,546,9726,490,6289,434,5144,1542,5904,334,4541,729,4630,262,3431,36,2115,0,PA-06
967,0,2584,85,1558,631,1591,278,1590,40,984,47,771,0,597,0,218,0,PA-12
2546,181,3235,130,1559,171,5171,193,3043,96,3102,110,3796,72,1109,0,703,0,MO-02
27800,749,67260,2191,24814,9469,38672,8814,34468,7186,35486,6015,38115,4451,28951,34,18432,98,MO-01
12877,618,32280,1126,9863,4811,16423,5125,17213,2350,15940,2543,17735,3456,12220,179,7981,154,MO-05
858,222,3169,69,2516,1287,2164,438,1498,330,1309,31,1858,197,472,0,381,0,NE-01
6927,561,14188,1305,4466,1804,6312,3070,7144,1676,5693,1363,5103,964,3582,0,2271,0,NE-02
10389,100,20481,805,8738,1679,13224,1810,13643,1614,13852,750,13174,400,8671,0,6181,0,NV-04
889,0,2202,0,892,312,1303,257,1164,374,928,175,1001,0,914,0,316,0,NH-01
5382,200,12012,390,7013,287,8851,726,8189,926,11262,866,10171,742,6118,0,4683,0,NJ-03
3285,186,6908,980,4197,207,3667,1451,5374,729,5258,354,5888,372,2687,254,3348,0,NJ-04
6141,0,15823,263,7181,1708,8152,1533,9116,2623,9553,357,10696,389,6589,705,4053,0,NJ-02
1559,316,5367,141,4043,616,2612,51,4130,150,4706,319,4282,184,1937,122,977,0,NJ-11
6900,68,10962,802,4931,1902,11416,2248,11900,1723,8868,1188,8078,1076,4144,0,3291,0,NJ-08
,,,,,,,,,,,,,,,,,,NM-02
3681,388,14267,33,7867,949,10290,774,8788,169,7175,206,6005,308,3113,0,2364,0,NY-20
,,,,,,,,,,,,,,,,,,NY-21
7221,425,17431,216,9791,311,12378,2064,14170,390,14239,744,14265,382,8762,169,6356,102,NY-04
1334,472,4695,869,2770,92,4062,271,2349,416,1850,0,2216,54,1664,0,693,0,NY-22
1850,0,4799,200,3657,0,2011,423,3168,193,3854,103,3625,194,2406,0,1301,0,NY-19
801,0,2223,0,804,0,2627,457,651,13,2119,0,1907,0,1164,0,505,0,NY-27
6576,0,7764,186,5304,282,9814,792,7752,330,7572,138,9093,496,4989,146,6084,0,NY-14
5734,109,13476,142,6450,153,7313,110,5012,1195,6125,225,5152,460,3185,34,1779,0,NY-24
,,,,,,,,,,,,,,,,,,CA-26
1491,0,3722,0,2053,434,2504,191,2695,379,2194,65,2114,190,1742,0,850,0,CA-19
,,,,,,,,,,,,,,,,,,CA-24
7754,204,16994,365,8716,732,11278,1593,11671,187,9524,517,10393,497,7199,0,3916,0,CA-06
2749,427,5926,265,6071,1075,4318,1170,7617,117,8650,457,7545,433,5295,0,3071,0,CA-11
5799,0,13958,253,5641,1028,5308,833,4369,828,5642,540,5698,793,3027,218,2837,57,CA-08
434,0,742,0,1578,82,4873,932,2754,0,3022,321,1947,0,1248,0,493,0,CA-28
2811,0,4719,47,5157,92,5750,681,7055,591,5177,176,5651,247,4175,0,2129,214,CA-12
,,,,,,,,,,,,,,,,,,CA-04
5241,41,11297,122,7004,412,10057,1454,8714,520,7626,1342,7470,430,5710,38,3688,0,CA-41
239,0,2240,0,1879,0,3433,493,2455,173,2355,0,2411,389,1064,0,484,0,CA-17
1715,0,6443,250,3608,273,3741,513,3050,245,5205,286,4131,50,2592,0,1554,0,CA-38
2955,129,8135,278,4495,1103,5573,900,5174,317,4163,411,4712,431,2166,0,1426,70,CO-05
983,0,3247,0,1579,90,1417,677,1159,105,1227,199,1411,65,922,0,484,0,CO-07
15076,151,38170,1371,17278,4190,24067,3207,23869,2734,25446,2875,26030,1670,16743,83,10320,0,DE-00
6957,0,17402,717,10314,378,13521,1502,12565,890,15164,777,12668,863,7545,309,4725,0,CT-01
4684,440,9683,282,5351,689,6807,1321,7039,1093,5541,478,4118,636,3484,91,2045,0,CT-05
15284,403,30098,1397,12681,5509,19389,5585,13217,2863,16616,2036,13087,2582,10055,343,5028,48,FL-14
8124,325,15617,1417,6767,1870,6084,2720,10394,3592,7193,1848,8038,874,6011,0,2710,0,FL-16
7636,154,16532,1452,6611,3006,13526,2902,14820,3788,9453,1075,14379,1324,7669,630,5729,0,FL-15
1742,0,7196,1111,3900,687,2898,2274,5407,1838,6419,492,4481,244,3131,0,1741,0,FL-12
3665,0,14488,1341,7307,1938,6114,1727,6132,645,8375,1857,9030,1132,7068,0,3794,0,FL-02
9679,651,19005,3874,8319,4873,10526,4991,12878,6110,12922,3317,11655,3606,7867,1350,5478,271,FL-21
31148,2938,100704,8091,31930,11043,50892,16829,66166,8132,63688,7235,48766,5997,27393,133,10330,0,GA-13
26152,575,65712,3064,21200,12701,28089,10792,34558,10195,31022,6841,36611,5888,29173,434,17805,66,GA-02
2148,578,10079,1293,3850,2282,4971,633,7978,2421,9397,1007,6692,720,4557,0,1882,0,GA-14
17012,261,46150,2326,21973,5973,21268,8980,22778,3248,26375,4059,25330,3197,19100,0,10446,0,GA-12
,,,,,,,,,,,,,,,,,,ID-01
,,,,,,,,,,,,,,,,,,HI-02
,,,,,,,,,,,,,,,,,,IL-18
1465,0,4298,952,830,243,3299,204,3411,990,2914,0,1770,29,1400,0,190,0,IL-14
1051,0,3853,62,4211,988,1873,793,2511,153,3037,234,2060,10,1451,0,642,0,IL-16
8768,194,16489,452,7779,1193,9083,1331,8574,1146,7142,98,6781,779,4830,218,1999,0,IL-17
2286,0,4513,79,4523,0,4892,341,4481,631,2062,357,4637,243,2454,0,1481,0,IL-03
5476,30,14560,86,9564,346,7669,1304,10679,1049,9873,1343,10668,563,5625,0,2644,0,IL-11
2192,154,6187,706,2884,207,1932,1012,2206,576,1437,90,2986,174,1230,0,432,0,IL-15
3795,63,11276,1183,4788,1221,4943,1051,4030,1096,4548,726,4706,664,3518,0,1584,0,IN-02
887,0,1752,189,1943,283,1482,151,815,475,2191,221,1831,48,819,0,359,0,IN-06
2338,131,10068,153,3987,877,4681,1001,5511,1163,4583,421,4379,536,3010,0,1680,0,IN-03
2633,480,7109,849,3493,995,5488,964,2116,335,4368,56,2802,125,1682,0,208,0,IN-04
886,243,2257,0,1051,321,2704,1586,2380,44,679,0,1244,0,383,0,212,0,IA-04
4787,0,11121,569,2998,1400,5702,495,5244,1082,2988,449,2913,0,1635,0,728,0,IA-03
4415,223,8493,1625,2855,884,4232,2010,4473,1079,3955,998,4586,1315,2814,114,2006,110,KS-04
1637,52,6669,188,5038,357,4103,1440,2578,372,4512,609,4888,221,3639,0,1124,0,KY-02
14313,362,34745,415,14554,2122,19132,2864,18748,3087,18240,1193,18749,1628,12207,40,6605,0,KY-03
1325,0,3552,98,2546,721,1948,0,2214,62,3780,66,1881,417,3299,0,1141,0,KY-04
13804,478,43547,2788,21729,4269,22529,5490,23251,4217,18639,2889,14146,1441,14289,207,6284,25,LA-06
16650,24,42364,600,15435,2873,22538,2549,22770,2612,17665,3167,19954,1709,13604,18,7821,0,LA-03
2718,0,6671,178,3282,96,4642,484,4093,194,3464,64,1756,186,1049,124,1407,112,MA-06
3139,65,5565,0,3509,86,3968,0,4536,112,3683,67,2280,137,1049,0,1300,0,MA-03
1157,0,4698,11,2095,203,2202,701,2638,99,2573,243,2553,417,2106,35,865,0,MI-07
5573,24,11800,633,8243,898,6072,577,5547,1411,5562,545,5515,388,4644,58,2107,0,MI-06
1621,112,3454,83,2497,157,3205,125,871,293,3447,333,1997,48,1380,0,718,0,MI-10
503,0,1350,54,1958,372,651,358,1051,153,1424,0,376,99,716,0,34,0,MI-04
2099,41,5139,31,3495,547,5213,102,4127,119,4953,53,4921,56,2317,0,1129,29,MI-11
6806,0,13521,611,11643,833,10128,348,7348,851,9653,124,8263,262,4847,0,2421,0,MI-12
4651,0,11316,216,3414,311,5329,656,5871,550,3602,511,2117,548,1329,0,207,0,MN-02
254,12,1569,169,564,47,484,201,449,130,422,88,496,0,261,0,125,0,MN-08
7768,97,15905,2135,6181,907,10968,2436,9778,1425,7211,910,5805,1014,2737,0,1444,0,MN-04
3392,60,7957,511,8788,1941,9255,2215,6788,1357,4328,830,6432,294,2221,0,1070,0,AZ-09
11703,0,23835,387,11670,1704,9896,1905,14834,1623,12031,1078,12106,1581,8692,0,4861,0,AR-01
9329,321,23655,1519,12180,2735,10944,2558,12584,1966,14834,974,17956,1184,13167,78,6657,0,AR-04
3030,30,8310,36,3290,89,4825,162,3910,439,3946,11,3338,303,3138,50,1446,0,CA-16
8358,0,18806,1131,15228,676,16684,3288,17766,1303,21166,1130,22462,1063,16094,166,13975,54,CA-37
5523,0,9820,299,4055,476,7561,707,8980,935,6123,755,7295,503,3443,0,2864,0,CA-53
4802,0,14729,717,7795,1178,10331,1171,8662,761,10084,633,8733,350,6959,0,3375,0,CA-31
6697,83,13486,98,9793,1267,9642,1674,9393,1808,9950,750,8393,406,4070,0,1964,0,TN-04
815,22,2971,232,3060,360,2049,229,1149,23,1821,148,2674,17,979,38,516,0,NY-23
15467,91,33062,204,19067,2783,27931,3828,27679,1390,28941,1767,31922,1460,21381,202,16657,112,NY-16
2932,0,12149,178,5012,448,8071,764,7058,89,7060,66,6506,565,3587,0,1527,0,NY-11
27170,848,59059,1885,31154,3166,37034,6935,36213,4087,37375,4027,29500,2413,16998,305,10644,57,NY-15
29742,103,64145,873,35240,3039,54113,6240,49139,2557,44421,3318,49719,3049,30590,716,23341,526,NY-08
1191,2,3844,141,6359,145,5041,586,3553,693,7082,463,3612,222,2864,176,1935,0,NY-12
5877,0,12700,397,7369,140,7314,744,10253,0,10029,488,8529,511,4915,0,2352,0,NY-18
22484,457,55535,1871,26786,8065,26743,10195,32892,6097,33429,8090,41290,4561,32926,221,19128,116,NC-01
9353,80,25994,316,7080,2268,11749,3544,11761,3323,14015,2683,19521,2255,18296,0,9077,0,NC-07
13099,71,28967,1919,13193,2035,13311,6801,20148,4449,17872,2826,19009,3166,13994,162,6891,21,NC-02
10260,74,29108,471,12255,1721,14152,3470,12583,3197,18311,3328,19296,2430,15794,548,7741,0,NC-06
7319,133,26917,1475,11631,2036,11580,3884,11768,2587,14773,2623,18541,1578,16160,0,8275,52,NC-03
6614,428,16000,1815,8203,2094,9255,2905,10012,2164,10667,1103,9474,1120,8992,0,4869,0,NC-10
12131,624,36505,1508,20620,2835,21841,5504,22251,3890,24735,3954,18557,1994,11443,475,5756,0,NC-04
7148,0,18522,1709,9932,1890,8795,4986,10204,2905,11686,2733,11776,2461,9040,0,5023,0,NC-05
12638,190,30629,1595,14980,1813,17802,3659,15533,2724,15748,1859,18734,785,10441,90,5995,0,OH-01
649,206,3144,142,1686,791,2075,1010,1646,291,2676,714,3419,181,2522,0,2220,0,NC-11
14184,242,33860,2665,11673,4517,19546,3639,16822,4228,18881,3439,20959,2093,14419,0,8164,16,NC-08
24012,1170,59204,2529,27690,6969,39080,9875,42547,7110,37844,6986,31232,5212,20134,466,9782,216,NC-12
2699,0,6179,15,2283,393,3903,214,2848,801,2859,479,3859,61,1231,0,1605,0,OH-07
2229,0,6350,200,2211,478,3940,1011,4143,239,2743,488,4098,302,2881,92,1691,0,OH-14
27651,1665,57702,1702,23948,4863,33013,6980,30904,5671,25591,4705,26957,2930,15601,411,9446,100,OH-03
7589,372,18821,2112,10076,1885,13036,1631,11764,1362,13397,1196,13788,801,11034,0,5996,31,OH-10
1544,38,2159,0,4185,519,3855,428,1883,35,2616,11,2468,100,600,0,430,0,OH-05
9004,0,16664,165,8291,1306,9518,1105,9508,1722,7635,784,7951,1055,6838,159,3687,86,OH-13
1403,0,5957,58,4262,415,1766,698,4653,445,4198,0,2526,0,1323,0,679,60,OH-15
9726,555,23854,2191,8166,2472,11963,1741,10277,2419,10883,614,11696,493,8157,0,3761,0,OH-09
1238,43,5998,1599,2517,833,3349,1459,3684,571,6516,940,4000,284,2009,0,1349,0,OH-12
1137,13,3639,157,1628,1098,1756,317,1810,433,2027,526,2839,255,2206,0,1588,0,OK-02
1830,51,4567,41,2692,1054,2188,181,4068,703,1888,46,1810,501,1440,0,1987,0,OK-03
4152,233,9995,680,5662,635,5674,1913,6260,959,4491,802,5954,327,3303,0,1307,0,OK-04
,,,,,,,,,,,,,,,,,,OR-01
,,,,,,,,,,,,,,,,,,OR-05
,,,,,,,,,,,,,,,,,,OR-02
1927,0,6915,0,3833,430,4890,1656,3997,0,3598,547,2358,0,1067,0,907,0,RI-02
9065,1244,31040,319,13594,2916,15971,1952,15499,5033,14455,1822,16699,2025,14124,192,7214,0,SC-01
9507,107,20976,902,12129,2000,16995,3269,13044,2930,14137,2175,14284,1969,9980,0,5792,0,SC-04
12087,580,33094,1465,14006,3307,17476,4077,21629,4432,21612,3045,22061,3004,18517,537,8455,7,SC-05
11118,485,33462,1407,12830,3191,20178,3800,20302,2124,20182,2952,18592,2478,12700,174,5928,0,SC-02
1371,390,4132,960,776,1291,2993,474,3061,510,2307,81,739,46,646,19,287,86,SD-00
654,0,2320,382,759,238,1821,964,901,942,2082,125,2012,632,1276,0,607,0,TN-01
15787,216,33046,429,17942,2325,23956,5872,21545,2056,18790,3067,19441,1948,12879,376,6061,394,TN-05
4081,135,14553,405,4687,1220,6274,1365,9370,1466,9399,1166,7719,1055,5203,0,2655,0,TN-07
2771,0,7667,400,4998,952,4210,1151,5179,366,3572,1382,4406,785,3894,109,1461,55,TN-02
39375,1527,76769,5304,35038,10471,51606,15009,41608,10903,43719,8716,50720,4694,34507,625,18195,107,TN-09
2660,53,5721,134,2263,930,3172,223,2969,323,3564,174,3057,333,2291,0,1286,0,TX-28
9885,698,16400,4564,10838,2614,12093,5274,11131,1879,11914,2052,12119,2250,11080,137,6251,0,TX-01
8463,0,21323,1487,7651,5068,19835,4523,16755,3727,11339,2360,6985,1289,4459,0,2304,0,TX-07
14126,608,32866,1376,15344,3547,18566,4797,22277,2736,21804,1917,17549,1754,8374,270,2931,0,TX-06
7765,108,18356,1684,12628,2713,10394,2480,9900,3395,12535,1612,9578,1287,6750,19,3400,0,TX-17
5711,92,9504,627,3540,1788,6072,978,6845,1709,5957,3108,7815,821,6401,198,2792,0,TX-36
3937,0,3830,0,947,926,2004,751,2218,753,2517,510,2017,64,1965,0,989,0,TX-16
9128,721,15937,1668,9479,4384,19758,3638,14431,3176,11070,1263,7532,1222,3396,59,1077,0,TX-24
10052,1040,20900,2286,7572,2967,12265,5433,10411,5378,11692,3615,13216,1319,7101,79,5361,0,TX-33
2971,127,5565,651,989,46,3674,1426,4157,1033,2269,820,4081,0,1892,0,967,103,TX-11
1525,42,1576,0,877,103,1358,783,1071,79,1376,316,2142,34,654,0,238,0,TX-15
1502,0,5176,211,1323,335,3306,564,2980,40,2733,201,3486,71,1163,0,689,0,TX-23
5512,303,15681,1213,7303,2906,6942,3295,9473,2658,8833,1281,7395,799,3987,12,1976,0,TX-12
4343,7,14789,1746,6847,493,5847,1814,9172,1770,8527,1524,5574,660,3493,0,1793,376,TX-08
,,,,,,,,,,,,,,,,,,TX-34
20343,1567,58079,6901,18133,9006,27537,11421,30173,9045,34586,7008,38778,5821,27252,320,15182,314,TX-30
21742,1583,39472,5498,20318,9034,28027,10643,20840,9648,29220,6568,29485,4730,22079,455,13797,115,TX-18
4629,994,18622,1423,9437,1921,8952,6594,10905,1663,8672,1796,9020,1072,5080,0,1861,0,TX-02
5523,91,9439,601,3992,1380,4515,1498,5128,975,5092,523,3491,378,2130,0,1320,0,TX-20
2767,0,4056,291,3195,1680,3666,1059,4094,814,4139,125,3253,337,2392,0,868,0,TX-21
10933,478,19336,2198,7827,3220,13238,3338,12715,1864,12210,1821,10170,683,6071,244,1298,0,TX-31
2712,38,10441,1785,4249,1547,4177,1842,8252,457,6146,1122,4656,1275,2650,257,2767,0,TX-25
9931,207,21792,2316,7868,2146,14756,4397,10531,4867,14296,3639,10421,1829,4776,43,1390,65,TX-32
6053,301,16205,1467,6713,1323,10882,2295,15935,1987,9147,2040,8898,503,4903,0,965,90,TX-03
5380,0,16464,326,4854,2421,5197,2837,8284,2121,10649,1817,10046,1336,4634,0,4905,0,TX-04
2169,698,6911,795,2446,1285,2157,1396,3491,1295,3660,809,3120,65,1868,0,813,0,TX-13
5592,1043,14092,2016,6379,1455,9236,3700,14682,1028,12569,310,6138,1000,2960,32,850,67,TX-26
21762,2341,45687,10718,16853,8553,28552,15565,32289,10125,29030,8655,29597,5863,22523,444,10747,87,TX-09
547,76,1676,210,794,543,1610,272,1163,0,559,186,691,306,610,0,87,0,VT-00
,,,,,,,,,,,,,,,,,,UT-01
,,,,,,,,,,,,,,,,,,UT-04
9414,539,20577,1165,10337,709,11431,1413,16710,1150,18044,1354,18445,1309,11237,309,7719,0,VA-01
4405,86,14528,737,4641,759,6025,976,9979,822,7932,772,7985,402,4685,73,1605,0,VA-10
7733,205,21235,440,9973,1870,11962,2357,11483,1995,16029,2382,16282,2560,19282,77,9481,0,VA-05
10044,199,24438,1256,10619,2547,17904,2422,16430,1942,16339,1939,16456,1786,10653,358,5150,240,VA-07
10873,0,18533,723,10466,1808,9928,2533,14860,1780,15512,938,12057,523,5665,126,2199,0,VA-11
1587,0,4725,501,5429,811,1569,842,2183,358,4522,603,5191,510,3429,0,1516,0,VA-09
7382,214,16756,638,6316,1309,14997,4062,16015,1606,15228,931,13818,1181,7066,527,3808,64,VA-08
724,0,2956,0,915,301,1013,105,1430,141,1791,44,855,58,1277,0,234,0,WA-03
4092,0,7071,172,4811,1004,4764,1435,4550,504,6405,292,5729,558,3152,0,930,0,WA-10
,,,,,,,,,,,,,,,,,,WA-04
1667,0,6570,155,3900,704,4229,1566,5890,1258,3483,120,5966,355,2517,297,1407,0,WA-07
8063,0,15549,75,8582,2022,14575,1465,11120,793,10130,1250,6765,571,4619,222,3195,0,WA-09
,,,,,,,,,,,,,,,,,,WA-08
1218,0,1853,50,1966,318,713,485,713,120,1518,31,967,30,646,139,1490,0,WV-01
954,0,3263,220,2445,171,3913,371,3279,610,3468,385,3566,112,2456,0,1449,0,WV-02
749,61,2798,93,456,328,1199,146,649,149,640,232,691,308,489,0,137,0,WI-03
25563,192,48869,1303,20426,3913,28974,4931,23674,3895,23088,2830,23523,1743,14173,79,8056,0,WI-04
,,,,,,,,,,,,,,,,,,WI-07
,,,,,,,,,,,,,,,,,,WI-06
1014,0,3369,0,905,561,1356,652,1115,166,789,86,448,35,259,0,0,0,WI-08
14884,401,55462,2030,28694,4027,33425,7859,42026,6132,46790,6232,53710,6107,44470,1058,38166,526,PR-98
16198,405,42360,1277,19749,6809,17062,5087,26711,4847,23796,4623,23819,2315,14833,14,7904,0,MS-01
19158,707,50263,1250,19095,9170,22305,5655,24634,7555,24892,5506,26304,4701,20510,132,11023,0,MS-03
15166,446,33799,1584,15534,5645,10779,4791,18054,5431,17058,7321,16681,2327,12720,84,5914,0,MS-04
37569,1162,91203,2891,31063,14503,36733,18952,48514,12157,39280,8444,47544,7212,36554,185,20387,37,MS-02
10953,232,20836,960,11987,1362,13971,3735,11209,606,12610,1198,14476,1278,10193,0,7642,0,PA-18
5522,106,11396,125,5708,1143,5915,571,7612,731,5333,630,4670,474,2219,0,1534,0,PA-07
15826,172,34035,940,14507,1560,23711,2923,20199,1863,21231,1790,21160,1139,10126,780,7350,0,PA-02
2998,0,8426,0,3640,86,6630,385,5864,601,3483,548,3752,125,3571,6,1534,0,PA-17
2928,0,6293,0,3412,224,2815,304,5335,278,4311,274,3100,181,1562,11,735,0,PA-01
1232,0,4632,23,2347,384,1685,0,2338,24,2170,154,1811,0,898,16,561,0,PA-13
2545,0,5212,23,4007,195,2842,161,3523,122,2700,104,3182,132,1724,6,1007,0,PA-16
4644,210,11292,656,6960,445,4611,1000,6048,492,5092,1093,5337,519,1789,0,1022,0,PA-08
7616,610,16467,1182,6500,615,10413,1629,8515,812,9122,537,7395,1264,5776,0,2849,0,PA-10
1681,0,4730,145,3501,109,3309,208,5031,384,2231,394,2782,65,1547,0,769,0,PA-11
278,0,2506,61,2226,243,797,1485,1705,0,722,0,1135,0,951,0,64,0,PA-09
5024,90,12339,110,5255,566,8173,848,6719,917,8197,625,6963,427,4499,47,3897,160,PA-04
,,,,,,,,,,,,,,,,,,PA-15
15295,327,41752,241,14394,3945,21845,3267,23110,1762,19433,1951,16956,1462,10607,71,5402,95,PA-05
29969,1542,66446,3434,39049,3548,54190,8695,41548,3535,42018,4882,49110,3378,36815,119,25663,101,PA-03
474,0,2375,277,1862,1292,1713,539,1403,280,1147,318,820,151,958,0,109,0,MO-07
2545,0,5849,801,2395,556,3986,1257,2860,752,3929,1291,3467,180,1438,0,609,0,MO-06
2859,75,5983,585,2198,1903,3676,871,2261,719,2114,621,3751,695,1669,0,489,0,MO-08
1954,111,4827,1445,1460,491,2841,403,3671,878,3782,1343,2213,711,1541,0,1480,0,MO-03
3407,0,5346,92,3960,602,4190,594,4067,241,1369,294,3597,320,1235,0,1237,0,MO-04
,,,,,,,,,,,,,,,,,,MT-00
1311,0,1429,76,157,718,1543,668,916,419,521,175,100,32,80,0,0,0,NE-03
8326,0,15749,1019,6242,1943,11428,2344,10300,1437,7139,872,7102,1393,5840,0,2851,154,NV-01
5923,469,11394,604,7726,1123,10625,1922,9542,968,9417,284,6413,174,5641,0,2423,0,NV-03
308,0,2609,20,2261,383,1221,117,1346,146,1856,293,1213,0,1282,0,603,0,NV-02
389,308,2024,0,1247,67,658,657,1709,259,1405,0,879,23,305,0,308,0,NH-02
8366,158,23630,406,11031,1054,13738,1806,14807,935,14640,314,13058,1199,9322,82,5783,0,NJ-01
28833,1690,60134,5710,31018,6133,42834,9499,38588,8157,45455,7593,41087,5342,29135,533,20299,50,NJ-10
1638,106,6390,367,3283,786,4011,1081,6349,113,5138,539,4279,819,3008,0,1949,40,NJ-05
1944,72,6953,112,3206,88,4085,174,3098,666,5135,172,5823,31,1499,0,961,0,NJ-07
4765,514,9585,1101,5486,1290,7439,1463,7226,973,8395,1207,8077,852,5672,0,3507,0,NJ-09
4665,148,12275,1724,7998,1357,7825,1410,10859,1010,9006,2837,7983,470,4996,74,3724,0,NJ-06
8229,0,16591,1028,10781,1443,15826,2041,13881,2400,16205,1634,16007,1882,11941,126,6061,0,NJ-12
822,63,3865,171,1562,462,2227,86,1600,922,1572,131,2033,70,1492,0,706,0,NM-01
705,0,2877,169,586,394,2047,0,1587,97,1428,0,899,103,704,0,853,0,NM-03
3178,0,12172,930,6887,1214,8032,1097,7804,808,10561,294,8311,526,3566,127,3929,27,NY-02
8888,118,24152,0,12750,415,14673,1282,11948,771,12137,659,12351,85,7267,0,4193,0,NY-25
833,0,2416,411,3459,0,2007,0,2208,143,2365,156,2436,45,2167,0,982,0,NY-03
807,0,2627,0,3919,101,3141,167,3527,36,3528,359,2877,65,2326,57,2752,0,NY-10
14281,359,32694,818,15554,2350,32912,2771,25350,3032,25731,1725,28487,791,17499,290,14202,0,NY-13
11636,289,24773,425,14364,599,17610,749,13024,585,12627,481,14988,255,9068,55,5903,41,NY-26
24664,134,47238,1133,24193,2972,37662,5497,38739,4496,38814,4256,41582,3417,34333,979,23559,111,NY-09
2426,0,6823,446,3133,430,4343,273,4430,783,4623,422,4204,0,2556,115,712,0,NY-01
4213,303,11848,62,10445,151,11282,1418,8675,456,9784,456,10354,321,5198,114,4722,0,NY-07
4918,132,16129,134,7218,734,8800,521,9592,939,11094,413,10166,502,6114,0,3475,0,NY-17
5492,0,4981,34,2591,439,5887,441,5544,191,3801,506,4296,151,1833,29,1177,0,NY-06
22339,1227,54069,3092,29998,3047,40432,8566,42138,3254,45979,4766,49479,3564,32689,822,25119,277,NY-05
