InTheCivilianLaborForce_Employed_HasAComputer_WithDial_upInternetSubscriptionAlone,InTheCivilianLaborForce_Employed_HasAComputer_WithABroadbandInternetSubscription,InTheCivilianLaborForce_Employed_HasAComputer_WithoutAnInternetSubscription,InTheCivilianLaborForce_Employed_NoComputer,InTheCivilianLaborForce_Unemployed_HasAComputer_WithDial_upInternetSubscriptionAlone,InTheCivilianLaborForce_Unemployed_HasAComputer_WithABroadbandInternetSubscription,InTheCivilianLaborForce_Unemployed_HasAComputer_WithoutAnInternetSubscription,InTheCivilianLaborForce_Unemployed_NoComputer,NotInLaborForce_HasAComputer_WithDial_upInternetSubscriptionAlone,NotInLaborForce_HasAComputer_WithABroadbandInternetSubscription,NotInLaborForce_HasAComputer_WithoutAnInternetSubscription,NotInLaborForce_NoComputer,stateId
116,311956,13514,7828,0,15308,939,451,568,192701,12935,15037,CA-03
208,219651,27890,15482,0,22529,2146,2198,322,143688,23691,29014,CA-21
222,356073,13637,1518,73,16128,421,71,589,180319,9850,6978,CA-48
46,312974,15620,5467,0,21957,1120,585,514,190050,16836,12999,CA-10
214,331627,30606,8822,0,18567,1416,923,124,140903,20527,23648,CA-34
60,387590,5626,3709,0,13875,541,350,326,174615,6694,7621,CA-52
275,395750,12677,2903,181,18733,186,320,745,175537,9078,10066,CA-30
156,362467,10079,2428,0,9634,463,29,202,180492,9483,6646,CA-18
50,312938,22131,5129,104,14499,1518,423,222,168773,14454,10493,CA-20
604,355452,18069,2788,80,18659,1124,243,455,216253,11334,7704,CA-42
1126,307961,9628,5253,39,14666,209,251,1039,179850,13232,14214,CA-25
274,308477,22676,8009,150,16407,1717,190,373,168336,16863,14188,CA-32
141,356541,12584,5604,0,17523,646,697,126,155950,12232,15368,CA-43
0,331872,20917,6250,0,16219,614,265,86,171993,18790,9369,CA-35
150,380663,20392,7774,0,15700,1590,764,408,160836,12739,20451,CA-13
171,299209,23849,5742,0,22170,2173,741,644,155667,20963,12546,CA-44
0,339813,6805,2493,0,18095,744,0,497,175554,6449,6911,CA-49
493,352459,11978,4276,0,13569,189,376,1275,178761,10354,11007,CA-05
0,339639,15998,10778,0,17162,1065,586,616,155884,10274,15285,CA-29
555,352715,10223,3716,44,18058,2099,615,767,187945,12215,10389,CA-07
245,353577,7970,2964,0,16905,368,335,336,179693,7411,7261,CA-39
0,335150,11306,3950,0,14965,344,505,133,195364,10785,10152,CA-50
1292,283892,11128,6542,0,22881,3337,225,649,181918,16908,17673,CA-23
130,283853,15000,6491,0,32157,1289,434,184,162092,17000,19682,CA-51
413,274172,17186,4938,0,15472,856,924,1168,203349,18803,21303,CA-01
168,289044,27289,10546,104,17500,2799,1356,176,151058,19531,13225,CA-40
0,394923,6208,1850,0,12802,367,0,248,201606,7010,6684,CA-45
62,304789,22981,5125,0,19317,2978,1221,365,164178,22534,19110,CA-22
179,321810,15473,2894,0,19085,1857,476,786,190568,18828,12739,CA-09
130,345337,13166,4066,0,10785,922,269,155,179018,15042,12390,CA-27
102,401996,9165,3388,0,11600,384,159,145,170483,5019,11487,CA-14
249,320026,13802,5951,36,14689,934,765,603,187709,9644,16473,CA-02
273,473574,13746,5842,0,14462,179,228,334,153711,8387,17229,CO-01
222,330492,23876,6537,0,12085,1627,402,2060,183694,19136,20546,CO-03
414,426655,14971,4938,0,13081,882,282,494,174428,11984,14342,CO-04
599,425828,15408,3530,133,13335,373,225,997,182497,10463,7715,CO-02
361,433705,9997,4297,0,16400,607,197,556,161472,6303,6688,CO-06
602,355471,17858,4783,0,19876,3409,596,347,111959,13770,18494,DC-98
496,345228,10828,5405,0,21759,909,773,459,156986,9599,22289,CT-03
170,349969,7549,4619,0,20070,575,270,458,164387,8777,14499,CT-04
0,332668,11920,6086,0,15333,791,574,966,149245,9233,17419,CT-02
568,259611,21443,9107,0,13263,1003,643,837,301591,30857,27705,FL-17
0,301827,34302,6255,0,12209,927,310,755,245019,34654,17155,FL-06
58,301835,23703,14444,0,19402,1176,1819,174,150384,16183,25831,FL-05
62,301620,57327,8291,0,14787,2597,857,266,136075,47459,21519,FL-24
258,247524,12111,5428,0,14371,592,573,1315,351324,27722,23081,FL-11
114,372174,16384,2432,0,13386,647,344,203,181684,17821,9178,FL-23
125,310772,11729,9937,0,17753,1646,0,1066,254860,21465,20152,FL-08
51,351028,13941,3816,0,14919,1283,88,301,239944,15308,16409,FL-18
132,344846,35272,10071,115,24925,4015,807,352,150294,25395,18222,FL-20
44,349778,24772,11760,0,10253,308,750,529,201953,23014,27441,FL-25
416,309839,15642,5580,0,16464,1133,583,806,201338,16077,16236,FL-03
41,391777,29921,8019,0,16937,1803,298,141,157597,15292,12311,FL-10
349,388046,15650,5897,0,17780,332,731,64,200648,10571,11570,FL-04
0,330090,16362,4808,0,16458,444,1204,498,199965,22244,20223,FL-13
0,344827,32386,3921,0,14303,324,477,444,184187,18793,10940,FL-26
0,365833,18956,4999,0,15700,885,449,389,197845,14814,15468,FL-22
2333,388205,33846,6423,0,16646,1107,320,1029,242215,21666,17224,FL-09
189,324178,13588,4351,0,12571,703,171,514,309386,23055,13235,FL-19
287,320335,18026,7735,63,14878,1724,1212,852,194258,16488,18487,FL-01
113,405682,15783,3842,0,16014,935,216,250,184478,11726,11451,FL-07
133,345299,43817,4910,0,9100,1261,62,232,158734,38488,20718,FL-27
409,312196,19393,8648,0,14201,923,337,540,181063,17462,23727,GA-03
353,311492,16085,11316,0,12733,2825,1063,573,170206,15131,27613,GA-10
0,357576,20723,9531,0,18406,2231,514,191,168707,13017,14077,GA-04
61,365187,19526,7558,0,15177,3841,1218,93,144281,20705,24905,GA-05
195,317325,16483,9868,0,10685,1485,745,691,201857,19403,28735,GA-09
226,398118,26820,5504,0,12677,308,191,69,171289,14515,8090,GA-07
84,387337,10840,5363,0,15407,145,452,572,156048,6283,6383,GA-06
1313,283649,28864,6876,0,17060,1618,792,443,162805,29027,21021,GA-01
199,389307,13716,7771,0,11571,148,515,129,162867,11083,11471,GA-11
271,260230,30467,16866,0,12624,2582,2033,657,146202,23970,33148,GA-08
510,379565,20317,7458,0,13799,2355,254,1086,184178,18451,13914,ID-02
64,332356,13893,4848,0,10706,471,114,239,159705,10358,17180,HI-01
211,304121,14876,9577,0,23924,2336,1678,105,157481,20514,27167,IL-01
100,322748,19491,8687,0,22659,2269,1019,413,144090,18417,29715,IL-07
27,292258,14234,9254,0,24850,2885,1461,329,155334,12992,22566,IL-02
0,408193,18336,7743,0,11238,539,411,0,123648,11411,17630,IL-05
513,280477,28164,7822,47,13233,3280,1115,996,146959,25641,26010,IL-13
68,365826,5449,3469,0,11755,53,237,338,156557,6421,11163,IL-06
0,336486,10063,6827,0,13410,870,711,530,146791,7958,14185,IL-10
263,314410,26340,11092,74,16185,1260,506,107,124354,16405,24359,IL-04
228,338707,14666,4120,0,11862,821,282,81,158135,14900,17386,IL-09
427,284353,15315,11925,0,14053,1900,1242,1283,149299,19184,27742,IL-12
201,364442,12459,4605,73,14326,408,107,209,143554,9721,10346,IL-08
417,335525,34323,8579,0,12182,627,206,1102,159212,19455,24360,IN-09
813,304507,19765,11970,26,15492,805,1024,1138,154201,13180,25182,IN-08
674,302583,18757,8226,28,16918,1139,684,857,168357,15933,24054,IN-01
129,380462,14043,10857,0,13640,644,605,493,160611,13081,15135,IN-05
149,328014,17153,18449,0,18710,2270,3524,207,153605,16837,25306,IN-07
729,364485,18393,8334,61,13145,1241,614,1905,145217,15536,26304,IA-01
558,357330,16304,12975,0,12872,2203,1233,1783,155355,16990,29808,IA-02
423,302673,21712,9835,51,10362,702,574,1092,126641,14644,21916,KS-01
248,400044,9444,4849,0,12491,390,374,279,151352,8700,13135,KS-03
358,304384,34910,8537,26,9553,1646,324,599,137531,20371,23722,KS-02
77,345677,17788,5260,0,15472,1192,464,791,164621,21514,26348,KY-06
345,262657,19090,11294,0,12860,1529,573,394,183880,20327,36183,KY-01
129,203773,17874,9163,0,16208,1202,915,591,197816,26907,56221,KY-05
151,236308,38246,12367,0,14982,2551,1114,451,162318,41415,40098,LA-04
42,315275,29833,14307,0,23799,3460,2530,41,159608,26907,34396,LA-02
249,341625,18221,7322,59,12688,2343,1260,76,191816,17546,27849,LA-01
221,232900,33082,18785,367,12371,1979,1964,718,163731,26103,39416,LA-05
752,344198,13128,5675,0,9448,839,649,1392,148665,14463,19593,ME-01
788,278777,22097,6834,0,11035,1237,323,1799,160541,18655,28505,ME-02
604,347044,13792,5758,0,11203,510,339,611,170909,11935,22894,MD-01
34,385945,12482,5389,0,19152,476,302,344,148530,11857,14509,MD-03
159,376390,22678,6041,50,19127,1935,235,371,140723,13356,10633,MD-04
61,360964,16453,7179,0,16617,632,43,206,157617,10814,12531,MD-05
80,306972,26120,8979,0,18828,1075,1885,136,142088,26142,29498,MD-07
82,353907,10694,5784,85,18164,905,191,209,154695,11482,16354,MD-02
363,372247,18944,5178,0,14523,1220,68,462,152899,11091,15850,MD-06
164,393929,11352,4541,98,15601,784,248,305,163073,10526,9454,MD-08
249,386701,7615,4486,38,12038,1141,403,494,156397,7873,18976,MA-04
195,423888,16198,8748,0,18256,1097,863,348,132415,14604,23450,MA-07
924,366880,13410,4729,0,15684,516,439,516,153850,13264,19257,MA-02
118,359067,9059,4485,0,12832,1104,459,484,184893,14294,20146,MA-09
48,411516,15224,4258,0,13523,1549,337,313,150286,12202,15210,MA-08
185,319612,19325,11098,0,15250,825,604,700,157140,19855,25857,MA-01
674,408336,6752,5778,0,12411,345,363,854,149245,6114,14329,MA-05
597,282469,16994,8508,25,14061,1332,755,1076,186361,17083,33510,MI-01
746,337631,19074,7570,0,11941,1311,260,621,152578,15158,24734,MI-02
253,280162,15473,9335,41,21003,3595,1158,329,158682,18818,25847,MI-14
85,352231,15490,6512,0,14770,1837,208,862,154037,10643,23099,MI-03
378,264596,14099,6622,0,18869,2422,1828,816,178469,19139,27904,MI-05
406,253298,23080,6473,294,21394,2388,1966,355,148025,25481,29225,MI-13
173,357491,10765,5009,43,16494,470,489,778,169169,10727,19130,MI-09
276,355699,12771,4355,0,15062,1330,628,636,169693,10983,14144,MI-08
819,299714,22818,7761,109,9234,560,1075,1346,125113,14657,27184,MN-07
380,375303,14158,4404,0,10986,444,121,855,122658,8664,13520,MN-06
528,335196,12185,6594,0,7630,376,262,1073,121155,11378,19308,MN-01
190,388284,8435,2419,0,9744,216,0,517,144554,9197,10515,MN-03
349,382200,21578,4296,0,12858,1891,532,677,111445,16686,16334,MN-05
608,338154,17963,8610,0,13748,1168,784,529,182703,19431,25156,NC-13
477,340404,15731,6953,0,13169,1857,1145,584,184864,18886,26259,NC-09
477,360811,29081,9303,0,9191,982,233,950,122682,15819,22831,ND-00
326,334290,11357,5682,0,13559,575,469,231,161338,17169,27085,OH-02
276,270176,18752,11831,0,12417,2120,572,681,169932,18022,41549,OH-06
982,317473,16308,7939,45,11200,663,720,1045,153576,16702,22205,OH-04
320,348249,11704,9818,0,10733,939,76,674,161044,11554,21657,OH-16
156,258072,39460,6583,50,22445,8517,1141,572,133622,33250,30847,OH-11
79,327847,12707,6748,0,14271,610,327,558,171880,12270,20153,OH-08
158,364582,18242,8371,30,17769,935,751,349,176882,14072,16856,OK-01
20,353691,21852,10141,0,14471,2096,994,352,174910,18647,24392,OK-05
738,443939,14793,3318,0,19355,914,159,1089,176402,13741,15620,OR-03
637,351457,13304,4266,18,20249,1084,807,1059,238428,16565,21903,OR-04
276,247755,8256,6142,0,9822,844,931,286,110565,13661,16816,RI-01
242,280344,21608,8914,0,12562,1440,881,483,171218,22903,28924,SC-03
0,277097,29673,10524,0,14031,1674,767,90,201765,27614,32663,SC-07
621,222674,41876,11577,26,14844,3008,1596,779,140237,29925,29585,SC-06
71,307120,15644,8694,0,18233,892,945,457,180642,20038,35114,TN-03
3499,266856,22352,10611,0,14569,2277,1347,1732,180671,26730,31879,AL-01
345,277807,22541,9098,0,14731,2214,1689,1123,167994,27793,29151,AL-03
638,306111,21682,10389,0,12523,1714,467,409,183225,15454,23350,AL-05
298,259388,19179,14720,0,10760,1511,982,719,169965,20066,43694,AL-04
119,237165,22903,12682,176,14951,3012,1201,924,151756,24794,42096,AL-07
342,255933,18009,9685,0,11295,608,1312,856,164078,19959,30242,AL-02
230,321317,11691,5432,0,10527,601,371,919,167166,12006,18494,AL-06
319,303094,18510,4036,14,17127,2622,748,551,154857,16123,11797,AK-00
560,249910,30009,12985,27,14317,3536,1982,813,198618,34059,40088,AZ-01
62,311447,22197,8535,39,24080,2731,1794,731,166255,17983,20402,AZ-03
395,394394,10949,3829,0,14409,941,749,313,208037,12246,10706,AZ-05
382,287084,14615,4634,0,13269,3443,476,1540,287714,23047,22337,AZ-04
113,324984,51772,12991,0,19733,2368,108,566,152021,38407,16690,AZ-07
0,305656,14114,4610,0,14399,1010,629,529,207117,16253,17119,AZ-02
349,386877,26097,4392,0,13609,1113,206,464,212665,17692,9718,AZ-06
181,339160,8676,4337,0,15228,1075,402,856,239477,12458,10979,AZ-08
430,345561,23735,8415,0,15616,3163,396,838,187135,21259,25224,AR-03
366,321785,20930,8313,0,11362,1049,896,431,178745,18196,28522,AR-02
264,280933,14397,4717,0,21379,1673,37,191,244683,19009,19934,CA-36
130,346320,20356,7376,0,12693,1877,1853,200,150007,13095,8623,CA-46
183,343715,9604,2216,41,14629,235,0,260,172621,9058,8811,CA-33
53,391266,8649,2669,0,13431,396,337,296,179951,8049,7226,CA-15
121,342421,14478,4248,0,16015,715,635,224,165523,12288,12296,CA-47
129,293852,18628,10192,0,10642,707,999,1090,161049,16585,32240,TN-08
25,334320,26631,9439,86,10959,1312,436,484,192099,19839,32553,TN-06
173,292629,17807,26762,0,18212,1722,1514,300,155898,17066,28870,TX-29
158,293473,19950,11597,0,15027,400,1158,0,175987,22193,27083,TX-27
192,323469,15332,6074,0,12564,435,644,482,179899,15295,11383,TX-14
198,310994,29488,12732,0,12882,1411,804,640,157918,20956,20394,TX-05
485,444682,18668,6798,78,18349,1145,696,1048,176863,13595,15381,TX-10
73,378953,32923,19045,0,15205,1911,619,134,149681,25476,28403,TX-35
101,458227,9840,7250,0,15546,716,0,111,208424,10655,7859,TX-22
305,294582,29759,9054,83,8267,524,56,218,142626,21468,19907,TX-19
277,342596,31352,2892,0,11186,1663,280,363,150753,12979,6570,UT-03
555,364744,19037,2111,11,10160,298,212,511,167235,12405,10816,UT-02
173,308698,24845,7222,0,18920,2397,745,363,152862,18030,21431,VA-03
159,337092,21825,10196,0,16810,2104,840,339,153816,19884,25702,VA-04
202,322790,10099,4598,0,13427,585,425,362,148645,11044,13592,VA-02
290,325918,25118,9974,0,10412,1459,362,640,165221,18844,28701,VA-06
113,393154,8604,3814,0,13208,1251,34,0,180733,8383,7579,WA-01
159,308156,12984,4019,0,18091,797,132,1342,185431,13271,19441,WA-05
107,360060,9597,3145,0,15178,672,288,593,189647,10709,13475,WA-02
164,304488,8978,4506,27,15728,725,64,949,206346,10322,16280,WA-06
433,184868,11881,9307,68,14296,1741,1256,1328,169431,19106,38217,WV-03
388,336122,12562,6871,0,14842,398,461,736,159461,10891,19502,WI-01
859,377498,10270,6845,0,12328,172,541,717,149952,9179,22546,WI-05
675,408094,15020,5307,24,8553,451,157,1077,144757,11142,16037,WI-02
574,261431,14082,4852,0,8344,1304,426,881,124466,12874,13016,WY-00
251,297594,9506,7109,98,15013,778,411,915,165377,12762,35613,PA-14
256,350059,10564,8052,0,14078,1046,325,1060,153268,10136,16362,PA-06
1169,281651,16684,15962,30,11211,989,588,1624,156749,17297,38605,PA-12
213,383471,6130,3069,0,10337,297,221,1105,175316,8114,14707,MO-02
48,333145,16893,9578,0,16654,1277,1601,222,143371,17060,27977,MO-01
197,359862,27972,6790,71,12953,1034,565,813,153035,15794,25891,MO-05
304,322111,14081,4525,15,9004,398,325,916,112071,11316,15222,NE-01
173,343453,9289,4961,0,13068,915,502,481,112662,8448,13928,NE-02
0,299035,33404,9124,0,17681,2170,641,324,186040,22552,16689,NV-04
209,354162,11960,4789,86,10938,637,358,460,147842,7914,16006,NH-01
826,348633,8253,4339,0,17202,346,179,741,175063,10382,16770,NJ-03
46,332913,13215,7887,0,12112,720,453,696,174855,15035,21071,NJ-04
266,308940,14071,7549,0,18448,1229,1052,665,165701,14503,21061,NJ-02
0,370620,5817,2115,0,15253,485,25,626,158539,5373,9603,NJ-11
734,372310,25585,9502,47,14647,1037,403,36,137025,17198,23416,NJ-08
336,233919,29379,13997,0,15170,1128,1031,657,169305,29810,35323,NM-02
282,341745,17681,7444,0,13648,1548,697,747,153456,15990,19939,NY-20
1004,271997,15668,9328,38,10307,2055,887,1150,167238,13857,30431,NY-21
0,352033,20603,2861,0,13310,551,193,196,159633,16095,11810,NY-04
802,287481,14670,6908,0,12766,1277,115,1173,167759,13281,27747,NY-22
597,310337,14678,8273,36,10182,750,1356,950,164977,14555,26383,NY-19
470,338236,12309,8015,0,11478,505,289,1058,164043,13791,20856,NY-27
288,318153,24445,8943,0,15106,1507,651,544,146050,15801,21623,NY-14
521,312865,17301,9073,0,10948,867,1244,982,149689,13828,25858,NY-24
0,328161,12896,9742,0,13424,725,638,691,170414,10146,14872,CA-26
154,367272,10458,4037,0,14093,184,282,443,163257,8033,11907,CA-19
213,332862,11155,3548,0,12741,232,171,585,181508,10732,12579,CA-24
76,350985,11468,6775,0,20917,259,544,587,173589,13331,16718,CA-06
290,369056,6255,2828,0,16043,246,57,278,195374,7303,11284,CA-11
0,245334,14768,3719,0,22394,1056,1040,186,198390,14591,16706,CA-08
485,367068,11855,6836,56,20908,803,437,380,145697,13313,18595,CA-28
301,455663,17266,3623,0,15246,2619,98,576,139470,13926,18136,CA-12
417,323162,12500,4640,183,14179,467,243,1453,223832,13775,11707,CA-04
42,335353,14550,3095,0,18679,964,333,104,183826,14197,9811,CA-41
173,430222,7891,2181,0,15036,311,480,366,168855,7800,6954,CA-17
172,317987,19964,4546,0,14786,1118,274,668,170391,15135,15095,CA-38
811,364035,9431,4563,224,20230,285,294,1166,186736,9838,11800,CO-05
453,415963,17749,6998,0,15915,1137,190,179,157689,11737,13674,CO-07
278,432707,19611,9078,0,20346,1208,657,382,233711,17874,25833,DE-00
1149,340611,15943,5717,0,16822,592,565,886,145383,13438,18240,CT-01
922,335756,15308,6282,46,17502,1733,612,698,142860,13819,23919,CT-05
101,404695,14105,3936,0,16965,851,235,105,181149,16439,13874,FL-14
170,362689,20457,5446,0,17652,2672,192,343,268970,23900,18554,FL-16
482,350850,23190,5294,24,14906,777,331,293,201775,21065,15281,FL-15
233,326842,19783,3459,0,14149,1098,239,792,249364,25089,19401,FL-12
88,267722,22827,5550,0,12020,1112,640,524,194303,23621,19637,FL-02
200,343142,22901,7573,67,14016,1020,622,1158,222821,23093,19537,FL-21
28,370422,22985,5907,0,19212,2257,486,465,163519,14996,10529,GA-13
876,212073,27874,18430,0,20826,3855,2075,691,136857,27090,37418,GA-02
379,301880,17912,8831,0,16170,357,545,625,169875,20610,26424,GA-14
0,266793,34104,10071,0,14332,2074,1871,473,158277,28334,27946,GA-12
528,410890,16633,6741,0,10637,769,397,2239,223906,17798,20227,ID-01
135,290628,16098,9292,0,11064,1568,607,620,163164,9831,18122,HI-02
353,303934,17860,6922,0,10613,2225,532,1083,154073,17401,24234,IL-18
36,371433,6032,2593,0,12251,350,40,679,152334,6828,9207,IL-14
58,316519,13076,6647,0,15908,1490,151,567,155390,13524,21947,IL-16
444,274108,15673,10573,8,15290,1714,1479,1528,141972,18175,31281,IL-17
125,309976,13030,7772,45,18392,881,745,681,156227,18608,23024,IL-03
0,357165,17107,5661,0,14964,1180,185,204,140394,9472,13441,IL-11
658,284609,15922,9547,0,10361,772,934,932,153194,15614,31817,IL-15
343,299144,22733,13876,0,11550,698,503,1093,150772,16901,26337,IN-02
360,312759,19805,10320,0,11979,1061,260,2582,157509,15571,29111,IN-06
594,332198,18065,18790,0,11425,770,1043,825,142011,14358,29247,IN-03
470,342007,25465,6871,0,10744,1120,853,1856,155587,18521,19955,IN-04
815,338745,24462,11354,0,8135,1352,369,2112,134230,19017,28465,IA-04
154,402849,28107,9660,0,15568,1658,1017,1343,149273,15595,21651,IA-03
265,319530,18229,6834,5,14762,2671,632,343,147388,15953,17790,KS-04
617,311197,19123,9683,0,15894,999,480,1034,184615,19134,28492,KY-02
117,342667,16939,7435,58,14993,749,1256,750,164055,11596,21420,KY-03
256,340205,24336,8920,96,9642,1461,288,1275,162143,17743,23082,KY-04
468,363545,18874,6088,0,15059,1457,681,453,187042,13714,20098,LA-06
228,308966,16547,11817,0,15340,1879,1327,452,188556,16478,37011,LA-03
0,391293,13203,5625,0,13445,1469,282,723,162355,11169,16289,MA-06
181,382057,15402,8054,100,16973,1388,515,518,153185,10565,19892,MA-03
337,305541,13604,7220,0,11715,1897,239,1066,171228,16641,24425,MI-07
441,307038,25060,9539,344,11946,1509,1179,1012,164234,20029,22635,MI-06
370,324913,13207,5276,0,15884,988,522,1007,183742,12650,21756,MI-10
821,273015,19156,8762,0,13064,1514,401,1561,181084,20604,29922,MI-04
535,373422,7204,3257,49,11047,203,313,545,177035,7162,11619,MI-11
253,318096,18255,4758,0,11811,2078,52,541,168589,16234,15280,MI-12
329,377160,11869,4249,0,12831,298,98,703,124376,7976,9825,MN-02
828,298287,17727,6366,35,10239,979,684,1713,149660,15794,24941,MN-08
204,351542,11982,5699,0,11351,624,101,1046,144255,8763,16382,MN-04
155,415083,24096,5698,0,18894,1194,437,179,160766,16865,11151,AZ-09
299,254432,31064,11742,76,15527,3009,1612,930,163099,27907,37731,AR-01
358,246054,29252,14061,0,11781,927,949,487,168909,28257,41907,AR-04
337,269342,15249,6754,0,27342,1721,1071,506,173296,18925,16367,CA-16
57,356476,29892,4991,0,15540,1538,430,128,149990,19060,15232,CA-37
207,392520,7806,2559,0,25295,360,115,95,172680,5919,8260,CA-53
299,321098,24815,4330,43,16595,1988,190,346,163315,21198,13536,CA-31
79,352927,27826,7120,0,15048,771,615,306,178624,18569,25289,TN-04
567,276758,18054,10610,0,12163,1204,831,1165,160943,16614,31353,NY-23
0,316948,25074,6267,0,18072,1317,866,239,166338,21077,26492,NY-16
999,320770,20554,4966,0,13244,606,352,1594,177152,19409,24315,NY-11
430,258886,19939,7184,0,28048,2172,1378,215,161166,29456,30539,NY-15
0,340777,14635,9382,0,14645,1519,1166,576,175312,22881,31619,NY-08
44,427923,10432,2364,0,11156,249,582,155,139268,10782,15333,NY-12
156,336324,7680,7983,0,10052,129,289,730,161173,9448,17768,NY-18
0,304539,30114,12079,0,16753,2161,1280,317,156889,25210,36618,NC-01
130,326562,25054,9358,0,12869,1494,378,786,218120,22260,28382,NC-07
112,398421,21238,5955,0,21329,2468,543,223,195488,13960,20330,NC-02
82,317033,32496,13067,0,12902,1428,1092,426,179694,25778,35053,NC-06
220,286730,23056,6671,0,16372,1064,939,627,185117,17329,21818,NC-03
461,324909,22119,8495,0,15277,2018,1072,629,184965,21578,32967,NC-10
546,444256,14704,3018,0,17540,433,252,610,170214,10664,10258,NC-04
494,317031,21526,9732,59,17845,650,532,1141,178201,23687,30370,NC-05
256,360580,11073,5193,0,15107,1199,573,546,145105,11066,18160,OH-01
777,313099,27837,9757,0,11100,1327,503,1971,208917,18220,37588,NC-11
586,329058,15687,10168,0,16737,988,432,1279,181681,13379,24828,NC-08
0,457920,18617,11434,0,17796,991,883,0,157723,13807,13576,NC-12
498,299168,22396,19418,0,10363,1774,346,798,154572,19863,31790,OH-07
363,324961,14501,14794,0,12003,1115,671,1137,158833,16501,24422,OH-14
180,387179,18011,8798,62,18014,1974,2459,311,142514,12613,17222,OH-03
0,314037,11903,8313,0,15811,1570,631,295,163839,13588,22667,OH-10
761,340838,15680,6557,0,11575,826,978,654,151313,12146,21653,OH-05
126,305945,16178,7439,0,16309,1433,992,974,168647,18662,31697,OH-13
227,364597,14295,4643,0,11246,954,210,843,163738,13025,22172,OH-15
183,291632,18763,8176,0,18847,1538,715,1181,148962,22820,26381,OH-09
169,384675,10680,5029,0,11276,918,115,715,168673,9709,16101,OH-12
440,254823,33690,11994,32,12205,2619,614,1283,175996,36686,40086,OK-02
233,308886,28089,6233,0,10233,1610,247,403,173690,24725,24470,OK-03
57,335074,18508,6403,0,14292,1248,187,224,177127,21656,21177,OK-04
863,418275,15038,4395,0,16216,827,206,786,197147,13247,10077,OR-01
324,363007,21882,5146,0,21483,2034,311,803,213295,16962,15476,OR-05
1081,344401,18334,5686,159,19943,1711,216,841,219871,26276,22456,OR-02
279,264326,7041,3953,0,11010,588,214,229,110984,7661,16214,RI-02
214,345524,49307,5041,0,11578,1801,427,856,186781,27977,16692,SC-01
97,336538,16733,8036,0,13756,410,288,515,169601,15727,23928,SC-04
413,314460,18824,6422,0,13801,2773,420,583,171685,21263,22962,SC-05
194,312267,13903,5181,0,14932,1101,369,888,171279,15688,19970,SC-02
538,408357,23000,12938,103,10262,1784,1260,822,151873,17319,28439,SD-00
239,284991,21572,10713,0,13464,1471,1778,401,181856,23751,41630,TN-01
182,399307,21160,8183,0,14060,1488,843,1424,131466,11901,17532,TN-05
472,332155,14040,6900,0,15017,497,476,244,185140,18890,26312,TN-07
113,330361,26534,4573,0,10348,2117,243,582,178907,23497,27345,TN-02
0,265868,27801,25601,0,18218,3498,4032,71,128788,22137,33925,TN-09
317,280959,30966,8283,0,17613,2024,594,0,164022,31148,18938,TX-28
1181,275110,29271,10557,249,12001,2324,1033,992,158137,26279,24742,TX-01
36,379493,24202,5813,0,16188,730,813,110,154148,8666,7431,TX-07
151,392618,13293,6320,0,18366,1432,105,470,174175,9963,8533,TX-06
0,330316,35390,9921,0,10855,1603,953,69,168496,19645,20472,TX-17
364,315756,13980,6194,65,20805,829,426,759,174251,16187,20670,TX-36
0,291855,17917,9904,71,18415,588,982,0,165700,15232,21658,TX-16
177,446344,27983,4994,0,14655,886,158,187,154399,9321,5171,TX-24
99,296114,32390,12524,0,18842,1764,841,362,140324,20326,18132,TX-33
189,323961,32793,9508,0,10317,1903,164,421,171208,19784,17412,TX-11
136,284380,34799,15302,0,15900,3018,829,137,155463,37898,24256,TX-15
44,290545,36932,14926,0,10989,948,298,186,156898,27330,28436,TX-23
362,389554,18452,3645,136,14060,979,0,234,182271,19581,11222,TX-12
1032,389468,14590,4690,87,14487,446,261,974,211409,17567,15351,TX-08
206,224596,40951,16251,0,10968,2707,1185,231,142667,36292,37606,TX-34
305,294303,35772,23836,0,18309,1906,1157,418,145129,23404,40461,TX-30
400,338118,32101,16133,0,18409,2000,741,121,157027,21902,25301,TX-18
268,374625,14696,10808,0,18400,0,721,593,171030,11342,11743,TX-02
0,350600,33189,9931,0,19314,1052,1233,405,159403,24140,22626,TX-20
438,404200,28067,4412,0,13048,614,145,639,199372,14261,10005,TX-21
0,417114,16310,7118,0,24840,1079,629,220,190547,7985,9554,TX-31
330,365263,15487,8858,0,14353,795,184,593,179369,10986,13668,TX-25
199,390482,18043,5368,0,15340,393,123,247,154145,11228,7259,TX-32
0,458824,17674,2231,0,19958,78,0,110,192069,7727,5029,TX-03
430,311504,25242,10798,0,12009,993,444,323,183431,21530,26270,TX-04
19,290330,25009,8926,0,9095,982,378,428,147711,16459,20932,TX-13
0,480165,12068,3724,0,15131,129,0,169,180074,6257,5910,TX-26
31,339295,20571,16252,0,21826,1508,1201,279,162744,16419,14815,TX-09
1086,291112,23587,7292,104,9192,1489,256,1923,129181,14392,19693,VT-00
651,369429,11763,3120,0,9949,134,346,640,150279,9129,8004,UT-01
226,412306,16957,5272,0,15522,953,430,1069,145497,8529,6863,UT-04
212,377530,20650,6302,53,15132,966,143,350,177029,14917,14601,VA-01
203,435932,11882,2519,0,11848,1156,52,430,171053,9438,7606,VA-10
979,287185,31214,16183,0,11301,2170,340,894,162935,22740,42136,VA-05
58,383847,17513,6630,0,14986,726,443,569,170498,12449,17447,VA-07
0,424394,10398,2091,0,14969,458,0,486,151873,4225,4948,VA-11
757,251549,23666,10872,0,10947,1368,871,1009,179047,30237,45214,VA-09
261,441957,13597,7093,0,13366,867,444,238,141064,6375,8839,VA-08
107,330297,13286,3599,0,16610,1423,77,826,200136,16149,15065,WA-03
235,339783,14956,5337,0,17903,963,864,305,183302,10952,11869,WA-10
337,302019,14769,4117,0,18281,911,1036,683,166227,11235,17864,WA-04
69,475973,13219,2236,0,15766,630,77,717,147362,7319,11864,WA-07
130,396622,8535,3143,0,15329,575,575,347,154982,7945,9846,WA-09
385,367419,12686,2207,0,13584,931,261,877,173843,10612,8513,WA-08
698,239990,14253,7181,0,12805,1440,811,1207,156172,17410,28579,WV-01
687,248243,14306,7359,0,11253,2290,341,1114,163921,14050,31611,WV-02
581,335424,14086,9924,0,9269,619,474,2133,146415,12612,27456,WI-03
177,288398,25065,13796,0,14538,2073,486,714,138574,20831,25578,WI-04
1830,320023,21366,9977,91,8682,1550,314,3124,155568,16159,30992,WI-07
1558,345388,13023,8176,0,8731,655,177,2297,141998,9248,28688,WI-06
1051,359142,14708,8425,0,10047,1028,295,1647,144990,10753,25435,WI-08
17958,854471,80199,87590,2454,128291,13485,27140,19783,888731,156205,386216,PR-98
225,300279,25250,11546,0,13498,1017,748,378,176484,22757,39389,MS-01
35,276745,28552,10412,0,13887,1938,980,1127,162152,34051,32870,MS-03
146,277647,29518,11614,0,22815,3239,1588,729,177818,29574,34995,MS-04
128,215440,29035,19232,57,21426,4629,1678,327,145165,30107,46302,MS-02
90,329663,11379,7954,0,17954,1073,395,102,149147,11824,28350,PA-18
1007,334072,14102,9098,71,14309,1467,616,1122,155996,14470,25245,PA-07
349,284158,15771,11135,0,24621,1864,1617,352,160217,21234,27182,PA-02
213,352424,9252,7871,0,9880,575,955,493,157792,11017,23286,PA-17
88,368149,8558,3251,0,14187,981,74,561,155959,8363,14657,PA-01
991,297362,13716,14235,56,9420,611,198,1653,159651,13324,36428,PA-13
270,286566,12725,11054,0,14002,675,300,1235,157251,14558,29190,PA-16
1213,308741,11624,6685,15,14911,560,673,1584,169023,13043,26743,PA-08
245,349732,12555,10576,0,11458,1051,753,915,150385,11706,25047,PA-10
1259,337602,13524,19169,0,9881,578,204,1634,144102,14611,29279,PA-11
581,315574,14332,9367,25,11308,732,498,1391,146347,14121,33766,PA-09
129,375690,6661,2743,0,12388,377,295,344,151151,10913,13713,PA-04
645,277053,15715,12202,27,9883,1071,1234,2156,154640,14779,40742,PA-15
124,326461,14205,6365,0,18455,610,1075,338,155209,11111,17272,PA-05
463,320870,17159,9100,0,25007,2247,2529,510,157988,17750,32407,PA-03
289,316320,24504,12176,0,11637,1350,895,1474,180443,22071,36507,MO-07
268,339876,20651,8544,325,10661,1227,260,1302,160489,19497,25180,MO-06
625,281827,18085,10254,0,13834,905,733,1071,175027,25077,37063,MO-08
293,371077,18189,5710,30,11567,932,605,1143,174877,13834,18632,MO-03
842,307716,27189,10936,0,13768,748,276,1330,171245,20887,25839,MO-04
1796,475831,25437,9976,92,18289,1665,932,2856,244421,23930,33730,MT-00
1447,273762,15388,9142,190,6123,858,527,1182,107762,14110,24066,NE-03
50,279850,37309,12104,48,17430,2944,254,338,153236,27629,25167,NV-01
168,416585,20493,3697,0,18380,1457,30,272,200550,16131,13451,NV-03
212,342140,18297,5182,100,15109,1066,295,756,175283,10739,15284,NV-02
653,335118,11565,7700,13,9381,353,97,967,147127,10393,16499,NH-02
229,348611,11369,5873,71,19268,334,278,830,152554,11729,20878,NJ-01
45,342500,17699,7767,0,23184,3337,980,286,148018,18047,25381,NJ-10
347,365657,5815,2669,0,12698,220,444,719,174845,6689,15051,NJ-05
216,381426,5114,4151,0,18175,271,30,542,158675,5382,13288,NJ-07
89,376915,10394,7091,0,15078,844,233,160,164260,10359,20775,NJ-09
235,354245,15742,5366,0,13859,947,389,755,152247,13994,13789,NJ-06
36,347035,12646,4028,0,21228,1216,423,287,168541,13391,14293,NJ-12
1484,291853,26446,6886,0,15289,1826,376,710,164055,19000,22663,NM-01
1330,247145,29084,19480,0,13425,2123,1445,883,156464,31359,41405,NM-03
78,366388,7759,3275,0,9851,100,158,257,159728,7844,10108,NY-02
455,331392,13588,5974,0,15285,1044,280,531,152728,14470,23353,NY-25
148,358070,7261,1914,0,11228,956,63,212,186628,8762,12925,NY-03
150,359958,12894,12109,0,13262,459,268,676,136395,12145,30047,NY-10
0,347436,10332,10796,0,25277,2284,1472,256,148034,15441,36481,NY-13
183,321983,12547,8765,0,11678,1276,601,332,156097,13532,29271,NY-26
242,328043,16380,10958,0,15055,1106,732,139,154348,15071,24042,NY-09
89,344364,7753,5736,0,12220,102,0,346,168315,6543,16910,NY-01
491,311385,24024,12880,0,15514,909,552,319,135332,22080,28066,NY-07
57,339470,9805,9812,0,16809,441,700,674,159162,8431,15449,NY-17
1243,324462,22591,5899,0,11915,991,258,318,172165,16826,24115,NY-06
164,336986,17475,6871,50,20245,1546,825,413,181490,18420,17606,NY-05
